id,Player,Nation,Pos,Squad,Age,Born,90s,Touches,Def Pen,Def 3rd,Mid 3rd,Att 3rd,Att Pen,Live,Att,Succ,Succ%,Tkld,Tkld%,Carries,TotDist,PrgDist,PrgC,1/3,CPA,Mis,Dis,Rec,PrgR,Matches
5bc43860,Brenden Aaronson,us USA,"MF,FW",Leeds United,22-170,2000,23.8,1038,11,104,444,512,65,1038,92,33,35.9,44,47.8,624,3392,1425,40,31,13,65,71,703,134,Matches
f2bf1b0f,Che Adams,sct SCO,FW,Southampton,26-271,1996,20.8,663,26,63,265,347,94,663,30,15,50.0,11,36.7,371,1482,428,14,10,9,64,23,510,96,Matches
2b09d998,Tyler Adams,us USA,MF,Leeds United,24-055,1999,24.0,1628,44,376,1010,254,5,1628,22,7,31.8,12,54.5,818,3342,1555,19,21,0,28,18,919,20,Matches
c81d773d,Tosin Adarabioyo,eng ENG,DF,Fulham,25-198,1997,14.2,884,137,446,413,31,10,884,3,2,66.7,1,33.3,462,2593,1633,11,9,0,2,4,547,3,Matches
288e1e13,Nayef Aguerd,ma MAR,DF,West Ham,27-011,1996,11.7,626,94,356,250,26,15,626,6,4,66.7,0,0.0,378,1478,766,2,1,0,7,4,403,4,Matches
a6c58494,Naouirou Ahamada,fr FRA,"MF,FW",Crystal Palace,21-012,2002,1.0,63,0,12,35,16,4,63,2,1,50.0,1,50.0,31,177,70,1,2,1,5,0,38,11,Matches
9b398aea,Rayan Aït Nouri,dz ALG,DF,Wolves,21-308,2001,11.5,709,39,224,263,232,28,709,45,24,53.3,18,40.0,378,2150,1216,30,13,10,27,10,430,76,Matches
a8c0acb7,Kristoffer Ajer,no NOR,DF,Brentford,24-358,1998,8.5,412,45,184,167,64,9,412,7,1,14.3,4,57.1,213,1123,613,10,5,0,3,8,231,12,Matches
89ac64a6,Manuel Akanji,ch SUI,DF,Manchester City,27-265,1995,20.1,1740,104,647,970,128,25,1740,5,3,60.0,1,20.0,1224,6905,4191,21,34,0,8,2,1353,10,Matches
eaeca114,Nathan Aké,nl NED,DF,Manchester City,28-051,1995,18.7,1760,77,570,987,212,27,1760,5,3,60.0,1,20.0,1105,4917,2994,22,15,3,16,0,1342,28,Matches
b827d5b3,Marc Albrighton,eng ENG,"FW,MF",Leicester City,33-143,1989,2.6,173,6,33,61,79,5,173,2,2,100.0,0,0.0,83,391,147,4,4,0,4,2,116,18,Matches
77e84962,Thiago Alcántara,es ESP,MF,Liverpool,31-364,1991,13.2,1154,41,262,722,175,7,1154,29,20,69.0,4,13.8,649,3387,1586,12,18,0,12,19,826,23,Matches
4abac767,Carlos Alcaraz,ar ARG,"MF,FW",Southampton,20-131,2002,4.8,208,9,35,116,59,9,208,12,6,50.0,3,25.0,133,613,325,9,11,1,17,12,141,16,Matches
cd1acf9d,Trent Alexander-Arnold,eng ENG,DF,Liverpool,24-185,1998,23.5,2213,70,534,1097,596,33,2213,21,17,81.0,3,14.3,1182,4323,2153,33,24,6,27,16,1383,115,Matches
7a2e46a8,Alisson,br BRA,GK,Liverpool,30-190,1992,29.0,1226,921,1196,31,0,0,1226,1,1,100.0,0,0.0,778,3671,2315,0,0,0,1,0,720,0,Matches
cea4ee8f,Dele Alli,eng ENG,MF,Everton,26-364,1996,0.4,20,0,1,8,11,2,20,1,0,0.0,1,100.0,11,30,3,0,0,0,3,1,14,1,Matches
862a1c15,Miguel Almirón,py PAR,FW,Newcastle Utd,29-059,1994,22.0,1017,19,114,326,596,96,1017,62,24,38.7,27,43.5,646,4309,1865,62,34,21,35,18,712,206,Matches
15ab5a2b,Julián Álvarez,ar ARG,"FW,MF",Manchester City,23-069,2000,9.6,371,6,23,153,198,52,370,16,10,62.5,5,31.3,210,1197,519,22,7,12,16,13,275,56,Matches
1a4ef233,Daniel Amartey,gh GHA,DF,Leicester City,28-110,1994,17.9,1279,185,658,578,46,9,1279,5,2,40.0,2,40.0,779,3720,2275,23,11,0,8,4,909,5,Matches
e34fc66d,Joachim Andersen,dk DEN,DF,Crystal Palace,26-314,1996,23.4,1742,310,986,699,64,28,1742,8,5,62.5,3,37.5,948,4600,2435,5,4,2,8,2,1117,6,Matches
de31038e,Elliot Anderson,sct SCO,"FW,MF",Newcastle Utd,20-155,2002,2.2,154,2,23,52,84,29,154,19,5,26.3,9,47.4,89,642,335,16,6,8,4,8,97,19,Matches
e4238fb1,Jaidon Anthony,eng ENG,"MF,FW",Bournemouth,23-130,1999,11.7,594,15,116,220,264,30,594,40,12,30.0,27,67.5,348,2004,796,23,20,11,21,15,381,64,Matches
ac05f970,Michail Antonio,jm JAM,FW,West Ham,33-013,1990,14.5,433,11,31,193,217,58,433,43,15,34.9,22,51.2,281,1769,800,30,20,13,54,34,350,87,Matches
99127249,Antony,br BRA,FW,Manchester Utd,23-045,2000,14.2,729,7,103,246,400,51,729,53,16,30.2,30,56.6,528,3349,1757,64,45,20,25,8,553,111,Matches
05e8ca6d,Cameron Archer,eng ENG,"FW,MF",Aston Villa,21-263,2001,0.5,15,0,1,8,7,3,15,1,1,100.0,0,0.0,15,114,72,3,1,1,2,3,13,3,Matches
2f965a72,Alphonse Areola,fr FRA,GK,West Ham,30-042,1993,3.4,98,91,98,0,0,0,98,0,0,,0,,53,253,153,0,0,0,0,0,42,0,Matches
328f7d51,Joe Aribo,ng NGA,"MF,FW",Southampton,26-263,1996,12.2,517,11,79,238,212,45,517,38,16,42.1,21,55.3,272,1184,586,17,10,7,32,18,323,58,Matches
68c720b5,Adam Armstrong,eng ENG,FW,Southampton,26-059,1997,12.3,398,7,56,153,198,40,398,32,8,25.0,20,62.5,228,2102,896,37,24,10,20,19,240,59,Matches
97333cf5,Stuart Armstrong,sct SCO,"MF,FW",Southampton,31-011,1992,12.3,681,16,106,310,275,29,681,42,16,38.1,19,45.2,426,3001,1537,44,38,5,24,19,480,65,Matches
28d596a0,Kepa Arrizabalaga,es ESP,GK,Chelsea,28-189,1994,21.5,825,644,812,13,0,0,825,0,0,,0,,488,2201,1298,0,0,0,1,0,437,0,Matches
d5dd5f1f,Pierre-Emerick Aubameyang,ga GAB,FW,Chelsea,33-296,1989,5.2,135,6,15,57,66,18,135,5,3,60.0,2,40.0,78,497,244,8,6,3,10,4,98,24,Matches
9fec8860,Ludwig Augustinsson,se SWE,DF,Aston Villa,28-354,1994,0.9,51,3,19,15,17,2,51,1,0,0.0,1,100.0,29,180,27,0,2,0,0,0,21,3,Matches
5c2b4f07,Serge Aurier,ci CIV,DF,Nott'ham Forest,30-107,1992,15.9,1017,77,365,429,234,10,1017,22,11,50.0,6,27.3,439,2042,1218,33,23,0,23,14,476,42,Matches
e5478b87,Taiwo Awoniyi,ng NGA,FW,Nott'ham Forest,25-241,1997,8.8,253,10,35,101,122,32,253,17,5,29.4,9,52.9,149,843,355,11,10,6,40,17,165,36,Matches
f173303a,Yasin Ayari,se SWE,MF,Brighton,19-186,2003,0.1,12,0,2,7,3,0,12,0,0,,0,,9,39,25,0,0,0,0,0,10,0,Matches
5dbefa9d,André Ayew,gh GHA,"FW,MF",Nott'ham Forest,33-114,1989,2.9,85,9,12,40,33,8,84,4,1,25.0,2,50.0,33,225,84,3,3,2,3,4,52,15,Matches
da052c14,Jordan Ayew,gh GHA,"FW,MF",Crystal Palace,31-211,1991,22.2,983,41,153,466,389,59,983,102,39,38.2,44,43.1,575,3616,1544,56,31,19,74,60,665,120,Matches
420d7c7d,Luke Ayling,eng ENG,DF,Leeds United,31-228,1991,16.8,1077,58,378,434,280,43,1077,27,10,37.0,15,55.6,480,2156,1088,19,14,4,20,9,531,67,Matches
53cad200,César Azpilicueta,es ESP,DF,Chelsea,33-225,1989,12.3,950,66,332,387,236,18,950,9,5,55.6,4,44.4,458,1959,1163,17,14,0,8,3,574,60,Matches
06df8256,Benoît Badiashile,fr FRA,DF,Chelsea,22-015,2001,7.1,657,69,330,318,15,7,657,2,0,0.0,2,100.0,453,2176,1318,9,1,0,1,1,482,1,Matches
3a233281,Leon Bailey,jm JAM,"FW,MF",Aston Villa,25-244,1997,19.3,728,13,78,246,417,76,728,95,34,35.8,50,52.6,467,3615,1524,76,29,33,42,51,509,166,Matches
32e8417f,Stefan Bajcetic,es ESP,MF,Liverpool,18-170,2004,5.8,324,6,66,189,74,5,324,16,7,43.8,4,25.0,175,990,450,10,7,0,7,6,204,1,Matches
93feac6e,Patrick Bamford,eng ENG,FW,Leeds United,29-217,1993,12.5,410,13,26,193,197,63,409,24,6,25.0,15,62.5,211,914,353,14,13,10,42,15,287,78,Matches
2886c9b5,Shandon Baptiste,gd GRN,MF,Brentford,25-002,1998,5.6,300,10,67,155,84,6,300,12,6,50.0,2,16.7,202,913,436,8,12,3,16,7,200,22,Matches
3ea50f67,Harvey Barnes,eng ENG,"FW,MF",Leicester City,25-122,1997,25.4,969,11,96,378,511,109,969,76,20,26.3,47,61.8,619,4387,2295,85,67,39,66,36,770,228,Matches
c91441dc,Gavin Bazunu,ie IRL,GK,Southampton,21-049,2002,30.0,1171,845,1153,18,0,0,1171,0,0,,0,,704,3471,1925,0,0,0,0,0,570,0,Matches
30db8574,Mads Bech Sørensen,dk DEN,"DF,MF",Brentford,24-093,1999,0.2,14,1,4,8,2,0,14,0,0,,0,,2,3,0,0,0,0,0,0,5,0,Matches
4115ce4e,Jan Bednarek,pl POL,DF,Southampton,26-363,1996,11.1,667,108,376,271,23,12,667,0,0,,0,,330,1228,606,3,1,0,2,1,327,2,Matches
4115ce4e,Jan Bednarek,pl POL,DF,Aston Villa,26-363,1996,1.1,79,9,39,40,1,0,79,0,0,,0,,47,291,177,1,0,0,0,0,53,0,Matches
50dc94ce,Donny van de Beek,nl NED,MF,Manchester Utd,25-357,1997,1.9,72,1,3,23,46,11,72,3,2,66.7,1,33.3,39,148,85,2,3,0,2,2,53,20,Matches
7b4de647,Asmir Begović,ba BIH,GK,Everton,35-294,1987,1.0,33,31,33,0,0,0,33,0,0,,0,,19,75,47,0,0,0,0,0,13,0,Matches
a39d11bc,Armel Bella Kotchap,de GER,DF,Southampton,21-120,2001,17.5,978,156,523,421,40,20,978,10,3,30.0,3,30.0,557,2854,1464,7,9,2,9,6,542,2,Matches
5a04fd92,Saïd Benrahma,dz ALG,"FW,MF",West Ham,27-243,1995,17.9,863,13,106,306,466,66,860,99,37,37.4,46,46.5,556,4210,2076,84,45,29,46,32,640,191,Matches
3b8674e6,Rodrigo Bentancur,uy URU,MF,Tottenham,25-289,1997,16.7,1071,52,295,612,175,19,1071,34,21,61.8,11,32.4,581,3001,1444,26,14,1,22,17,732,19,Matches
505486d6,Victor Bernth Kristiansen,dk DEN,DF,Leicester City,20-115,2002,6.5,414,23,150,181,87,4,414,11,6,54.5,2,18.2,193,1096,563,15,6,0,6,5,207,17,Matches
87966294,Owen Bevan,wls WAL,DF,Bournemouth,19-166,2003,0.1,3,0,3,0,0,0,3,0,0,,0,,1,0,0,0,0,0,0,0,1,0,Matches
de40e38c,Giulian Biancone,fr FRA,DF,Nott'ham Forest,23-010,2000,0.2,25,2,19,5,1,0,25,0,0,,0,,10,76,61,2,1,0,0,0,13,1,Matches
d328a254,Philip Billing,dk DEN,"MF,FW",Bournemouth,26-303,1996,24.6,1088,67,277,494,332,54,1088,38,19,50.0,13,34.2,563,2869,1344,31,23,6,33,28,665,76,Matches
6c203af0,Yves Bissouma,ml MLI,MF,Tottenham,26-223,1996,9.0,639,17,127,411,102,1,639,7,5,71.4,2,28.6,371,2011,816,10,8,0,13,5,465,7,Matches
a4ac4b8f,Willy Boly,ci CIV,DF,Nott'ham Forest,32-066,1991,6.6,324,60,221,91,14,8,324,2,1,50.0,0,0.0,157,741,352,1,1,0,2,0,168,0,Matches
ccce7025,Sven Botman,nl NED,DF,Newcastle Utd,23-088,2000,25.7,1547,267,909,580,66,41,1547,1,1,100.0,0,0.0,860,4028,2152,7,4,2,7,2,994,3,Matches
79c84d1c,Jarrod Bowen,eng ENG,"FW,MF",West Ham,26-111,1996,28.9,1057,17,139,360,564,129,1055,95,32,33.7,40,42.1,588,4451,1693,81,36,45,56,48,638,180,Matches
c07b7c5c,James Bree,eng ENG,DF,Southampton,25-181,1997,2.2,140,7,29,44,67,2,140,2,1,50.0,1,50.0,61,220,85,3,3,0,2,1,67,11,Matches
97220da2,Armando Broja,al ALB,FW,Chelsea,21-212,2001,3.3,110,2,7,41,63,16,110,15,8,53.3,5,33.3,54,399,199,8,1,5,15,9,71,17,Matches
dc4cae05,David Brooks,wls WAL,"DF,FW",Bournemouth,25-276,1997,0.3,7,2,3,2,2,1,7,0,0,,0,,4,9,1,0,0,0,0,1,5,1,Matches
a2081c6b,Lewis Brunt,eng ENG,DF,Leicester City,22-155,2000,0.3,23,1,8,12,3,0,23,0,0,,0,,9,30,4,0,0,0,0,0,13,2,Matches
7b5ab7f2,Bryan,es ESP,"MF,FW",Tottenham,22-058,2001,1.6,80,1,13,30,37,2,80,5,2,40.0,3,60.0,55,337,145,4,3,0,5,3,61,15,Matches
66b76d44,Emi Buendía,ar ARG,"MF,FW",Aston Villa,26-106,1996,20.8,1053,29,167,507,389,63,1053,44,20,45.5,20,45.5,657,3102,1503,45,30,16,43,45,761,104,Matches
bfc3b3a0,Hugo Bueno,es ESP,DF,Wolves,20-204,2002,11.8,691,43,271,220,206,13,691,29,12,41.4,12,41.4,333,2316,1219,43,26,4,15,9,366,56,Matches
468a7a91,Facundo Buonanotte,ar ARG,"FW,MF",Brighton,18-108,2004,0.6,29,0,1,9,20,4,29,0,0,,0,,26,133,65,2,2,0,1,1,26,3,Matches
b2d31e83,Dan Burn,eng ENG,DF,Newcastle Utd,30-336,1992,27.5,1607,139,638,702,276,48,1607,19,8,42.1,9,47.4,704,3331,1698,23,18,4,24,6,857,34,Matches
85322440,Cafú,pt POR,MF,Nott'ham Forest,30-043,1993,0.1,3,1,2,1,0,0,3,0,0,,0,,2,12,7,0,0,0,0,0,1,0,Matches
16264a81,Moisés Caicedo,ec ECU,MF,Brighton,21-159,2001,26.1,1904,66,417,1107,405,19,1904,37,20,54.1,15,40.5,1111,4598,2086,23,23,5,31,19,1396,38,Matches
a8748947,Tom Cairney,sct SCO,MF,Fulham,32-080,1991,6.0,539,2,77,259,213,19,539,12,5,41.7,5,41.7,362,2041,1014,24,20,6,14,13,415,33,Matches
94f8d10c,Duje Ćaleta-Car,hr CRO,DF,Southampton,26-205,1996,9.0,584,113,364,211,12,7,584,0,0,,0,,323,1593,824,3,1,0,1,1,361,0,Matches
59e6e5bf,Dominic Calvert-Lewin,eng ENG,FW,Everton,26-025,1997,8.1,225,6,17,99,115,36,225,18,10,55.6,6,33.3,115,610,223,11,5,8,24,11,176,30,Matches
6f711f67,Chem Campbell,wls WAL,"FW,MF",Wolves,20-101,2002,0.8,47,1,6,19,23,5,47,4,2,50.0,2,50.0,39,303,70,2,6,1,3,6,36,10,Matches
bd6351cd,João Cancelo,pt POR,DF,Manchester City,28-318,1994,14.2,1363,20,225,686,461,47,1363,60,30,50.0,23,38.3,838,4860,2808,72,39,21,18,14,1020,125,Matches
4506aec5,Thomas Cannon,ie IRL,FW,Everton,20-103,2002,0.3,8,0,0,2,6,4,8,1,0,0.0,0,0.0,6,34,7,1,0,0,0,0,7,2,Matches
1137759d,Sergi Canós,es ESP,"FW,DF",Brentford,26-067,1997,0.9,57,1,13,25,20,2,57,6,4,66.7,2,33.3,29,206,111,4,2,0,0,0,36,7,Matches
b4a014b1,Diego Carlos,br BRA,DF,Aston Villa,30-026,1993,2.0,140,8,49,85,9,4,140,0,0,,0,,92,284,150,0,2,0,2,0,100,0,Matches
966e28d0,Fabio Carvalho,pt POR,"MF,FW",Liverpool,20-223,2002,3.8,187,2,31,70,89,26,187,5,2,40.0,2,40.0,118,520,212,7,8,2,10,15,140,26,Matches
4d224fe8,Casemiro,br BRA,MF,Manchester Utd,31-046,1992,14.9,1129,72,339,613,188,14,1129,13,5,38.5,5,38.5,537,1777,821,8,12,0,14,10,710,24,Matches
2389cdc2,Matty Cash,pl POL,DF,Aston Villa,25-246,1997,18.2,1131,69,382,507,252,11,1131,30,15,50.0,7,23.3,581,3011,1633,41,32,4,22,7,630,56,Matches
197640fd,Timothy Castagne,be BEL,DF,Leicester City,27-126,1995,28.2,1834,119,652,765,425,45,1834,25,10,40.0,12,48.0,810,3313,1625,35,21,5,26,13,1039,122,Matches
e28868f3,Jonny Castro,es ESP,DF,Wolves,29-038,1994,14.0,1004,53,343,444,227,13,1004,32,14,43.8,15,46.9,499,2623,1495,24,18,4,16,13,600,46,Matches
9cfbad36,Julio César Enciso,py PAR,"FW,MF",Brighton,19-077,2004,2.2,98,0,3,40,58,12,98,11,6,54.5,3,27.3,64,388,256,7,7,4,7,9,68,15,Matches
422862ea,Nathaniel Chalobah,eng ENG,MF,Fulham,28-119,1994,0.1,11,4,5,3,3,1,11,0,0,,0,,6,16,8,0,1,0,1,1,8,0,Matches
5515376c,Trevoh Chalobah,eng ENG,DF,Chelsea,23-279,1999,11.3,808,80,398,356,56,10,808,4,2,50.0,1,25.0,483,1783,941,9,6,0,5,4,554,9,Matches
dc6f5bdd,Calum Chambers,eng ENG,"DF,MF",Aston Villa,28-080,1995,3.2,197,25,106,72,21,1,197,0,0,,0,,116,661,446,3,4,0,1,1,124,0,Matches
d2424d1b,Ben Chilwell,eng ENG,"DF,MF",Chelsea,26-110,1996,11.8,875,14,210,327,341,26,875,18,7,38.9,10,55.6,490,2518,1359,34,27,7,20,15,553,115,Matches
26ce2263,Ryan Christie,sct SCO,"MF,FW",Bournemouth,28-047,1995,14.0,630,26,130,284,226,36,630,55,21,38.2,30,54.5,372,2277,961,25,21,7,33,29,390,44,Matches
b2f9c73e,Carney Chukwuemeka,eng ENG,"MF,FW",Chelsea,19-172,2003,2.6,162,5,31,62,71,12,162,9,4,44.4,5,55.6,98,701,454,13,3,1,10,3,106,16,Matches
73341ace,Bobby Clark,eng ENG,MF,Liverpool,18-062,2005,0.1,7,0,0,0,7,1,7,1,0,0.0,1,100.0,3,3,0,0,0,0,2,0,3,2,Matches
0442183b,Nathaniel Clyne,eng ENG,DF,Crystal Palace,32-005,1991,18.2,971,44,313,475,186,3,971,12,5,41.7,5,41.7,423,1778,896,14,10,1,12,3,531,29,Matches
2928dca2,Conor Coady,eng ENG,DF,Everton,30-044,1993,21.9,1299,224,753,525,29,10,1299,3,0,0.0,2,66.7,842,3969,2350,4,4,0,6,2,934,1,Matches
963a9201,Jack Colback,eng ENG,MF,Nott'ham Forest,33-168,1989,5.5,189,16,65,100,27,1,189,4,3,75.0,0,0.0,75,404,210,5,5,0,5,1,88,3,Matches
0420d84f,Séamus Coleman,ie IRL,DF,Everton,34-181,1988,17.9,945,81,331,397,223,20,945,34,15,44.1,15,44.1,440,1958,858,13,10,3,29,6,461,34,Matches
a8c19eb8,Nathan Collins,ie IRL,DF,Wolves,21-345,2001,17.5,1185,176,695,454,43,12,1185,7,6,85.7,0,0.0,645,3166,1669,11,9,2,9,6,812,5,Matches
700783e7,Levi Colwill,eng ENG,DF,Brighton,20-043,2003,7.9,700,80,335,335,32,3,700,0,0,,0,,455,2495,1503,11,6,0,2,2,505,3,Matches
2afc7272,Lewis Cook,eng ENG,MF,Bournemouth,26-066,1997,17.3,831,59,251,426,165,9,831,18,7,38.9,9,50.0,368,1944,744,9,15,1,14,14,448,8,Matches
3e5e4e63,Steve Cook,eng ENG,DF,Nott'ham Forest,31-356,1991,10.6,559,100,321,220,19,10,559,1,1,100.0,0,0.0,284,1293,577,1,3,0,3,2,350,0,Matches
dc64b8b3,Liam Cooper,sct SCO,DF,Leeds United,31-223,1991,12.5,753,81,394,336,29,18,753,3,1,33.3,0,0.0,361,1650,714,1,2,0,8,1,398,1,Matches
beb391dd,Maxwel Cornet,ci CIV,FW,West Ham,26-195,1996,1.4,61,0,7,22,32,6,61,2,1,50.0,1,50.0,37,132,58,4,1,2,4,2,46,18,Matches
a190d597,Diego Costa,es ESP,FW,Wolves,34-185,1988,8.9,202,11,22,77,105,44,202,5,2,40.0,3,60.0,109,627,204,13,4,8,13,10,142,43,Matches
fdf3cb77,Vladimír Coufal,cz CZE,DF,West Ham,30-231,1992,17.2,1062,68,301,426,338,15,1062,14,2,14.3,5,35.7,430,2628,1387,44,29,1,18,12,520,79,Matches
0ef89a37,Philippe Coutinho,br BRA,"MF,FW",Aston Villa,30-302,1992,8.8,500,2,34,259,213,24,500,34,14,41.2,15,44.1,309,1747,739,18,28,5,23,17,369,68,Matches
a5ca9127,Conor Coventry,ie IRL,"MF,FW",West Ham,23-016,2000,0.0,0,0,0,0,0,0,0,0,0,,0,,0,0,0,0,0,0,0,0,0,0,Matches
4f974391,Aaron Cresswell,eng ENG,DF,West Ham,33-116,1989,18.6,1279,74,400,538,346,9,1279,7,2,28.6,4,57.1,604,2712,1347,28,21,1,5,6,768,69,Matches
1daec722,Marc Cucurella,es ESP,DF,Chelsea,24-262,1998,18.6,1490,63,470,672,358,12,1490,14,5,35.7,6,42.9,787,3205,1797,30,20,2,14,6,906,65,Matches
dc62b55d,Matheus Cunha,br BRA,FW,Wolves,23-318,1999,6.6,230,8,40,100,95,35,230,21,12,57.1,7,33.3,119,724,291,9,4,5,23,7,131,31,Matches
ca45605e,Patson Daka,zm ZAM,FW,Leicester City,24-183,1998,10.8,329,12,30,130,172,46,329,15,7,46.7,6,40.0,156,862,379,14,8,7,38,16,214,64,Matches
d9565625,Diogo Dalot,pt POR,DF,Manchester Utd,24-023,1999,18.9,1334,101,468,561,312,31,1334,30,18,60.0,7,23.3,683,3509,1754,40,22,12,14,5,782,61,Matches
215f3907,Mikkel Damsgaard,dk DEN,"MF,FW",Brentford,22-281,2000,7.3,355,7,67,177,115,15,355,15,6,40.0,6,40.0,183,682,375,6,7,1,10,3,207,31,Matches
a816dbfb,Danilo,br BRA,MF,Nott'ham Forest,21-346,2001,4.1,155,7,43,82,35,5,155,14,10,71.4,3,21.4,81,427,235,6,5,2,12,4,81,8,Matches
f08490a6,Arnaut Danjuma,nl NED,"MF,FW",Tottenham,26-069,1997,0.3,16,1,2,9,5,0,16,3,2,66.7,1,33.3,8,66,46,2,2,0,1,1,13,6,Matches
60344e4f,Josh Dasilva,eng ENG,MF,Brentford,24-169,1998,13.8,673,14,128,304,250,26,673,47,26,55.3,14,29.8,469,2939,1390,51,35,6,27,25,492,49,Matches
44781702,Ben Davies,wls WAL,DF,Tottenham,29-351,1993,20.3,1232,78,429,628,178,26,1232,11,4,36.4,6,54.5,719,3819,2360,30,29,3,11,5,866,54,Matches
9228b07c,Tom Davies,eng ENG,MF,Everton,24-284,1998,5.7,295,12,70,174,53,14,295,6,3,50.0,3,50.0,140,569,247,2,1,0,15,3,190,11,Matches
3e9e06cb,Craig Dawson,eng ENG,DF,West Ham,32-339,1990,8.0,380,53,211,142,28,14,380,1,0,0.0,1,100.0,193,1042,600,0,5,0,2,4,216,1,Matches
3e9e06cb,Craig Dawson,eng ENG,DF,Wolves,32-339,1990,9.2,674,117,384,271,22,11,674,1,1,100.0,0,0.0,404,1613,825,2,3,0,4,1,475,1,Matches
e46012d4,Kevin De Bruyne,be BEL,MF,Manchester City,31-286,1991,23.5,1596,12,88,622,907,89,1596,50,27,54.0,16,32.0,961,4995,2999,93,70,15,36,24,1235,214,Matches
11f54bd5,Siriki Dembélé,ci CIV,"FW,MF",Bournemouth,26-215,1996,1.2,71,1,10,30,33,3,71,10,6,60.0,3,30.0,47,311,160,5,2,1,9,5,50,11,Matches
5a7301ae,Leander Dendoncker,be BEL,MF,Aston Villa,27-360,1995,4.3,203,12,57,115,31,5,203,4,2,50.0,2,50.0,89,389,180,1,4,0,5,1,112,1,Matches
5a7301ae,Leander Dendoncker,be BEL,MF,Wolves,27-360,1995,2.4,128,6,33,75,21,5,128,2,1,50.0,1,50.0,60,205,77,1,0,0,2,2,77,3,Matches
2c44a35d,Emmanuel Dennis,ng NGA,"FW,MF",Nott'ham Forest,25-146,1997,7.6,316,5,51,110,167,40,316,49,17,34.7,24,49.0,198,1404,767,21,14,8,30,23,208,60,Matches
9d8cf204,Halil Dervişoğlu,tr TUR,MF,Brentford,23-123,1999,0.1,1,0,0,0,1,0,1,0,0,,0,,2,13,0,0,0,1,0,1,2,0,Matches
5c74c0f5,Kiernan Dewsbury-Hall,eng ENG,MF,Leicester City,24-216,1998,23.5,1364,40,255,734,398,44,1364,62,32,51.6,24,38.7,815,4653,2244,60,30,14,65,28,952,83,Matches
11ff3d56,Ibrahima Diallo,fr FRA,MF,Southampton,24-033,1999,9.0,496,17,125,308,74,4,496,13,8,61.5,5,38.5,286,1445,710,9,4,0,16,9,294,6,Matches
31c69ef1,Rúben Dias,pt POR,DF,Manchester City,25-331,1997,17.2,1705,136,671,969,71,20,1705,6,5,83.3,0,0.0,1119,6067,3677,8,16,1,1,2,1352,1,Matches
4a1a9578,Luis Díaz,co COL,FW,Liverpool,26-087,1997,6.8,338,3,23,147,172,45,338,29,14,48.3,11,37.9,244,1586,624,21,14,12,14,24,284,72,Matches
ac861941,Eric Dier,eng ENG,DF,Tottenham,29-085,1994,27.3,2014,336,1189,760,73,22,2014,5,3,60.0,2,40.0,1229,5612,2632,8,8,1,9,3,1431,12,Matches
1b84dbe1,Lucas Digne,fr FRA,DF,Aston Villa,29-264,1993,14.4,964,56,327,347,296,21,964,16,1,6.3,11,68.8,496,2082,1115,24,11,1,16,11,564,77,Matches
a712ca2b,Issa Diop,fr FRA,DF,Fulham,26-091,1997,16.7,1188,125,575,600,25,8,1188,4,2,50.0,1,25.0,742,4929,3177,10,5,0,5,1,812,3,Matches
254147d4,Moussa Djenepo,ml MLI,"DF,FW",Southampton,24-299,1998,6.7,313,13,85,141,91,12,313,35,16,45.7,14,40.0,171,1272,683,24,10,3,13,4,159,34,Matches
733f1a7d,Ben Doak,sct SCO,FW,Liverpool,17-150,2005,0.3,22,0,4,10,10,2,22,4,0,0.0,4,100.0,16,182,51,1,3,2,1,0,15,4,Matches
d557d734,Matt Doherty,ie IRL,"DF,MF",Tottenham,31-084,1992,7.4,500,27,144,184,172,24,500,12,5,41.7,4,33.3,247,953,443,16,5,2,12,3,306,57,Matches
67ac5bb8,Gabriel Dos Santos,br BRA,DF,Arsenal,25-112,1997,29.9,2192,253,897,1134,171,44,2192,3,2,66.7,0,0.0,1353,6989,4327,14,36,3,16,3,1515,12,Matches
02b29014,Abdoulaye Doucouré,ml MLI,MF,Everton,30-099,1993,11.0,501,12,111,236,163,30,501,22,13,59.1,7,31.8,272,1232,645,16,11,5,14,7,311,36,Matches
ce4f40c7,Cheick Doucouré,ml MLI,MF,Crystal Palace,23-092,2000,24.4,1246,72,366,705,188,8,1246,16,11,68.8,5,31.3,599,2962,1380,13,21,0,23,19,700,12,Matches
69fdb896,Flynn Downes,eng ENG,MF,West Ham,24-080,1999,5.3,230,6,43,141,46,5,230,1,0,0.0,0,0.0,119,568,171,2,4,1,8,4,149,8,Matches
e0d1510a,Cody Drameh,eng ENG,DF,Leeds United,21-123,2001,0.8,44,1,7,26,11,0,44,1,1,100.0,0,0.0,17,48,10,0,1,0,1,1,23,3,Matches
3a949a25,Martin Dúbravka,sk SVK,GK,Newcastle Utd,34-085,1989,0.7,24,21,24,0,0,0,24,0,0,,0,,16,99,45,0,0,0,0,0,6,0,Matches
7314bba4,Shane Duffy,ie IRL,"FW,DF",Fulham,31-099,1992,0.1,5,0,2,3,0,0,5,0,0,,0,,1,1,0,0,0,0,1,0,2,0,Matches
282f75f3,Lewis Dunk,eng ENG,DF,Brighton,31-140,1991,28.0,2611,320,1324,1229,67,31,2611,2,2,100.0,0,0.0,1725,8238,4186,12,11,0,8,3,1962,1,Matches
414184f7,Jhon Durán,co COL,FW,Aston Villa,19-118,2003,0.9,38,2,2,19,18,5,38,1,1,100.0,0,0.0,22,128,97,2,3,1,4,2,29,9,Matches
fa9fa773,Malcolm Ebiowei,eng ENG,"MF,FW",Crystal Palace,19-218,2003,0.4,21,0,1,8,12,2,21,5,2,40.0,3,60.0,14,107,30,2,1,0,5,0,15,9,Matches
3bb7b8b4,Ederson,br BRA,GK,Manchester City,29-236,1993,29.0,1066,846,1060,8,0,0,1066,0,0,,0,,714,3477,2100,0,0,0,0,0,677,0,Matches
0562b7f1,Odsonne Édouard,fr FRA,FW,Crystal Palace,25-084,1998,15.9,558,22,62,270,231,79,558,40,14,35.0,24,60.0,288,1403,566,24,18,18,46,45,393,82,Matches
007414dd,Samuel Edozie,eng ENG,"FW,MF",Southampton,20-072,2003,6.0,258,4,47,78,137,29,258,35,10,28.6,16,45.7,170,1421,674,22,20,10,22,9,172,34,Matches
2fba6108,Anthony Elanga,se SWE,FW,Manchester Utd,20-348,2002,4.7,197,4,26,71,100,28,197,15,5,33.3,7,46.7,109,656,276,12,3,7,13,7,139,28,Matches
c8387671,Harvey Elliott,eng ENG,"MF,FW",Liverpool,20-006,2003,16.6,1084,13,139,517,437,45,1084,40,19,47.5,14,35.0,682,3588,1761,47,39,8,25,19,794,122,Matches
47a34c4f,Mohamed Elneny,eg EGY,MF,Arsenal,30-273,1992,1.3,63,2,11,42,11,0,63,0,0,,0,,38,134,37,1,0,0,0,0,49,1,Matches
68dc0dac,Mohamed Elyounoussi,no NOR,"MF,FW",Southampton,28-249,1994,20.5,817,46,161,348,318,47,817,34,18,52.9,14,41.2,426,2692,1239,46,35,10,35,34,460,91,Matches
df8b52a5,Emerson,br BRA,DF,Tottenham,24-086,1999,15.5,1035,75,370,361,311,42,1035,25,13,52.0,6,24.0,521,2833,1582,42,27,6,19,15,602,95,Matches
980522ec,Christian Eriksen,dk DEN,MF,Manchester Utd,31-055,1992,16.7,1177,37,211,649,318,25,1177,10,3,30.0,7,70.0,684,2647,1291,16,18,1,19,14,855,42,Matches
d38fdf53,Pervis Estupiñán,ec ECU,DF,Brighton,25-079,1998,20.4,1577,62,371,768,450,45,1577,30,11,36.7,14,46.7,921,4422,2392,66,39,9,30,22,1028,131,Matches
f8fcd2a5,Jonny Evans,nir NIR,DF,Leicester City,35-097,1988,9.0,757,97,370,380,8,2,757,0,0,,0,,457,1886,1061,6,4,0,2,0,553,0,Matches
ae4fc6a4,Eberechi Eze,eng ENG,"MF,FW",Crystal Palace,24-285,1998,21.3,1107,14,172,553,411,52,1107,91,53,58.2,31,34.1,631,3750,1855,52,43,20,50,37,719,84,Matches
9328b835,Łukasz Fabiański,pl POL,GK,West Ham,37-357,1985,25.6,738,642,735,3,0,0,738,0,0,,0,,386,2515,1681,0,0,0,3,0,267,0,Matches
7f3b388c,Fabinho,br BRA,MF,Liverpool,29-169,1993,21.6,1444,62,340,877,230,16,1444,8,4,50.0,3,37.5,779,3164,1286,9,17,0,14,11,996,24,Matches
9c221d14,Wout Faes,be BEL,DF,Leicester City,25-007,1998,23.0,1775,275,997,757,32,13,1775,8,5,62.5,3,37.5,1027,5197,2812,8,2,0,13,3,1196,2,Matches
51a3c4c8,Felipe,br BRA,DF,Nott'ham Forest,33-329,1989,8.9,533,97,319,194,30,18,533,14,11,78.6,2,14.3,280,1502,850,2,1,0,4,2,276,2,Matches
8aafd64f,João Félix,pt POR,"FW,MF",Chelsea,23-151,1999,8.4,400,0,24,178,203,38,400,47,20,42.6,20,42.6,270,1769,949,32,33,9,16,8,319,68,Matches
4596da74,Evan Ferguson,ie IRL,FW,Brighton,18-173,2004,6.3,215,7,16,107,95,23,215,9,5,55.6,4,44.4,122,516,191,6,2,3,15,12,161,37,Matches
507c7bdf,Bruno Fernandes,pt POR,"MF,FW",Manchester Utd,28-214,1994,28.0,1819,60,307,757,773,101,1818,46,21,45.7,20,43.5,1050,4763,2424,59,47,17,31,35,1257,166,Matches
5ff4ab71,Enzo Fernández,ar ARG,MF,Chelsea,22-083,2001,9.9,970,28,222,606,150,8,970,16,8,50.0,7,43.8,659,2708,1115,10,13,1,15,9,731,15,Matches
4c370d81,Roberto Firmino,br BRA,"FW,MF",Liverpool,31-190,1991,12.5,697,3,68,355,276,76,697,23,13,56.5,9,39.1,397,1593,664,13,12,6,37,22,537,89,Matches
24f59bb2,Junior Firpo,es ESP,DF,Leeds United,26-231,1996,10.9,612,36,214,283,121,12,612,11,5,45.5,6,54.5,279,1186,656,17,15,0,8,7,290,30,Matches
ed1e53f3,Phil Foden,eng ENG,FW,Manchester City,22-317,2000,15.6,1008,11,81,331,606,106,1008,57,26,45.6,25,43.9,668,3234,1456,39,29,15,29,24,793,221,Matches
e82900ef,Datro Fofana,ci CIV,FW,Chelsea,20-109,2002,0.7,27,0,0,10,18,5,27,7,5,71.4,1,14.3,20,95,39,2,2,1,8,3,19,8,Matches
132a82f1,Wesley Fofana,fr FRA,DF,Leicester City,22-114,2000,2.0,169,11,68,97,7,3,169,3,2,66.7,0,0.0,116,647,365,3,5,2,3,0,115,1,Matches
132a82f1,Wesley Fofana,fr FRA,DF,Chelsea,22-114,2000,8.1,648,46,241,344,65,8,648,9,4,44.4,1,11.1,450,2849,1775,22,13,0,7,6,473,9,Matches
82927de4,Pablo Fornals,es ESP,"FW,MF",West Ham,27-047,1996,12.2,668,11,110,307,261,24,668,19,9,47.4,9,47.4,360,1896,929,23,20,7,15,12,445,73,Matches
9f1938ab,Adam Forshaw,eng ENG,MF,Leeds United,31-184,1991,1.8,79,2,14,56,11,0,79,5,4,80.0,1,20.0,44,221,90,0,2,0,4,1,51,0,Matches
c3e39f12,Fraser Forster,eng ENG,GK,Tottenham,35-024,1988,7.0,189,173,187,2,0,0,189,0,0,,0,,98,484,254,0,0,0,1,0,74,0,Matches
6722d4f0,Tyrese Francois,au AUS,FW,Fulham,22-268,2000,0.0,5,0,1,3,1,0,5,0,0,,0,,1,0,0,0,0,0,1,0,2,1,Matches
d56543a0,Ryan Fraser,sct SCO,FW,Newcastle Utd,29-045,1994,3.5,147,1,18,51,80,9,147,2,1,50.0,0,0.0,94,600,322,8,7,1,7,1,107,23,Matches
b853e0ad,Fred,br BRA,MF,Manchester Utd,30-036,1993,11.3,815,31,215,382,226,28,815,21,8,38.1,9,42.9,440,1685,789,8,14,1,24,13,491,36,Matches
c067631c,Ryan Fredericks,eng ENG,DF,Bournemouth,30-182,1992,5.9,279,33,88,109,84,7,279,10,3,30.0,5,50.0,120,725,395,13,9,2,4,3,152,28,Matches
98d2c2c4,Remo Freuler,ch SUI,MF,Nott'ham Forest,30-360,1992,22.5,1019,67,340,524,161,12,1019,12,6,50.0,4,33.3,478,2142,956,7,11,0,20,8,541,11,Matches
1971591f,Cody Gakpo,nl NED,FW,Liverpool,23-338,1999,9.3,310,4,25,141,149,38,310,26,10,38.5,9,34.6,181,1046,614,20,14,7,20,20,232,66,Matches
c2731c10,Conor Gallagher,eng ENG,"MF,FW",Chelsea,23-063,2000,11.9,795,23,151,370,285,39,795,40,18,45.0,17,42.5,478,2481,984,30,34,10,26,25,532,62,Matches
72c812f3,Idrissa Gana Gueye,sn SEN,MF,Everton,33-196,1989,21.5,1231,57,356,712,177,9,1231,28,15,53.6,7,25.0,673,3298,1565,23,21,3,25,16,682,14,Matches
7aa8adfe,Alejandro Garnacho,es ESP,"FW,MF",Manchester Utd,18-283,2004,5.0,237,2,23,63,154,42,237,37,10,27.0,23,62.2,167,1271,661,25,22,20,20,12,183,68,Matches
4e015693,James Garner,eng ENG,MF,Everton,22-028,2001,2.0,124,6,18,73,35,5,124,3,1,33.3,1,33.3,72,382,128,1,3,1,1,1,73,3,Matches
7ba6d84e,David de Gea,es ESP,GK,Manchester Utd,32-154,1990,29.0,982,827,978,4,0,0,982,0,0,,0,,606,2768,1650,0,0,0,0,0,594,0,Matches
01962d0d,Joe Gelhardt,eng ENG,FW,Leeds United,20-341,2002,2.4,115,4,10,52,54,14,115,9,1,11.1,7,77.8,68,189,66,2,2,2,9,7,84,21,Matches
f7b1d4e0,Saman Ghoddos,ir IRN,"MF,FW",Brentford,29-216,1993,1.1,70,7,20,28,25,1,70,2,0,0.0,2,100.0,28,68,34,0,1,0,3,1,27,3,Matches
32f60ed8,Morgan Gibbs-White,eng ENG,"FW,MF",Wolves,23-073,2000,2.0,119,1,18,53,49,4,119,8,2,25.0,5,62.5,62,257,137,4,3,1,3,1,82,12,Matches
32f60ed8,Morgan Gibbs-White,eng ENG,"MF,FW",Nott'ham Forest,23-073,2000,25.1,1160,12,117,496,565,59,1160,76,36,47.4,35,46.1,625,3444,1594,51,45,15,82,36,750,130,Matches
df10e27c,Billy Gilmour,sct SCO,MF,Brighton,21-303,2001,1.8,169,6,40,101,29,3,169,1,0,0.0,1,100.0,108,530,280,3,4,1,3,4,136,3,Matches
75fdd638,Degnand Gnonto,it ITA,"FW,MF",Leeds United,19-156,2003,12.2,590,6,76,201,328,34,590,63,16,25.4,37,58.7,403,2835,1495,59,33,15,28,16,425,120,Matches
9f7c837d,Ben Godfrey,eng ENG,DF,Everton,25-085,1998,7.2,317,44,140,137,45,6,317,6,2,33.3,2,33.3,137,702,353,7,6,0,9,1,129,4,Matches
8b57ad2c,João Gomes,br BRA,"MF,FW",Wolves,22-057,2001,2.8,178,8,49,89,41,3,178,10,3,30.0,5,50.0,75,363,162,2,1,0,4,2,89,6,Matches
f0caab96,Toti Gomes,pt POR,DF,Wolves,24-084,1999,5.4,367,61,177,152,39,3,367,5,2,40.0,2,40.0,204,943,581,1,7,0,3,1,223,13,Matches
7a11550b,Joe Gomez,eng ENG,DF,Liverpool,25-322,1997,15.3,1428,105,570,796,70,4,1428,5,4,80.0,1,20.0,931,4431,2482,15,11,0,12,4,968,4,Matches
01e5f06e,Sergio Gómez,es ESP,"DF,MF",Manchester City,22-218,2000,1.7,169,6,29,105,35,7,169,1,0,0.0,1,100.0,93,410,198,3,4,1,3,2,132,14,Matches
2bd83368,Anthony Gordon,eng ENG,"FW,MF",Newcastle Utd,22-045,2001,2.9,142,1,13,61,70,15,142,9,4,44.4,4,44.4,84,581,274,9,8,5,9,2,100,19,Matches
2bd83368,Anthony Gordon,eng ENG,FW,Everton,22-045,2001,12.2,464,13,87,165,218,47,464,45,11,24.4,29,64.4,252,1875,704,28,23,13,32,23,290,67,Matches
4468ec10,Demarai Gray,eng ENG,"FW,MF",Everton,26-286,1996,24.3,1056,19,98,395,581,92,1054,76,27,35.5,34,44.7,644,4654,2246,84,54,45,75,57,703,171,Matches
b0b4fd3e,Jack Grealish,eng ENG,"FW,MF",Manchester City,27-212,1995,18.9,1096,14,113,358,647,118,1096,90,36,40.0,25,27.8,794,7185,3313,120,72,53,29,23,887,250,Matches
f3354c07,Sam Greenwood,eng ENG,"MF,FW",Leeds United,21-074,2002,3.8,220,6,41,93,90,5,220,5,1,20.0,3,60.0,100,452,239,7,6,1,5,5,106,7,Matches
8aec0537,Pascal Groß,de GER,"MF,DF",Brighton,31-299,1991,27.2,1977,48,339,906,741,77,1977,28,12,42.9,13,46.4,1102,4927,2310,45,41,6,30,16,1398,164,Matches
ab13a5aa,Vicente Guaita,es ESP,GK,Crystal Palace,36-090,1987,27.0,895,785,893,2,0,0,895,0,0,,0,,507,2657,1704,0,0,0,1,0,383,0,Matches
e6bc67d7,Gonçalo Guedes,pt POR,"FW,MF",Wolves,26-132,1996,7.9,280,3,28,105,153,30,280,15,5,33.3,7,46.7,174,1303,644,20,12,7,17,7,199,54,Matches
d0706b27,Marc Guéhi,eng ENG,DF,Crystal Palace,22-271,2000,29.0,1949,315,1095,815,49,18,1949,16,9,56.3,3,18.8,1112,5038,2941,11,8,0,13,6,1267,2,Matches
82518f62,Bruno Guimarães,br BRA,MF,Newcastle Utd,25-145,1997,21.5,1382,45,275,757,371,34,1382,63,30,47.6,18,28.6,887,4927,2062,27,40,3,27,43,1011,26,Matches
819b3158,İlkay Gündoğan,de GER,MF,Manchester City,32-168,1990,21.5,1355,26,167,706,489,76,1355,35,13,37.1,14,40.0,773,4108,1928,44,29,7,21,23,1060,117,Matches
56d838f7,Darko Gyabi,eng ENG,FW,Leeds United,19-051,2004,0.1,8,0,1,4,3,1,8,1,0,0.0,0,0.0,4,5,3,0,0,0,1,0,2,0,Matches
1f44ac21,Erling Haaland,no NOR,FW,Manchester City,22-263,2000,24.2,584,13,32,224,328,174,579,22,6,27.3,14,63.6,305,1318,478,22,6,18,39,22,430,119,Matches
da011f18,Lewis Hall,eng ENG,"DF,MF",Chelsea,18-214,2004,3.4,254,12,99,94,63,10,254,12,2,16.7,9,75.0,155,822,367,10,5,3,9,6,165,19,Matches
8c3078cd,Luke Harris,wls WAL,"MF,FW",Fulham,18-007,2005,0.1,14,0,0,8,6,0,14,0,0,,0,,9,46,14,0,0,0,0,1,13,0,Matches
aa849a12,Jack Harrison,eng ENG,"FW,MF",Leeds United,26-141,1996,23.3,1231,23,135,447,663,73,1231,91,39,42.9,44,48.4,762,4100,2056,85,42,21,78,48,838,209,Matches
fed7cb61,Kai Havertz,de GER,"FW,MF",Chelsea,23-303,1999,24.6,1091,41,98,443,559,148,1090,53,15,28.3,34,64.2,628,3167,1222,50,26,28,75,34,812,190,Matches
4fd08daa,Jan Paul van Hecke,nl NED,DF,Brighton,22-306,2000,0.9,111,3,22,81,8,2,111,0,0,,0,,94,497,250,3,4,0,1,0,93,0,Matches
169fd162,Hwang Hee-chan,kr KOR,FW,Wolves,27-074,1996,8.2,282,6,48,119,121,21,282,19,7,36.8,9,47.4,157,973,437,17,5,6,21,13,181,40,Matches
e5a76dfe,Dean Henderson,eng ENG,GK,Nott'ham Forest,26-029,1997,18.0,715,600,711,5,0,0,715,0,0,,0,,397,2242,1245,0,0,0,1,0,319,0,Matches
935e6b8f,Jordan Henderson,eng ENG,MF,Liverpool,32-297,1990,17.0,1316,29,245,769,313,29,1316,10,5,50.0,3,30.0,759,3519,1543,25,24,1,12,6,971,45,Matches
76eca7e2,Wayne Hennessey,wls WAL,GK,Nott'ham Forest,36-076,1987,2.0,64,52,64,0,0,0,64,0,0,,0,,34,146,111,0,0,0,0,0,30,0,Matches
8a3c1dc7,Rico Henry,eng ENG,DF,Brentford,25-276,1997,28.7,1218,89,376,479,383,27,1218,40,22,55.0,14,35.0,570,2685,1289,37,30,9,42,39,612,93,Matches
92e7e919,Son Heung-min,kr KOR,"MF,FW",Tottenham,30-276,1992,24.4,951,8,112,348,512,78,951,60,22,36.7,31,51.7,567,3790,1948,67,50,21,53,45,667,157,Matches
1780bb4a,Aaron Hickey,sct SCO,DF,Brentford,20-304,2002,14.8,698,39,219,334,152,14,698,36,11,30.6,15,41.7,405,2157,1204,28,13,1,11,7,414,34,Matches
bd8a5d95,Joseph Hodge,ie IRL,MF,Wolves,20-208,2002,1.9,103,5,25,47,31,3,103,0,0,,0,,50,156,76,1,2,0,1,2,65,4,Matches
d79a8c87,Rob Holding,eng ENG,DF,Arsenal,27-202,1995,3.2,237,29,108,123,6,2,237,1,1,100.0,0,0.0,135,585,350,2,1,1,2,0,138,1,Matches
d0042ab9,Mason Holgate,eng ENG,"DF,MF",Everton,26-170,1996,4.1,211,30,96,104,11,4,211,3,3,100.0,0,0.0,81,373,248,4,2,0,3,0,115,2,Matches
a0666d3e,Will Hughes,eng ENG,MF,Crystal Palace,27-358,1995,4.9,261,15,62,136,68,6,261,2,0,0.0,2,100.0,120,580,332,6,5,1,8,6,135,10,Matches
bd9553e6,Omari Hutchinson,eng ENG,FW,Chelsea,19-162,2003,0.3,15,0,0,4,11,2,15,0,0,,0,,11,61,23,1,0,1,1,1,11,1,Matches
8b04d6c1,Pierre Højbjerg,dk DEN,MF,Tottenham,27-248,1995,28.8,2245,105,573,1311,381,25,2245,29,20,69.0,7,24.1,1312,5977,2836,37,36,7,34,34,1656,62,Matches
c92e1a31,Kelechi Iheanacho,ng NGA,"FW,MF",Leicester City,26-189,1996,8.8,350,8,20,148,186,46,350,31,14,45.2,16,51.6,220,1272,506,24,9,17,30,25,287,75,Matches
07802f7f,Danny Ings,eng ENG,FW,West Ham,30-261,1992,5.4,123,7,18,56,52,18,123,11,3,27.3,7,63.6,71,338,168,6,7,1,6,7,80,21,Matches
07802f7f,Danny Ings,eng ENG,FW,Aston Villa,30-261,1992,9.2,267,12,26,106,139,49,265,16,10,62.5,6,37.5,163,718,260,15,6,9,20,17,186,46,Matches
8e92be30,Alexander Isak,se SWE,FW,Newcastle Utd,23-201,1999,9.1,292,9,17,91,189,54,290,33,11,33.3,17,51.5,165,999,525,16,14,10,19,15,210,63,Matches
10d221cd,Daniel Iversen,dk DEN,GK,Leicester City,25-265,1997,4.0,146,126,146,0,0,0,146,0,0,,0,,68,324,181,0,0,0,0,0,55,0,Matches
6ca5ec4b,Alex Iwobi,ng NGA,"MF,FW",Everton,26-342,1996,29.5,1532,43,287,740,536,44,1532,85,38,44.7,44,51.8,936,5256,2466,61,50,9,56,33,1038,108,Matches
c931d9f9,Daniel James,wls WAL,FW,Leeds United,25-151,1997,2.2,66,1,9,26,32,6,66,6,1,16.7,2,33.3,35,233,112,6,2,3,3,1,39,9,Matches
c931d9f9,Daniel James,wls WAL,FW,Fulham,25-151,1997,4.5,180,8,22,57,106,17,180,9,1,11.1,3,33.3,107,891,484,15,8,4,7,9,119,30,Matches
1265a93a,Reece James,eng ENG,"DF,MF",Chelsea,23-123,1999,13.4,1153,36,238,531,391,24,1153,39,22,56.4,9,23.1,693,3653,1995,50,26,9,13,12,793,113,Matches
8449d35e,Vitaly Janelt,de GER,"MF,DF",Brentford,24-335,1998,17.7,908,48,258,479,178,26,908,20,9,45.0,10,50.0,466,1982,967,12,14,1,13,11,521,22,Matches
172e52d8,Pontus Jansson,se SWE,DF,Brentford,32-056,1991,8.0,393,73,243,137,13,8,393,2,2,100.0,0,0.0,192,734,310,1,1,0,2,1,217,0,Matches
0f134faf,Mathias Jensen,dk DEN,MF,Brentford,27-099,1996,25.6,1537,37,318,692,540,29,1537,50,19,38.0,22,44.0,698,2689,1074,21,21,1,44,26,795,63,Matches
b66315ae,Gabriel Jesus,br BRA,FW,Arsenal,26-007,1997,15.5,740,16,68,279,399,136,739,83,37,44.6,35,42.2,447,2366,1009,31,19,19,64,44,563,132,Matches
b561db50,Raúl Jiménez,mx MEX,FW,Wolves,31-340,1991,8.3,260,11,27,117,116,40,260,8,4,50.0,3,37.5,132,551,207,5,3,2,20,11,197,44,Matches
c17bfb65,Joelinton,br BRA,"MF,FW",Newcastle Utd,26-239,1996,22.8,1305,60,246,628,448,79,1305,77,38,49.4,29,37.7,674,3811,1763,46,36,6,58,42,843,118,Matches
9319781b,Ben Johnson,eng ENG,DF,West Ham,23-076,2000,8.3,544,43,228,242,78,1,544,14,7,50.0,4,28.6,246,1271,546,12,5,0,7,6,294,17,Matches
0cd31129,Brennan Johnson,wls WAL,"FW,MF",Nott'ham Forest,21-322,2001,27.6,684,5,61,250,395,104,682,79,31,39.2,36,45.6,392,3431,1892,80,41,39,65,22,443,140,Matches
9e5708be,Sam Johnstone,eng ENG,GK,Crystal Palace,30-016,1993,1.0,33,29,33,0,0,0,33,0,0,,0,,21,139,89,0,0,0,0,0,9,0,Matches
4fb9c88f,Curtis Jones,eng ENG,"MF,FW",Liverpool,22-070,2001,3.7,280,6,51,133,97,14,280,9,4,44.4,5,55.6,184,933,352,10,5,6,11,13,210,22,Matches
45db685d,Jorginho,it ITA,MF,Arsenal,31-111,1991,4.3,374,10,73,222,81,7,374,4,1,25.0,3,75.0,231,969,482,7,6,0,3,6,293,6,Matches
45db685d,Jorginho,it ITA,MF,Chelsea,31-111,1991,14.2,1026,36,273,577,178,8,1024,12,5,41.7,4,33.3,546,2331,1090,13,27,1,14,9,706,10,Matches
6ad43f9a,Mateo Joseph,eng ENG,"FW,MF",Leeds United,19-173,2003,0.3,9,1,1,5,3,1,9,1,0,0.0,1,100.0,5,13,0,0,0,0,1,3,6,2,Matches
178ae8f8,Diogo Jota,pt POR,"FW,MF",Liverpool,26-127,1996,7.4,318,15,47,147,129,36,318,28,11,39.3,15,53.6,183,1116,605,21,16,9,18,15,227,51,Matches
570bb4b9,Hamed Junior Traorè,ci CIV,"FW,MF",Bournemouth,23-053,2000,4.7,246,2,29,109,116,11,246,25,16,64.0,8,32.0,143,881,437,19,13,1,15,13,142,21,Matches
fb614c44,James Justin,eng ENG,DF,Leicester City,25-046,1998,13.9,980,48,296,475,216,8,980,19,4,21.1,11,57.9,417,1831,834,20,19,4,15,6,574,50,Matches
0db5d2c8,Mathias Jørgensen,dk DEN,DF,Brentford,32-352,1990,9.1,453,70,223,210,21,7,453,1,0,0.0,1,100.0,220,870,518,1,2,0,2,1,235,1,Matches
15f24fe7,Sasa Kalajdzic,at AUT,FW,Wolves,25-277,1997,0.5,7,0,2,1,4,2,7,0,0,,0,,2,6,3,0,0,0,1,0,5,1,Matches
cc77354e,Boubacar Kamara,fr FRA,MF,Aston Villa,23-138,1999,17.4,1058,58,326,621,121,8,1058,27,11,40.7,10,37.0,571,2297,1065,14,9,0,16,11,668,8,Matches
21a66f6a,Harry Kane,eng ENG,FW,Tottenham,29-256,1993,29.8,1022,22,76,483,480,140,1017,88,36,40.9,42,47.7,646,3573,1422,48,38,17,60,53,805,166,Matches
b9fbae28,N'Golo Kanté,fr FRA,MF,Chelsea,32-012,1991,3.1,215,4,27,106,85,9,215,9,5,55.6,3,33.3,120,782,424,12,9,1,7,3,146,13,Matches
c5b7c315,Michael Keane,eng ENG,DF,Everton,30-089,1993,6.3,268,48,148,98,23,14,268,2,1,50.0,0,0.0,121,560,307,0,1,0,5,0,124,1,Matches
18b999f4,Neeskens Kebano,cd COD,FW,Fulham,31-031,1992,7.9,285,10,46,80,166,27,285,28,9,32.1,14,50.0,182,1403,794,37,14,10,15,10,194,63,Matches
51dbeea9,Thilo Kehrer,de GER,DF,West Ham,26-201,1996,20.2,1131,108,494,509,134,14,1131,10,7,70.0,3,30.0,571,2349,1235,15,12,1,17,5,644,28,Matches
f25c8e3a,Naby Keïta,gn GUI,MF,Liverpool,28-059,1995,3.3,206,5,34,114,59,11,206,4,3,75.0,0,0.0,111,536,220,5,6,0,12,7,140,21,Matches
f31def1e,Lloyd Kelly,eng ENG,DF,Bournemouth,24-186,1998,15.0,898,110,494,331,78,6,898,5,1,20.0,3,60.0,431,2150,1293,7,3,0,12,2,511,1,Matches
d0f72bf1,Max Kilman,eng ENG,DF,Wolves,25-322,1997,30.0,2073,366,1228,803,54,20,2073,18,14,77.8,4,22.2,1200,6459,3896,27,11,1,14,7,1421,4,Matches
dc3e663e,Jakub Kiwior,pl POL,DF,Arsenal,23-054,2000,0.2,8,1,4,4,0,0,8,0,0,,0,,5,35,22,0,0,0,0,0,5,0,Matches
282679b4,Mateusz Klich,pl POL,"MF,FW",Leeds United,32-301,1990,3.1,189,3,25,82,85,9,189,6,2,33.3,4,66.7,110,385,149,5,5,2,11,1,124,21,Matches
ea6bc03a,Robin Koch,de GER,DF,Leeds United,26-267,1996,28.3,1626,226,903,680,54,15,1626,1,1,100.0,0,0.0,841,4036,2245,9,6,0,9,1,920,5,Matches
5ed9b537,Ibrahima Konaté,fr FRA,DF,Liverpool,23-320,1999,10.2,783,80,407,355,26,14,783,9,6,66.7,2,22.2,464,2139,1083,6,5,0,7,2,530,3,Matches
0313a347,Ezri Konsa,eng ENG,DF,Aston Villa,25-169,1997,28.9,1741,277,1020,673,55,19,1741,11,4,36.4,2,18.2,1084,4968,2888,7,5,0,12,5,1234,10,Matches
da974c7b,Kalidou Koulibaly,sn SEN,DF,Chelsea,31-294,1991,19.9,1677,172,788,833,63,19,1677,6,4,66.7,2,33.3,1077,4705,2453,10,8,0,10,2,1203,4,Matches
8d3c902d,Cheikhou Kouyaté,sn SEN,MF,Nott'ham Forest,33-110,1989,8.5,315,28,111,149,58,13,315,9,6,66.7,1,11.1,143,676,261,6,4,3,14,5,159,12,Matches
79c0821a,Mateo Kovačić,hr CRO,MF,Chelsea,28-339,1994,15.9,1253,26,234,798,232,9,1253,27,13,48.1,9,33.3,843,4623,2152,29,32,1,22,19,957,25,Matches
77cf6852,Emil Krafth,se SWE,DF,Newcastle Utd,28-251,1994,0.0,1,0,1,0,0,0,1,0,0,,0,,0,0,0,0,0,0,0,0,0,0,Matches
df3cda47,Dejan Kulusevski,se SWE,"MF,FW",Tottenham,22-350,2000,18.1,844,18,127,315,430,94,844,91,39,42.9,45,49.5,564,4110,2109,73,41,38,67,36,585,163,Matches
41e7ef1c,Layvin Kurzawa,fr FRA,DF,Fulham,30-218,1992,1.5,64,8,35,18,11,0,64,4,2,50.0,2,50.0,29,100,20,1,0,0,3,1,24,2,Matches
99813635,Adam Lallana,eng ENG,"MF,FW",Brighton,34-335,1988,8.0,373,6,43,180,151,33,373,6,3,50.0,3,50.0,206,839,420,10,4,4,15,11,295,43,Matches
f4e433d4,Tariq Lamptey,gh GHA,DF,Brighton,22-192,2000,5.0,376,15,80,138,161,17,376,28,8,28.6,13,46.4,232,1451,808,28,12,7,16,2,256,58,Matches
26f6dca8,Manuel Lanzini,ar ARG,"MF,FW",West Ham,30-054,1993,1.7,108,0,21,60,28,0,108,1,1,100.0,0,0.0,71,371,134,2,3,0,1,2,85,4,Matches
119b9a8e,Aymeric Laporte,es ESP,DF,Manchester City,28-318,1994,6.2,526,43,169,261,99,11,526,2,1,50.0,1,50.0,365,2029,1389,17,30,0,2,0,413,8,Matches
cf7fb13a,Juan Larios,es ESP,DF,Southampton,19-088,2004,1.7,106,10,32,55,20,2,106,4,3,75.0,1,25.0,38,338,201,10,2,1,3,2,47,1,Matches
450ab6fc,Jamaal Lascelles,eng ENG,DF,Newcastle Utd,29-150,1993,2.2,101,25,62,36,3,3,101,0,0,,0,,52,244,96,0,0,0,0,0,63,0,Matches
ecad9aa5,Roméo Lavia,be BEL,MF,Southampton,19-094,2004,17.1,896,38,189,581,138,0,896,37,19,51.4,11,29.7,571,2961,1352,16,19,0,18,24,549,11,Matches
0bdda685,Dexter Lembikisa,jm JAM,DF,Wolves,19-157,2003,0.3,13,0,3,7,3,0,13,0,0,,0,,7,29,21,2,0,0,0,0,8,3,Matches
2b471f99,Mario Lemina,ga GAB,MF,Wolves,29-221,1993,7.9,472,38,169,268,42,4,472,11,7,63.6,2,18.2,248,1210,612,3,5,0,9,8,305,5,Matches
4f28a6ff,Clément Lenglet,fr FRA,DF,Tottenham,27-297,1995,17.1,1268,127,619,566,89,12,1268,8,4,50.0,3,37.5,874,4240,2604,23,22,0,10,4,945,7,Matches
2628fd2b,Bernd Leno,de GER,GK,Fulham,31-037,1992,27.0,1108,875,1101,7,0,0,1108,0,0,,0,,604,2917,1688,0,0,0,1,0,538,0,Matches
9b5ce51a,Jefferson Lerma,co COL,MF,Bournemouth,28-167,1994,28.3,1458,149,478,745,255,35,1458,20,11,55.0,8,40.0,700,2718,1280,16,26,1,19,13,856,22,Matches
efb9215a,Jamal Lewis,nir NIR,DF,Newcastle Utd,25-075,1998,0.1,13,0,6,2,5,2,13,0,0,,0,,8,38,10,0,1,0,0,0,11,1,Matches
b57e066e,Rico Lewis,eng ENG,"DF,MF",Manchester City,18-140,2004,6.0,468,11,78,264,130,9,468,9,3,33.3,3,33.3,327,1702,882,18,14,3,4,11,375,14,Matches
41f08ac8,Keane Lewis-Potter,eng ENG,"FW,MF",Brentford,22-047,2001,3.6,138,4,24,48,69,18,138,14,4,28.6,10,71.4,93,652,336,8,6,3,11,8,91,39,Matches
f5deef4c,Victor Lindelöf,se SWE,DF,Manchester Utd,28-267,1994,6.2,461,57,231,218,13,1,461,1,0,0.0,1,100.0,291,1288,609,2,1,0,0,2,318,0,Matches
810e3c74,Jesse Lingard,eng ENG,"FW,MF",Nott'ham Forest,30-116,1992,10.2,370,7,44,201,132,16,370,10,6,60.0,4,40.0,214,1003,527,11,12,0,16,10,263,38,Matches
bba30585,Diego Llorente,es ESP,DF,Leeds United,29-237,1993,7.2,506,59,283,210,15,6,506,3,2,66.7,1,33.3,303,1566,721,2,1,0,6,1,312,1,Matches
8f62b6ee,Hugo Lloris,fr FRA,GK,Tottenham,36-105,1986,23.0,760,694,758,2,0,0,760,0,0,,0,,413,2301,1437,0,0,0,2,0,334,0,Matches
ed9f7cfe,Renan Lodi,br BRA,DF,Nott'ham Forest,25-002,1998,17.3,895,66,361,348,198,12,895,30,15,50.0,7,23.3,441,2351,1192,22,13,2,14,9,440,53,Matches
e97fd090,Ruben Loftus-Cheek,eng ENG,"MF,DF",Chelsea,27-077,1996,14.6,925,35,168,498,271,39,925,51,24,47.1,20,39.2,553,3059,1725,44,22,9,20,19,669,78,Matches
a2b105e0,Sean Longstaff,eng ENG,MF,Newcastle Utd,25-162,1997,24.9,1273,43,253,660,367,63,1273,25,7,28.0,17,68.0,646,2665,1094,21,12,8,32,27,834,97,Matches
b2856bc0,Jamal Lowe,jm JAM,"MF,FW",Bournemouth,28-263,1994,0.1,4,0,0,3,1,0,4,0,0,,0,,2,7,1,0,0,0,0,0,3,0,Matches
6f7d826d,Douglas Luiz,br BRA,MF,Aston Villa,24-336,1998,24.6,1653,56,426,914,331,15,1652,33,19,57.6,9,27.3,888,4715,2208,35,29,4,27,23,1052,26,Matches
c6e8cf1f,Saša Lukić,rs SRB,MF,Fulham,26-240,1996,2.4,155,4,27,101,27,3,155,2,2,100.0,0,0.0,97,563,302,4,4,1,2,0,112,5,Matches
b5bf1770,Lyanco,br BRA,DF,Southampton,26-068,1997,7.8,430,47,203,196,39,7,430,7,5,71.4,2,28.6,229,1185,618,5,5,1,10,4,204,2,Matches
83d074ff,Alexis Mac Allister,ar ARG,MF,Brighton,24-107,1998,24.0,1581,35,269,871,456,42,1576,49,29,59.2,14,28.6,935,4268,2104,47,44,7,32,27,1170,55,Matches
ee38d9c5,James Maddison,eng ENG,"MF,FW",Leicester City,26-138,1996,21.1,1099,13,119,507,480,78,1099,60,21,35.0,22,36.7,734,4045,1828,53,28,22,35,20,834,111,Matches
bf34eebd,Noni Madueke,eng ENG,"FW,DF",Chelsea,21-031,2002,2.4,135,1,17,48,73,10,135,21,11,52.4,7,33.3,91,683,330,10,5,4,5,5,102,31,Matches
d8931174,Harry Maguire,eng ENG,DF,Manchester Utd,30-036,1993,6.4,510,51,259,228,26,8,510,2,1,50.0,1,50.0,323,1853,1173,7,4,1,1,0,352,4,Matches
892d5bb1,Riyad Mahrez,dz ALG,"FW,MF",Manchester City,32-048,1991,13.4,891,4,54,322,521,79,890,50,16,32.0,18,36.0,594,3417,1664,55,37,31,20,12,673,176,Matches
c6220452,Kobbie Mainoo,eng ENG,MF,Manchester Utd,17-356,2005,0.1,11,0,2,4,5,3,11,1,0,0.0,1,100.0,5,64,48,2,0,0,0,0,6,1,Matches
e3a5814e,Ainsley Maitland-Niles,eng ENG,"DF,MF",Southampton,25-224,1997,11.9,654,55,255,309,100,5,654,15,11,73.3,4,26.7,278,1424,640,11,9,2,16,9,345,13,Matches
6b6c793c,Tyrell Malacia,nl NED,DF,Manchester Utd,23-236,1999,11.8,741,43,286,295,166,11,741,17,4,23.5,13,76.5,360,1704,830,18,14,3,16,4,402,26,Matches
a572e291,Orel Mangala,be BEL,MF,Nott'ham Forest,25-023,1998,10.3,451,16,95,279,81,6,451,26,12,46.2,10,38.5,240,1240,570,11,4,2,7,7,279,7,Matches
758dd7f0,Javier Manquillo,es ESP,DF,Newcastle Utd,28-340,1994,0.2,11,1,5,2,4,0,11,0,0,,0,,6,46,31,2,0,0,0,0,6,1,Matches
3544641e,Sekou Mara,fr FRA,"FW,MF",Southampton,20-254,2002,5.8,215,5,27,97,99,24,215,29,13,44.8,16,55.2,125,701,281,7,9,2,28,18,145,26,Matches
bb5fbd2b,Solly March,eng ENG,"FW,DF",Brighton,28-264,1994,26.9,1470,40,170,462,851,122,1470,93,46,49.5,30,32.3,909,5804,2618,94,42,40,51,30,1010,312,Matches
4d960fc3,Emiliano Marcondes,dk DEN,MF,Bournemouth,28-032,1995,0.1,3,1,1,2,0,0,3,1,0,0.0,0,0.0,2,11,7,0,0,0,0,0,2,0,Matches
59878425,Marquinhos,br BRA,MF,Arsenal,20-003,2003,0.0,3,0,0,2,1,0,3,0,0,,0,,2,6,1,0,0,0,0,0,3,0,Matches
8b788c01,Anthony Martial,fr FRA,FW,Manchester Utd,27-126,1995,6.0,217,5,9,88,121,25,216,14,7,50.0,5,35.7,146,609,282,8,7,4,16,6,185,37,Matches
48a5a5d6,Martinelli,br BRA,FW,Arsenal,21-296,2001,27.0,1327,15,118,369,859,197,1327,115,50,43.5,51,44.3,913,6511,2989,113,58,64,73,51,997,311,Matches
7956236f,Emiliano Martínez,ar ARG,GK,Aston Villa,30-220,1992,27.4,1106,932,1096,10,0,0,1106,0,0,,0,,608,3137,1870,0,0,0,2,0,528,0,Matches
bac46a10,Lisandro Martínez,ar ARG,DF,Manchester Utd,25-082,1998,23.5,1809,281,934,829,60,11,1809,16,14,87.5,0,0.0,1061,5256,2986,12,16,0,11,9,1138,2,Matches
feb5d972,Pape Matar Sarr,sn SEN,MF,Tottenham,20-208,2002,1.6,142,10,47,78,17,1,142,3,0,0.0,1,33.3,95,469,183,1,0,0,3,2,97,0,Matches
50e6dc35,Jean-Philippe Mateta,fr FRA,FW,Crystal Palace,25-286,1997,7.9,244,16,35,102,109,34,244,7,3,42.9,4,57.1,129,583,213,7,8,4,24,15,166,38,Matches
b217ef29,Joël Matip,cm CMR,DF,Liverpool,31-245,1991,10.1,826,99,415,374,45,9,826,7,4,57.1,3,42.9,531,3642,2625,26,20,1,12,1,588,1,Matches
4bcf39f6,Neal Maupay,fr FRA,FW,Everton,26-239,1996,10.8,339,1,24,152,167,43,339,15,5,33.3,10,66.7,191,761,257,7,6,3,37,15,247,52,Matches
493924a7,Kevin Mbabu,ch SUI,"DF,FW",Fulham,27-356,1995,1.6,114,4,38,40,38,0,114,6,4,66.7,2,33.3,57,273,159,4,2,0,1,2,59,11,Matches
6afaebf2,Bryan Mbeumo,cm CMR,FW,Brentford,23-246,1999,25.0,990,17,144,296,562,86,989,61,30,49.2,27,44.3,573,3114,1265,46,19,16,54,45,645,182,Matches
cee31595,James McArthur,sct SCO,MF,Crystal Palace,35-185,1987,0.2,26,1,7,14,5,0,26,2,1,50.0,0,0.0,17,75,33,0,0,0,1,3,21,0,Matches
90f91999,John McGinn,sct SCO,MF,Aston Villa,28-174,1994,21.9,1025,29,173,593,269,31,1025,45,31,68.9,8,17.8,596,2783,1218,19,26,4,40,26,674,49,Matches
4e5a4cbc,Scott McKenna,sct SCO,DF,Nott'ham Forest,26-149,1996,16.2,838,146,484,317,39,16,838,7,5,71.4,1,14.3,418,1847,925,5,1,0,2,2,491,1,Matches
01c3aff5,Weston McKennie,us USA,MF,Leeds United,24-225,1998,8.7,495,32,129,248,124,8,495,9,8,88.9,1,11.1,260,1150,515,9,14,1,15,16,300,15,Matches
fc15fb84,Dwight McNeil,eng ENG,"FW,MF",Everton,23-139,1999,19.8,944,30,170,354,435,40,944,73,35,47.9,35,47.9,519,3502,1309,53,26,11,39,28,557,97,Matches
d93c2511,Scott McTominay,sct SCO,MF,Manchester Utd,26-123,1996,12.5,590,66,197,271,128,24,590,26,13,50.0,9,34.6,302,1533,753,19,16,3,22,19,340,19,Matches
8df7a2fb,Ben Mee,eng ENG,DF,Brentford,33-201,1989,28.3,1630,217,863,651,124,50,1630,7,7,100.0,0,0.0,866,3448,1744,5,9,3,15,1,889,13,Matches
33887998,Edouard Mendy,sn SEN,GK,Chelsea,31-040,1992,8.5,286,247,283,3,0,0,286,1,0,0.0,1,100.0,160,744,399,0,0,0,0,0,148,0,Matches
1598599e,Nampalys Mendy,sn SEN,MF,Leicester City,30-291,1992,7.8,463,12,129,293,44,1,463,9,6,66.7,2,22.2,263,1259,445,2,5,0,6,1,312,4,Matches
fed96827,Chris Mepham,wls WAL,DF,Bournemouth,25-156,1997,20.4,1060,250,705,338,22,11,1060,3,2,66.7,0,0.0,502,2339,1178,1,3,1,4,3,618,1,Matches
6b625ac2,Illan Meslier,fr FRA,GK,Leeds United,23-039,2000,30.0,991,796,985,5,2,1,991,0,0,,0,,516,2987,1721,0,0,0,1,1,370,0,Matches
10ec4169,Alexander Mighten,eng ENG,FW,Nott'ham Forest,20-364,2002,0.1,4,0,1,0,3,0,4,3,0,0.0,2,66.7,4,27,10,0,0,0,0,0,4,1,Matches
2ce2508a,Luka Milivojević,rs SRB,MF,Crystal Palace,32-003,1991,4.8,266,26,102,125,43,1,266,1,1,100.0,0,0.0,136,563,193,2,3,0,3,6,149,2,Matches
2f90f6b8,James Milner,eng ENG,"MF,DF",Liverpool,37-096,1986,8.2,683,21,161,309,215,22,683,20,11,55.0,7,35.0,345,1540,708,17,12,5,15,12,439,64,Matches
6d5701f2,Yerry Mina,co COL,DF,Everton,28-199,1994,2.6,207,25,92,107,9,3,207,0,0,,0,,120,603,328,1,1,0,3,0,141,1,Matches
8397a50c,Tyrone Mings,eng ENG,DF,Aston Villa,30-028,1993,27.0,1745,280,1009,684,57,15,1745,9,4,44.4,2,22.2,1085,6092,3467,13,10,2,7,5,1179,6,Matches
5cbd1eb0,Tyrick Mitchell,eng ENG,DF,Crystal Palace,23-221,1999,24.1,1374,91,504,583,299,22,1374,21,11,52.4,7,33.3,593,2343,1085,19,15,3,27,14,689,65,Matches
74618572,Kaoru Mitoma,jp JPN,"FW,MF",Brighton,25-325,1997,17.1,918,15,109,343,478,106,918,78,38,48.7,30,38.5,623,4492,2528,91,51,49,37,21,706,170,Matches
3925dbd6,Aleksandar Mitrović,rs SRB,FW,Fulham,28-206,1994,20.1,743,26,76,356,316,132,737,45,23,51.1,20,44.4,416,1731,627,19,11,10,57,53,593,91,Matches
01ce9e70,Kieffer Moore,wls WAL,FW,Bournemouth,30-245,1992,12.4,449,29,48,257,145,41,449,12,2,16.7,6,50.0,225,865,268,10,8,2,38,30,346,44,Matches
c4720845,Andrew Moran,ie IRL,FW,Brighton,19-177,2003,0.1,6,0,0,5,1,0,6,0,0,,0,,3,2,1,0,0,0,2,0,3,1,Matches
16e9d0ea,Álex Moreno,es ESP,DF,Aston Villa,29-306,1993,9.3,630,39,215,234,186,31,630,41,18,43.9,19,46.3,333,2067,1052,36,14,13,23,13,387,79,Matches
9674002f,Mason Mount,eng ENG,"MF,FW",Chelsea,24-090,1999,18.1,958,17,109,411,449,56,958,31,15,48.4,13,41.9,523,2705,1404,47,34,11,36,28,667,113,Matches
2b622f01,Lucas Moura,br BRA,"MF,DF",Tottenham,30-240,1992,1.4,88,0,13,34,42,7,88,8,3,37.5,5,62.5,49,293,111,3,3,1,4,3,62,11,Matches
f5a00fa4,João Moutinho,pt POR,MF,Wolves,36-214,1986,19.2,1164,42,238,622,312,14,1164,15,8,53.3,7,46.7,581,2392,1257,19,23,0,13,6,726,29,Matches
92868cb5,Divin Mubama,eng ENG,FW,West Ham,18-167,2004,0.0,1,0,0,1,0,0,1,0,0,,0,,1,9,2,0,0,0,0,0,1,0,Matches
049a888d,Mykhailo Mudryk,ua UKR,"FW,MF",Chelsea,22-095,2001,3.9,174,2,23,67,86,15,174,22,5,22.7,14,63.6,100,611,274,7,6,3,14,9,109,20,Matches
de112b84,Jacob Murphy,eng ENG,FW,Newcastle Utd,28-045,1995,10.4,448,8,47,156,256,53,448,33,10,30.3,17,51.5,285,1933,1155,46,26,18,12,17,325,103,Matches
1d5cab82,Enock Mwepu,zm ZAM,"FW,MF",Brighton,25-099,1998,2.4,116,1,12,54,53,7,116,5,1,20.0,4,80.0,58,318,141,5,2,1,10,5,80,17,Matches
30d4a2e5,Vitaliy Mykolenko,ua UKR,"DF,MF",Everton,23-316,1999,24.5,1396,103,493,597,319,22,1396,24,11,45.8,13,54.2,591,2614,1351,30,30,6,25,8,702,61,Matches
ecada4fc,Keylor Navas,cr CRC,GK,Nott'ham Forest,36-116,1986,10.0,370,328,368,2,0,0,370,1,1,100.0,0,0.0,178,1003,681,0,0,0,1,0,127,0,Matches
6b47c5db,Wilfred Ndidi,ng NGA,"MF,DF",Leicester City,26-115,1996,14.8,954,68,324,572,74,4,954,10,8,80.0,2,20.0,489,2123,928,9,12,0,11,7,587,5,Matches
c5bdb6e3,Reiss Nelson,eng ENG,FW,Arsenal,23-121,1999,1.2,80,2,10,10,61,13,80,3,3,100.0,0,0.0,50,333,206,11,2,5,0,6,62,20,Matches
a9dc785c,Neto,br BRA,GK,Bournemouth,33-265,1989,19.5,633,546,629,4,0,0,633,0,0,,0,,310,2000,1442,0,0,0,1,0,177,0,Matches
7ba2eaa9,Pedro Neto,pt POR,"FW,MF",Wolves,23-032,2000,8.3,414,4,54,124,242,40,414,45,15,33.3,25,55.6,267,1897,960,32,16,15,26,9,292,96,Matches
44bfb6c5,Rúben Neves,pt POR,MF,Wolves,26-028,1997,27.6,2089,149,687,1105,317,21,2087,24,16,66.7,6,25.0,1122,5050,2468,23,28,1,17,10,1378,15,Matches
00242715,Moussa Niakhate,sn SEN,DF,Nott'ham Forest,27-033,1996,5.8,217,47,142,55,20,4,217,3,0,0.0,3,100.0,79,367,210,1,0,0,2,1,94,1,Matches
39769cff,Rasmus Nissen,dk DEN,DF,Leeds United,25-273,1997,14.8,911,51,306,374,236,19,911,12,6,50.0,5,41.7,361,1073,491,13,4,4,3,2,450,63,Matches
a53649b7,Eddie Nketiah,eng ENG,FW,Arsenal,23-315,1999,11.1,381,10,34,145,208,79,381,33,15,45.5,12,36.4,239,1527,575,31,13,19,28,17,282,72,Matches
e6af02e0,Matheus Nunes,pt POR,MF,Wolves,24-226,1998,20.8,1035,47,248,486,320,44,1035,59,31,52.5,18,30.5,662,4450,2132,46,40,6,35,31,728,96,Matches
4d77b365,Darwin Núñez,uy URU,FW,Liverpool,23-290,1999,16.4,553,10,42,158,362,143,553,38,17,44.7,16,42.1,337,2491,1309,54,29,29,38,23,429,157,Matches
7f94982c,Ethan Nwaneri,eng ENG,FW,Arsenal,16-020,2007,0.0,1,0,0,0,1,0,1,0,0,,0,,0,0,0,0,0,0,0,0,0,0,Matches
df0a4c90,Christian Nørgaard,dk DEN,MF,Brentford,29-031,1994,18.1,960,74,315,496,156,40,960,17,7,41.2,9,52.9,409,1347,568,4,10,2,13,10,467,8,Matches
089667a5,Lewis O'Brien,eng ENG,MF,Nott'ham Forest,24-178,1998,6.5,297,19,72,161,71,3,297,17,7,41.2,3,17.6,157,947,518,13,9,2,12,7,166,3,Matches
74b2cd7e,Angelo Ogbonna,it ITA,DF,West Ham,34-322,1988,8.9,326,60,196,119,11,6,326,0,0,,0,,146,665,145,0,0,0,1,3,155,1,Matches
c4486bac,Michael Olise,fr FRA,"FW,MF",Crystal Palace,21-119,2001,22.6,1358,19,190,555,634,54,1358,110,45,40.9,46,41.8,771,4663,2426,77,53,23,69,36,895,169,Matches
e7ee38c3,Robin Olsen,se SWE,GK,Aston Villa,33-092,1990,2.6,120,101,118,2,0,0,120,0,0,,0,,71,365,186,0,0,0,1,0,48,0,Matches
828657ff,Amadou Onana,be BEL,MF,Everton,21-237,2001,24.5,1159,52,256,660,259,46,1159,48,15,31.3,22,45.8,604,3000,1261,24,26,4,43,16,763,42,Matches
6612cd8c,Josh Onomah,eng ENG,MF,Fulham,25-348,1997,0.2,11,0,3,4,4,0,11,1,0,0.0,1,100.0,5,38,24,1,0,0,1,1,5,0,Matches
c06d1086,Paul Onuachu,ng NGA,FW,Southampton,28-317,1994,3.2,108,3,9,50,51,15,108,8,6,75.0,1,12.5,57,178,39,0,0,0,17,8,89,19,Matches
2944f86f,Frank Onyeka,ng NGA,MF,Brentford,25-099,1998,5.6,233,18,67,109,58,13,233,11,2,18.2,6,54.5,120,419,188,3,5,1,7,6,126,11,Matches
ee950928,Mislav Oršić,hr CRO,MF,Southampton,30-102,1992,0.1,4,0,2,0,2,0,4,0,0,,0,,2,10,7,0,0,0,0,0,1,0,Matches
2f9e4435,Dango Ouattara,bf BFA,"MF,FW",Bournemouth,21-058,2002,9.2,370,27,87,143,149,40,370,51,18,35.3,28,54.9,199,1343,650,25,15,12,24,8,225,59,Matches
38c7feef,Alex Oxlade-Chamberlain,eng ENG,"FW,MF",Liverpool,29-238,1993,3.7,153,4,20,69,67,17,153,14,5,35.7,8,57.1,90,719,258,11,8,3,12,10,110,28,Matches
d00d45ab,David Ozoh,,FW,Crystal Palace,17-314,2005,0.0,4,0,0,0,4,0,4,0,0,,0,,2,1,1,0,0,0,1,0,4,0,Matches
a78ff07f,João Palhinha,pt POR,MF,Fulham,27-275,1995,25.7,1271,60,295,792,196,28,1271,25,8,32.0,11,44.0,583,2077,714,5,9,2,25,19,686,17,Matches
dc7f8a28,Cole Palmer,eng ENG,"FW,MF",Manchester City,20-339,2002,1.3,98,2,9,34,55,15,98,8,5,62.5,2,25.0,68,380,185,9,2,7,9,4,78,19,Matches
e0bc6fdc,Emerson Palmieri,it ITA,DF,West Ham,28-250,1994,10.9,635,43,174,277,190,21,635,18,5,27.8,8,44.4,285,1720,1006,32,19,6,5,7,380,42,Matches
9b6f7fd5,Lucas Paquetá,br BRA,MF,West Ham,25-226,1997,16.6,1014,38,176,570,281,38,1013,36,18,50.0,11,30.6,515,2179,791,11,23,5,31,29,642,46,Matches
529f49ab,Thomas Partey,gh GHA,MF,Arsenal,29-301,1993,22.3,1841,62,336,1157,364,19,1841,34,25,73.5,7,20.6,1114,5290,2806,22,30,1,28,16,1327,22,Matches
230f0471,Nathan Patterson,sct SCO,"DF,MF",Everton,21-176,2001,11.0,667,50,236,243,195,16,667,20,9,45.0,10,50.0,273,1609,660,13,11,2,20,9,346,42,Matches
a6b461e7,Ben Pearson,eng ENG,MF,Bournemouth,28-096,1995,3.2,162,8,56,90,17,0,162,1,0,0.0,0,0.0,72,242,103,2,0,0,6,0,100,4,Matches
ac7e7b1c,Facundo Pellistri,uy URU,"FW,MF",Manchester Utd,21-111,2001,0.6,19,0,6,5,8,1,19,1,0,0.0,1,100.0,9,82,10,0,0,0,2,0,11,2,Matches
6639e500,Andreas Pereira,br BRA,MF,Fulham,27-099,1996,26.7,1196,14,98,554,558,59,1195,44,14,31.8,24,54.5,662,3728,1578,50,41,9,46,49,780,125,Matches
75a72a99,Ricardo Pereira,pt POR,"DF,MF",Leicester City,29-186,1993,4.3,331,18,91,167,79,4,331,6,4,66.7,1,16.7,160,566,300,5,9,2,4,3,198,14,Matches
819aa8e7,Ayoze Pérez,es ESP,"MF,FW",Leicester City,29-255,1993,4.2,244,3,38,104,108,17,244,21,6,28.6,12,57.1,132,696,356,17,6,6,12,11,155,43,Matches
6fe90922,Ivan Perišić,hr CRO,"DF,MF",Tottenham,34-067,1989,19.5,1126,54,289,371,474,75,1126,28,10,35.7,15,53.6,502,2937,1592,71,21,27,29,12,612,156,Matches
6dfd8f05,Romain Perraud,fr FRA,DF,Southampton,25-200,1997,19.0,1092,43,316,396,387,37,1092,34,9,26.5,23,67.6,581,2821,1281,29,34,5,25,14,604,121,Matches
53552942,Máximo Perrone,ar ARG,MF,Manchester City,20-093,2003,0.2,22,0,4,12,6,2,22,0,0,,0,,8,20,7,0,0,0,0,0,19,1,Matches
4f565d77,Kalvin Phillips,eng ENG,MF,Manchester City,27-129,1995,0.8,109,6,21,77,12,3,109,0,0,,0,,57,235,67,0,0,0,1,0,81,0,Matches
515ebe8d,Nathaniel Phillips,eng ENG,DF,Liverpool,26-020,1997,0.7,89,3,26,63,2,1,89,0,0,,0,,69,574,393,0,1,0,2,0,60,0,Matches
4806ec67,Jordan Pickford,eng ENG,GK,Everton,29-034,1994,29.0,1120,836,1087,34,0,0,1120,0,0,,0,,586,3782,2481,0,0,0,1,1,443,0,Matches
e541326e,Ethan Pinnock,jm JAM,DF,Brentford,29-316,1993,22.0,1126,250,689,343,97,40,1126,4,1,25.0,1,25.0,430,1802,979,1,2,0,4,6,513,12,Matches
7fcc71d8,Daniel Podence,pt POR,"FW,MF",Wolves,27-171,1995,18.0,831,10,113,307,424,65,831,55,22,40.0,31,56.4,493,2473,1146,40,25,18,45,29,575,138,Matches
4b40d9ca,Nick Pope,eng ENG,GK,Newcastle Utd,30-356,1992,28.2,787,661,781,6,0,0,787,0,0,,0,,413,2454,1458,0,0,0,2,0,284,0,Matches
27d0a506,Pedro Porro,es ESP,DF,Tottenham,23-209,1999,5.7,353,24,110,125,119,13,353,25,8,32.0,14,56.0,198,1064,654,14,5,1,11,6,218,49,Matches
86695068,Dennis Praet,be BEL,"MF,FW",Leicester City,28-331,1994,6.1,290,11,54,140,101,11,290,12,5,41.7,6,50.0,151,823,323,13,6,1,7,8,183,36,Matches
b9403c99,Isaac Price,nir NIR,MF,Everton,19-196,2003,0.4,17,1,5,10,2,0,17,1,1,100.0,0,0.0,10,40,12,1,0,0,1,0,13,0,Matches
1bf33a9a,Christian Pulisic,us USA,"FW,DF",Chelsea,24-204,1998,8.1,401,3,48,157,204,37,401,42,11,26.2,22,52.4,277,2002,970,32,29,12,26,11,305,70,Matches
466fb2c5,Aaron Ramsdale,eng ENG,GK,Arsenal,24-331,1998,30.0,913,669,891,22,0,0,913,1,1,100.0,0,0.0,555,2983,1835,0,1,0,0,0,478,0,Matches
1544f145,Jacob Ramsey,eng ENG,"MF,FW",Aston Villa,21-317,2001,21.5,978,46,191,496,311,57,978,46,16,34.8,19,41.3,571,3809,1894,66,48,15,49,26,629,81,Matches
a1d5bd30,Marcus Rashford,eng ENG,FW,Manchester Utd,25-161,1997,26.5,983,18,89,361,551,149,983,107,37,34.6,60,56.1,615,3913,1845,66,40,42,67,37,751,194,Matches
98ea5115,David Raya,es ESP,GK,Brentford,27-207,1995,30.0,1371,999,1283,88,1,1,1371,1,1,100.0,0,0.0,820,4807,3140,0,0,0,0,0,623,0,Matches
28b40c9c,Tim Ream,us USA,DF,Fulham,35-187,1987,29.0,1988,288,1031,908,60,14,1988,15,10,66.7,3,20.0,1226,6856,4575,25,13,0,14,4,1311,1,Matches
ab651565,Nathan Redmond,eng ENG,DF,Southampton,29-035,1994,0.0,1,0,0,0,1,0,1,0,0,,0,,1,1,1,0,0,0,0,0,1,1,Matches
803ae100,Harrison Reed,eng ENG,MF,Fulham,28-073,1995,24.9,1232,46,226,658,357,35,1232,23,9,39.1,13,56.5,584,2662,932,25,19,2,36,20,738,76,Matches
0f7533cd,Bobby Reid,jm JAM,"FW,DF",Fulham,30-067,1993,24.1,1070,51,211,432,440,65,1070,46,17,37.0,21,45.7,583,2705,1258,44,30,11,49,26,675,161,Matches
1c7012b8,Declan Rice,eng ENG,MF,West Ham,24-086,1999,29.0,1993,105,544,1158,333,15,1992,46,25,54.3,17,37.0,1144,7143,3865,73,63,3,20,24,1308,30,Matches
0a3d6d2b,Chris Richards,us USA,DF,Crystal Palace,23-013,2000,4.0,208,41,109,80,19,5,208,0,0,,0,,82,327,162,2,1,0,2,1,105,1,Matches
fa031b34,Richarlison,br BRA,"MF,FW",Tottenham,25-335,1997,8.3,351,10,67,136,153,44,351,23,6,26.1,14,60.9,212,1304,586,23,16,8,30,15,236,60,Matches
7a1f2c08,Jaïro Riedewald,nl NED,"DF,FW",Crystal Palace,26-213,1996,0.5,42,6,16,16,10,0,42,0,0,,0,,17,73,46,1,1,0,0,0,22,1,Matches
71ef519e,Matt Ritchie,sct SCO,"FW,MF",Newcastle Utd,33-212,1989,0.4,30,1,8,12,11,1,30,1,1,100.0,0,0.0,19,75,31,0,2,0,0,0,23,6,Matches
2e4f5f03,Andrew Robertson,sct SCO,DF,Liverpool,29-030,1994,21.7,1750,63,527,696,537,51,1750,31,13,41.9,16,51.6,911,4604,2688,55,45,7,27,7,1107,164,Matches
289601e6,Antonee Robinson,us USA,DF,Fulham,25-245,1997,25.3,1666,88,562,682,448,24,1666,59,28,47.5,24,40.7,854,5781,3205,82,66,10,31,17,920,121,Matches
da27e268,Marc Roca,es ESP,MF,Leeds United,26-135,1996,21.0,1310,40,279,762,275,22,1310,24,15,62.5,7,29.2,691,3139,1653,18,15,5,22,19,812,22,Matches
17acc2ed,Marek Rodák,sk SVK,GK,Fulham,26-118,1996,2.0,65,58,65,0,0,0,65,0,0,,0,,36,206,94,0,0,0,1,0,21,0,Matches
6434f10d,Rodri,es ESP,MF,Manchester City,26-292,1996,26.7,2752,93,574,1670,524,55,2752,31,21,67.7,6,19.4,1669,8598,4626,66,61,2,18,16,2097,35,Matches
1fb1c435,Rodrigo,es ESP,"FW,MF",Leeds United,32-035,1991,15.8,626,18,61,294,273,84,625,20,9,45.0,11,55.0,357,1825,718,35,15,21,42,15,440,117,Matches
57c94db2,Mads Roerslev,dk DEN,DF,Brentford,23-290,1999,11.2,380,48,159,125,97,12,380,6,2,33.3,3,50.0,169,754,269,8,7,1,13,9,190,33,Matches
a3d94a58,Cristian Romero,ar ARG,DF,Tottenham,24-348,1998,20.3,1463,230,735,644,95,13,1463,21,13,61.9,7,33.3,900,4206,2419,17,22,1,17,10,940,7,Matches
4b511457,Oriol Romeu,es ESP,MF,Southampton,31-198,1991,0.8,37,2,5,19,14,1,37,1,1,100.0,0,0.0,18,128,66,2,1,0,1,0,20,0,Matches
dea698d9,Cristiano Ronaldo,pt POR,FW,Manchester Utd,38-064,1985,5.8,220,8,25,91,106,32,220,9,4,44.4,3,33.3,94,477,288,9,6,3,7,3,167,33,Matches
1b804500,Connor Ronan,ie IRL,MF,Wolves,25-035,1998,0.0,4,0,0,3,1,0,4,1,1,100.0,0,0.0,1,4,2,0,0,0,0,0,3,1,Matches
b318a643,Salomón Rondón,ve VEN,FW,Everton,33-206,1989,1.2,36,1,2,15,19,4,36,1,1,100.0,0,0.0,16,33,3,0,1,0,1,1,32,7,Matches
10a10454,Joe Rothwell,eng ENG,MF,Bournemouth,28-089,1995,6.5,273,15,74,137,66,4,273,18,12,66.7,6,33.3,138,794,353,3,6,1,6,2,152,5,Matches
c64c01fc,Georginio Rutter,fr FRA,"FW,MF",Leeds United,20-355,2002,2.4,103,4,13,39,52,14,103,24,8,33.3,13,54.2,62,323,121,5,1,3,12,12,70,13,Matches
903b6e8b,José Sá,pt POR,GK,Wolves,30-083,1993,30.0,1075,970,1072,4,0,0,1075,2,2,100.0,0,0.0,616,3841,2548,0,0,0,3,0,499,0,Matches
e280527c,Marcel Sabitzer,at AUT,MF,Manchester Utd,29-024,1994,5.7,317,16,63,165,91,14,317,2,1,50.0,1,50.0,180,661,330,8,5,0,5,5,207,18,Matches
2b16cb1a,Allan Saint-Maximin,fr FRA,FW,Newcastle Utd,26-029,1997,11.1,522,5,58,172,307,66,522,82,44,53.7,29,35.4,377,3408,2006,73,42,33,25,28,400,99,Matches
bc7dc64d,Bukayo Saka,eng ENG,FW,Arsenal,21-217,2001,28.0,1519,14,129,400,1006,189,1517,128,47,36.7,58,45.3,969,6844,3646,139,72,66,65,47,1094,414,Matches
e342ad68,Mohamed Salah,eg EGY,FW,Liverpool,30-299,1992,27.8,1118,3,62,358,709,207,1116,91,31,34.1,53,58.2,742,4528,2065,79,38,58,88,58,886,297,Matches
972aeb2a,William Saliba,fr FRA,DF,Arsenal,22-017,2001,26.8,2056,174,905,1094,64,15,2056,11,8,72.7,1,9.1,1323,6658,3908,13,14,1,15,6,1423,2,Matches
0b33f6ad,Mohammed Salisu,gh GHA,DF,Southampton,23-358,1999,21.9,1504,220,755,635,124,25,1504,10,7,70.0,3,30.0,725,3391,1556,5,11,0,5,9,757,4,Matches
1b4f1169,Albert Sambi Lokonga,be BEL,MF,Arsenal,23-170,1999,2.2,154,6,32,95,29,0,154,2,1,50.0,0,0.0,96,393,145,0,6,0,1,1,113,2,Matches
1b4f1169,Albert Sambi Lokonga,be BEL,MF,Crystal Palace,23-170,1999,5.2,293,19,103,153,38,0,293,5,1,20.0,2,40.0,151,736,341,2,2,0,3,4,186,2,Matches
da7b447d,Davinson Sánchez,co COL,DF,Tottenham,26-302,1996,6.5,501,66,262,207,33,8,501,4,1,25.0,2,50.0,285,1080,546,4,2,0,2,2,342,3,Matches
6a713852,Robert Sánchez,es ESP,GK,Brighton,25-143,1997,22.0,791,662,787,4,0,0,791,0,0,,0,,498,2281,1390,0,0,0,0,0,458,0,Matches
dbf053da,Jadon Sancho,eng ENG,"FW,MF",Manchester Utd,23-016,2000,12.2,626,8,75,230,331,63,626,52,22,42.3,27,51.9,408,2290,1259,49,21,29,35,12,461,100,Matches
6e7f1353,Morgan Sanson,fr FRA,MF,Aston Villa,28-235,1994,0.1,9,1,1,4,4,0,9,0,0,,0,,5,11,9,0,0,0,1,0,5,0,Matches
9744ff80,Pablo Sarabia,es ESP,"FW,MF",Wolves,30-334,1992,6.4,339,4,48,143,154,19,339,9,1,11.1,7,77.8,211,995,426,10,13,1,6,12,238,41,Matches
ac0d576d,Jeremy Sarmiento,ec ECU,MF,Brighton,20-298,2002,2.0,100,0,13,39,48,10,100,11,6,54.5,4,36.4,69,386,129,5,3,1,6,7,77,20,Matches
8790f988,Gianluca Scamacca,it ITA,FW,West Ham,24-099,1999,10.3,273,5,13,135,128,38,273,14,6,42.9,6,42.9,143,660,282,13,7,3,23,18,203,48,Matches
2964fd20,Gustavo Scarpa,br BRA,"MF,FW",Nott'ham Forest,29-095,1994,2.0,108,3,24,58,27,1,108,4,1,25.0,2,50.0,67,515,313,9,5,0,1,0,71,4,Matches
52afb588,Kevin Schade,de GER,"FW,MF",Brentford,21-134,2001,3.5,129,2,18,40,75,26,129,24,9,37.5,12,50.0,57,675,267,13,6,8,8,3,75,25,Matches
c8aa95da,Fabian Schär,ch SUI,DF,Newcastle Utd,31-111,1991,26.8,1672,191,838,700,149,54,1672,10,3,30.0,5,50.0,889,4840,3170,22,22,2,15,6,988,19,Matches
3312f911,Jeffrey Schlupp,gh GHA,"MF,FW",Crystal Palace,30-108,1992,24.3,1043,59,254,565,243,39,1043,50,28,56.0,16,32.0,531,2610,1058,26,20,10,27,28,623,55,Matches
d04b94db,Nélson Semedo,pt POR,DF,Wolves,29-145,1993,21.8,1400,110,432,629,356,22,1400,50,23,46.0,23,46.0,774,4187,2112,39,37,4,33,16,822,117,Matches
efd2ec23,Antoine Semenyo,gh GHA,"FW,MF",Bournemouth,23-093,2000,2.7,94,8,24,40,34,4,94,6,3,50.0,2,33.3,56,490,234,5,9,4,12,6,59,11,Matches
35141f4c,Marcos Senesi,ar ARG,DF,Bournemouth,25-335,1997,22.8,1291,274,820,436,46,14,1291,9,5,55.6,4,44.4,702,3193,1701,8,10,0,12,4,736,2,Matches
6aa3e78b,Ryan Sessegnon,eng ENG,DF,Tottenham,22-327,2000,9.0,493,29,157,170,168,27,493,11,5,45.5,4,36.4,233,1435,815,24,11,5,11,10,270,64,Matches
9c94165b,Luke Shaw,eng ENG,DF,Manchester Utd,27-272,1995,21.9,1811,119,572,854,403,19,1811,34,11,32.4,15,44.1,977,5036,2705,52,41,3,18,8,1083,66,Matches
3727dd3c,Jonjo Shelvey,eng ENG,MF,Newcastle Utd,31-042,1992,0.4,28,0,8,18,2,0,28,0,0,,0,,10,63,19,0,0,0,0,0,17,0,Matches
3727dd3c,Jonjo Shelvey,eng ENG,MF,Nott'ham Forest,31-042,1992,6.0,345,23,102,209,35,1,345,4,4,100.0,0,0.0,178,978,442,1,3,0,3,4,214,0,Matches
3eb22ec9,Bernardo Silva,pt POR,"MF,FW",Manchester City,28-243,1994,20.3,1477,24,220,662,607,80,1477,61,26,42.6,28,45.9,922,6101,3109,77,62,28,24,29,1091,159,Matches
86e7deaf,Thiago Silva,br BRA,DF,Chelsea,38-200,1984,20.1,1829,276,948,847,38,18,1829,3,2,66.7,0,0.0,1151,5312,3046,4,9,0,4,1,1321,1,Matches
26d3b5be,Ellis Simms,eng ENG,FW,Everton,22-095,2001,2.2,74,1,2,33,40,11,74,2,2,100.0,0,0.0,33,149,52,2,2,2,3,2,59,16,Matches
8e16dd48,Luis Sinisterra,co COL,FW,Leeds United,23-297,1999,8.2,404,5,42,187,182,27,404,36,17,47.2,14,38.9,242,1441,779,24,14,8,16,19,294,72,Matches
6250083a,Oliver Skipp,eng ENG,MF,Tottenham,22-206,2000,9.1,528,23,129,315,90,4,528,8,5,62.5,3,37.5,301,1315,562,8,10,0,10,7,378,16,Matches
20b104bc,Adam Smith,eng ENG,DF,Bournemouth,31-346,1991,27.4,1279,96,506,541,250,14,1279,26,5,19.2,15,57.7,533,2312,1155,21,18,1,20,4,635,29,Matches
17695062,Emile Smith Rowe,eng ENG,"FW,MF",Arsenal,22-256,2000,1.4,80,1,12,20,48,8,80,4,2,50.0,2,50.0,53,250,106,2,1,0,0,3,56,11,Matches
839c14e1,Cédric Soares,pt POR,DF,Arsenal,31-222,1991,0.3,27,2,8,9,10,0,27,0,0,,0,,14,87,67,1,2,0,0,0,20,0,Matches
839c14e1,Cédric Soares,pt POR,DF,Fulham,31-222,1991,0.9,113,2,16,51,46,2,113,0,0,,0,,70,275,135,2,1,1,1,0,80,6,Matches
e77dc3b2,Dominic Solanke,eng ENG,FW,Bournemouth,25-208,1997,23.8,739,41,121,318,318,118,739,85,34,40.0,43,50.6,469,3343,1287,45,29,26,100,57,533,125,Matches
886f9aac,Manor Solomon,il ISR,FW,Fulham,23-260,1999,4.6,206,8,49,64,98,8,206,19,11,57.9,6,31.6,131,1008,458,9,10,2,8,10,132,38,Matches
6613c819,Tomáš Souček,cz CZE,MF,West Ham,28-042,1995,24.6,1074,96,341,517,220,54,1074,14,2,14.3,9,64.3,425,1661,572,11,14,0,17,17,583,39,Matches
ae59b359,Boubakary Soumaré,fr FRA,MF,Leicester City,24-042,1999,11.3,723,30,222,456,55,0,723,7,4,57.1,2,28.6,384,1789,741,12,6,0,16,13,486,12,Matches
0a6cb1b1,Harry Souttar,au AUS,DF,Leicester City,24-170,1998,9.0,585,84,319,253,17,13,585,4,2,50.0,0,0.0,355,1733,876,6,1,1,2,0,380,4,Matches
21166ff4,Çağlar Söyüncü,tr TUR,DF,Leicester City,26-322,1996,0.9,57,11,37,20,0,0,57,0,0,,0,,34,162,104,1,0,0,0,0,41,0,Matches
9bc9a519,Djed Spence,eng ENG,"FW,DF",Tottenham,22-244,2000,0.1,12,0,3,1,8,2,12,1,0,0.0,0,0.0,8,92,66,2,1,1,0,2,10,2,Matches
558807c0,Jack Stacey,eng ENG,DF,Bournemouth,27-004,1996,3.3,167,17,66,56,47,2,167,7,3,42.9,4,57.1,73,458,221,9,4,1,3,4,76,15,Matches
6992791d,Junior Stanislas,eng ENG,MF,Bournemouth,33-135,1989,0.7,34,0,3,15,16,3,34,0,0,,0,,18,92,13,0,1,0,1,1,27,5,Matches
b2626673,Jay Stansfield,eng ENG,FW,Fulham,20-137,2002,1.0,35,2,7,14,15,7,35,0,0,,0,,13,88,35,2,2,0,2,2,23,4,Matches
28300a16,Jason Steele,eng ENG,GK,Brighton,32-235,1990,6.0,212,180,212,0,0,0,212,0,0,,0,,158,725,413,0,0,0,0,0,135,0,Matches
6adbc307,Jack Stephens,eng ENG,DF,Southampton,29-073,1994,0.5,33,4,8,17,8,0,33,0,0,,0,,16,135,86,3,2,0,0,1,25,0,Matches
6adbc307,Jack Stephens,eng ENG,DF,Bournemouth,29-073,1994,11.0,502,107,299,185,20,7,502,3,3,100.0,0,0.0,255,1092,472,2,0,0,4,1,282,3,Matches
b400bde0,Raheem Sterling,eng ENG,"FW,MF",Chelsea,28-123,1994,15.7,684,3,51,197,446,87,684,70,27,38.6,38,54.3,499,2920,1475,59,40,34,38,42,575,143,Matches
5eecec3d,John Stones,eng ENG,"DF,MF",Manchester City,28-317,1994,15.7,1326,65,396,762,173,19,1326,8,5,62.5,0,0.0,828,4508,2281,21,26,1,5,3,1028,29,Matches
f4d296e4,Pascal Struijk,nl NED,DF,Leeds United,23-242,1999,21.7,1484,77,475,666,349,27,1484,18,9,50.0,7,38.9,637,2561,1357,22,21,1,23,10,748,45,Matches
a62f8bf1,Kamaldeen Sulemana,gh GHA,"FW,MF",Southampton,21-054,2002,6.9,289,1,26,112,158,32,289,51,24,47.1,26,51.0,194,1593,593,19,21,14,19,12,200,58,Matches
df04eb4b,Crysencio Summerville,nl NED,FW,Leeds United,21-162,2001,12.3,525,7,82,200,256,53,525,46,19,41.3,18,39.1,349,2136,1151,46,23,13,37,30,369,68,Matches
b017b770,Sam Surridge,eng ENG,FW,Nott'ham Forest,24-256,1998,3.1,119,8,24,45,54,14,119,5,2,40.0,2,40.0,59,310,126,2,4,1,11,3,79,14,Matches
e9971f2d,Japhet Tanganga,eng ENG,DF,Tottenham,24-010,1999,1.6,104,4,44,58,3,0,104,2,1,50.0,1,50.0,66,293,133,1,2,0,3,1,69,2,Matches
e514ab62,Matt Targett,eng ENG,DF,Newcastle Utd,27-204,1995,4.8,330,12,87,137,108,0,330,1,1,100.0,0,0.0,145,500,297,2,5,0,4,5,175,12,Matches
15ea812b,James Tarkowski,eng ENG,DF,Everton,30-142,1992,30.0,1750,304,904,775,80,60,1750,8,7,87.5,1,12.5,827,3785,1992,11,2,0,19,5,1022,7,Matches
5c0da4a4,Marcus Tavernier,eng ENG,"MF,FW",Bournemouth,24-019,1999,16.6,810,28,165,320,354,49,810,79,36,45.6,37,46.8,472,3285,1615,52,36,16,42,32,500,111,Matches
7120a04d,Tetê,br BRA,FW,Leicester City,23-054,2000,5.7,251,4,39,124,93,24,251,24,15,62.5,7,29.2,152,1078,533,19,8,11,15,10,164,39,Matches
77d7c96f,Kenny Tete,nl NED,DF,Fulham,27-183,1995,20.8,1382,83,409,645,346,19,1382,20,12,60.0,6,30.0,586,3057,1585,49,38,3,18,17,685,48,Matches
fc027d02,Luke Thomas,eng ENG,DF,Leicester City,21-304,2001,8.0,562,25,224,271,71,3,562,8,4,50.0,3,37.5,245,999,441,7,5,1,5,5,293,7,Matches
56f7a928,Youri Tielemans,be BEL,MF,Leicester City,25-338,1997,19.0,1436,40,332,817,303,10,1434,24,16,66.7,4,16.7,715,3054,1606,27,19,1,28,11,1004,47,Matches
fce2302c,Kieran Tierney,sct SCO,DF,Arsenal,25-309,1997,5.9,424,17,98,195,132,9,424,7,2,28.6,2,28.6,241,1423,665,21,11,2,5,0,255,24,Matches
a105d46a,Harry Toffolo,eng ENG,DF,Nott'ham Forest,27-234,1995,9.8,464,46,162,170,139,12,464,8,3,37.5,4,50.0,176,685,322,8,6,4,9,6,207,40,Matches
b3af9be1,Takehiro Tomiyasu,jp JPN,DF,Arsenal,24-156,1998,7.4,557,26,138,293,130,17,557,4,1,25.0,2,50.0,311,1380,624,14,7,1,7,4,344,28,Matches
e7ca0439,James Tomkins,eng ENG,DF,Crystal Palace,34-012,1989,3.7,208,34,142,59,7,3,208,1,1,100.0,0,0.0,117,429,220,1,1,0,2,1,130,1,Matches
e09f279b,Ivan Toney,eng ENG,FW,Brentford,27-025,1996,27.9,1070,47,126,462,488,140,1063,44,12,27.3,24,54.5,527,2073,588,11,17,6,87,37,768,137,Matches
9a28eba4,Adama Traoré,es ESP,"FW,MF",Wolves,27-075,1996,14.0,609,10,73,227,325,46,609,87,39,44.8,29,33.3,405,3458,1802,71,36,19,54,23,483,138,Matches
c47541e0,Bertrand Traoré,bf BFA,"FW,MF",Aston Villa,27-216,1995,1.4,53,0,2,15,36,8,53,3,1,33.3,2,66.7,36,248,130,6,2,3,4,3,41,17,Matches
999ceb5f,Boubacar Traoré,ml MLI,MF,Wolves,21-233,2001,4.3,157,6,37,96,26,2,157,7,3,42.9,3,42.9,74,448,241,4,3,0,2,3,84,2,Matches
fe558029,Mark Travers,ie IRL,GK,Bournemouth,23-327,1999,10.5,354,328,353,1,0,0,354,0,0,,0,,159,786,413,0,0,0,0,0,120,0,Matches
21512407,Kieran Trippier,eng ENG,DF,Newcastle Utd,32-203,1990,28.4,2307,96,562,972,788,19,2307,30,15,50.0,11,36.7,946,3196,1589,26,31,1,24,6,1176,118,Matches
38ceb24a,Leandro Trossard,be BEL,FW,Arsenal,28-127,1994,6.2,330,4,29,105,201,26,330,18,12,66.7,3,16.7,224,1534,772,26,12,6,7,13,252,72,Matches
38ceb24a,Leandro Trossard,be BEL,"FW,MF",Brighton,28-127,1994,14.6,697,3,62,278,368,90,697,40,14,35.0,19,47.5,429,2443,1192,40,27,24,38,26,531,118,Matches
f315ca93,Kostas Tsimikas,gr GRE,DF,Liverpool,26-333,1996,6.9,569,21,142,204,226,22,569,13,3,23.1,8,61.5,274,1558,762,19,8,5,11,7,321,69,Matches
dd549382,Deniz Undav,de GER,"FW,MF",Brighton,26-265,1996,2.9,95,1,6,27,62,23,95,1,0,0.0,1,100.0,42,156,89,3,3,2,6,5,71,22,Matches
531a4aa8,Yan Valery,tn TUN,DF,Southampton,24-047,1999,0.5,28,3,7,18,3,0,28,0,0,,0,,17,91,18,0,1,0,1,3,20,0,Matches
e06683ca,Virgil van Dijk,nl NED,DF,Liverpool,31-276,1991,23.5,2058,273,988,977,98,49,2058,1,1,100.0,0,0.0,1230,4990,2424,10,12,2,6,0,1464,6,Matches
9f8e9423,Raphaël Varane,fr FRA,DF,Manchester Utd,29-350,1993,18.3,1119,136,537,543,42,16,1119,7,4,57.1,3,42.9,684,4701,2690,16,15,0,2,1,731,3,Matches
45963054,Jamie Vardy,eng ENG,FW,Leicester City,36-089,1987,15.7,334,23,42,135,159,56,334,18,6,33.3,10,55.6,147,706,252,12,6,10,25,14,202,81,Matches
dad4b285,Joël Veltman,nl NED,DF,Brighton,31-085,1992,21.8,1607,87,528,822,267,22,1607,19,5,26.3,8,42.1,876,4162,2158,42,31,2,19,7,986,46,Matches
6412cc03,Fabio Vieira,pt POR,"MF,FW",Arsenal,22-315,2000,4.6,291,3,23,131,140,23,291,17,6,35.3,10,58.8,179,686,238,5,7,1,11,7,208,34,Matches
08eb3b58,Matías Viña,uy URU,"MF,DF",Bournemouth,25-152,1997,0.2,16,4,9,5,4,0,16,5,3,60.0,1,20.0,8,89,74,1,1,0,0,0,6,1,Matches
b937e490,Rúben Vinagre,pt POR,"DF,MF",Everton,24-001,1999,0.3,31,1,7,16,9,0,31,3,1,33.3,0,0.0,15,98,52,2,1,0,1,1,17,1,Matches
8b529245,Carlos Vinícius,br BRA,FW,Fulham,28-016,1995,8.2,232,9,14,93,127,39,232,8,1,12.5,6,75.0,125,487,158,4,6,3,34,11,168,31,Matches
1ecb65be,Theo Walcott,eng ENG,"FW,MF",Southampton,34-025,1989,6.9,218,6,44,88,93,24,218,12,4,33.3,7,58.3,132,725,414,10,4,6,12,7,139,34,Matches
86dd77d1,Kyle Walker,eng ENG,DF,Manchester City,32-317,1990,13.3,1276,30,262,798,224,7,1276,9,7,77.8,2,22.2,748,3495,1863,30,26,1,9,2,989,34,Matches
984a5a64,Kyle Walker-Peters,eng ENG,DF,Southampton,25-362,1997,21.4,1231,58,321,539,393,36,1231,72,35,48.6,27,37.5,637,4278,2325,74,56,12,31,34,662,89,Matches
9e525177,Aaron Wan-Bissaka,eng ENG,DF,Manchester Utd,25-135,1997,9.2,592,41,194,241,160,22,592,19,10,52.6,9,47.4,304,1511,792,24,13,3,9,5,337,36,Matches
d3ce0e89,Danny Ward,wls WAL,GK,Leicester City,29-292,1993,26.0,1000,806,996,5,0,0,1000,0,0,,0,,559,2832,1665,0,0,0,0,0,482,0,Matches
8a7ff278,Joel Ward,eng ENG,DF,Crystal Palace,33-163,1989,17.6,996,97,414,399,187,13,996,6,4,66.7,1,16.7,395,1443,660,8,10,0,16,6,498,31,Matches
3515d404,James Ward-Prowse,eng ENG,MF,Southampton,28-160,1994,30.0,2025,69,350,1120,563,22,2022,15,6,40.0,8,53.3,971,3642,1686,18,24,0,21,21,1201,45,Matches
aed3a70f,Ollie Watkins,eng ENG,FW,Aston Villa,27-101,1995,26.8,752,37,73,299,391,130,751,54,15,27.8,28,51.9,387,2162,1007,42,24,26,71,33,549,151,Matches
c40b6180,Adam Webster,eng ENG,DF,Brighton,28-096,1995,17.9,1515,129,662,770,90,20,1515,8,3,37.5,4,50.0,971,4887,2857,16,12,0,8,4,1078,7,Matches
c4e87b8b,Wout Weghorst,nl NED,"FW,MF",Manchester Utd,30-246,1992,6.9,208,13,35,108,66,19,208,7,2,28.6,4,57.1,115,295,58,1,4,0,10,10,144,33,Matches
ce5143da,Danny Welbeck,eng ENG,FW,Brighton,32-135,1990,15.8,500,14,29,183,293,89,500,32,17,53.1,12,37.5,292,1306,605,21,11,7,54,14,378,106,Matches
35e413f1,Ben White,eng ENG,DF,Arsenal,25-184,1997,25.9,1985,74,414,1025,554,36,1985,25,6,24.0,13,52.0,1133,5127,2761,52,35,2,23,6,1334,99,Matches
4d90ce8c,Harvey White,eng ENG,MF,Tottenham,21-203,2001,0.1,8,0,0,4,4,0,8,0,0,,0,,5,11,4,0,0,0,0,0,5,1,Matches
3f847d95,Joseph Whitworth,eng ENG,GK,Crystal Palace,19-040,2004,2.0,87,79,87,0,0,0,87,0,0,,0,,52,208,109,0,0,0,0,0,50,0,Matches
dd323728,Neco Williams,wls WAL,DF,Nott'ham Forest,21-362,2001,18.2,1065,70,394,402,291,19,1065,46,18,39.1,24,52.2,518,3290,1851,42,29,3,28,17,498,65,Matches
8b9ebd03,Willian,br BRA,FW,Fulham,34-244,1988,17.1,785,6,90,290,420,52,785,49,26,53.1,13,26.5,535,3824,1896,67,53,18,33,19,579,101,Matches
a3b03921,Joe Willock,eng ENG,MF,Newcastle Utd,23-233,1999,22.3,1056,37,170,463,438,85,1056,67,24,35.8,34,50.7,611,4011,2192,74,43,25,53,20,704,116,Matches
c596fcb0,Callum Wilson,eng ENG,FW,Newcastle Utd,31-042,1992,15.1,346,6,19,131,196,84,345,20,5,25.0,11,55.0,221,1098,506,21,10,10,51,23,274,90,Matches
c6dc9ecd,Harry Wilson,wls WAL,FW,Fulham,26-019,1997,5.1,255,10,44,97,116,16,255,10,7,70.0,3,30.0,163,924,295,8,8,4,10,10,183,40,Matches
2500cef9,Yoane Wissa,cd COD,FW,Brentford,26-219,1996,13.5,412,13,59,159,204,42,412,39,18,46.2,14,35.9,248,1269,541,17,8,6,32,21,269,83,Matches
4b803b3c,Maximilian Wöber,at AUT,DF,Leeds United,25-065,1998,8.8,530,65,251,248,34,11,530,0,0,,0,,280,1511,897,7,3,0,3,1,281,3,Matches
4e9a0555,Chris Wood,nz NZL,FW,Newcastle Utd,31-124,1991,5.0,149,8,19,70,60,16,148,2,1,50.0,0,0.0,52,159,62,1,1,0,12,5,101,23,Matches
4e9a0555,Chris Wood,nz NZL,FW,Nott'ham Forest,31-124,1991,4.1,99,4,12,57,31,8,99,2,0,0.0,2,100.0,50,189,70,2,2,0,11,6,79,12,Matches
a5212312,Joe Worrall,eng ENG,DF,Nott'ham Forest,26-090,1997,18.9,1158,158,652,449,60,20,1158,2,2,100.0,0,0.0,595,2638,1460,5,5,1,4,4,697,1,Matches
e61b8aee,Granit Xhaka,ch SUI,MF,Arsenal,30-195,1992,27.4,1626,70,275,771,587,93,1626,20,10,50.0,8,40.0,960,3594,1795,34,33,8,31,21,1203,154,Matches
c1fe2a48,Ryan Yates,eng ENG,MF,Nott'ham Forest,25-140,1997,16.6,664,52,191,351,128,32,664,8,4,50.0,3,37.5,257,1104,513,10,3,3,17,15,326,23,Matches
be927d03,Ashley Young,eng ENG,DF,Aston Villa,37-275,1985,17.1,1096,68,386,529,197,5,1096,15,7,46.7,6,40.0,533,2450,1202,22,16,4,11,4,593,30,Matches
88968486,Illia Zabarnyi,ua UKR,DF,Bournemouth,20-221,2002,0.1,1,0,1,0,0,0,1,0,0,,0,,1,7,7,0,0,0,0,0,1,0,Matches
b2bc3b1f,Wilfried Zaha,ci CIV,"FW,MF",Crystal Palace,30-151,1992,22.9,913,11,92,349,486,123,911,121,46,38.0,61,50.4,636,4173,1802,70,38,47,90,80,713,212,Matches
384d58d9,Denis Zakaria,ch SUI,MF,Chelsea,26-141,1996,3.8,200,8,55,105,44,2,200,8,5,62.5,3,37.5,132,618,286,9,3,2,4,8,148,3,Matches
e8271ad9,Jordan Zemura,zw ZIM,DF,Bournemouth,23-147,1999,16.2,808,46,302,297,222,31,808,40,18,45.0,18,45.0,375,2345,1235,39,29,10,35,16,409,48,Matches
51cf8561,Oleksandr Zinchenko,ua UKR,DF,Arsenal,26-116,1996,20.3,1831,56,382,909,558,30,1831,23,14,60.9,8,34.8,1088,6181,3438,63,60,7,16,14,1213,60,Matches
6622454d,Hakim Ziyech,ma MAR,"FW,MF",Chelsea,30-022,1993,6.4,416,8,61,163,195,12,416,27,12,44.4,12,44.4,254,1166,481,13,13,4,6,13,295,56,Matches
ce4246f5,Kurt Zouma,fr FRA,DF,West Ham,28-165,1994,18.4,910,200,574,310,28,23,910,3,1,33.3,2,66.7,475,2002,940,1,1,0,6,1,567,1,Matches
79300479,Martin Ødegaard,no NOR,MF,Arsenal,24-114,1998,27.4,1655,20,159,686,825,98,1655,66,38,57.6,23,34.8,1014,5431,2362,68,45,23,37,41,1205,155,Matches
