id,Player,Nation,Pos,Squad,Age,Born,90s,SCA,SCA90,PassLive,PassDead,TO,Sh,Fld,Def,GCA,GCA90,PassLive.1,PassDead.1,TO.1,Sh.1,Fld.1,Def.1,Matches
32c2d95f,Yunis Abdelhamid,ma MAR,DF,Reims,35-154,1987,25.0,29,1.16,23,0,0,4,0,2,4,0.16,3,0,0,1,0,0,Matches
7978cbf0,Himad Abdelli,fr FRA,"MF,FW",Angers,23-104,1999,11.6,29,2.51,27,0,0,1,0,1,0,0.00,0,0,0,0,0,0,Matches
82464ce3,Salis Abdul Samed,gh GHA,MF,Lens,22-340,2000,23.0,41,1.79,36,0,2,2,0,1,0,0.00,0,0,0,0,0,0,Matches
31626657,Laurent Abergel,fr FRA,MF,Lorient,30-028,1993,14.2,19,1.33,15,2,0,1,0,1,1,0.07,1,0,0,0,0,0,Matches
0e46fa2f,Matthis Abline,fr FRA,FW,Auxerre,19-338,2003,4.9,7,1.43,5,0,1,0,1,0,1,0.20,0,0,0,0,1,0,Matches
0e46fa2f,Matthis Abline,fr FRA,"FW,MF",Rennes,19-338,2003,1.2,7,5.94,2,0,0,3,1,1,2,1.70,0,0,0,0,1,1,Matches
c2a6033c,Zakaria Aboukhlal,ma MAR,"FW,MF",Toulouse,23-011,2000,19.5,47,2.41,29,0,3,6,8,1,5,0.26,3,0,1,0,1,0,Matches
1e93fc5d,Mohamed Achi,fr FRA,FW,Nantes,21-044,2002,0.4,1,2.50,1,0,0,0,0,0,0,0.00,0,0,0,0,0,0,Matches
7587446d,Martin Adeline,fr FRA,"MF,FW",Reims,19-089,2003,1.2,2,1.68,2,0,0,0,0,0,0,0.00,0,0,0,0,0,0,Matches
75f1ed80,Emmanuel Agbadou,ci CIV,DF,Reims,25-257,1997,18.8,21,1.12,17,1,0,3,0,0,3,0.16,2,0,0,1,0,0,Matches
8bc8829a,Lucien Agoume,fr FRA,MF,Troyes,21-020,2002,6.2,11,1.78,11,0,0,0,0,0,0,0.00,0,0,0,0,0,0,Matches
3dd738a1,Ruben Aguilar,fr FRA,DF,Monaco,29-309,1993,6.8,8,1.17,6,1,0,1,0,0,2,0.29,2,0,0,0,0,0,Matches
22396615,Amar Ahmed,se SWE,FW,Troyes,19-010,2004,0.2,0,0.00,0,0,0,0,0,0,0,0.00,0,0,0,0,0,0,Matches
48b28bfd,Jean-Eudes Aholou,ci CIV,MF,Strasbourg,28-346,1994,9.3,13,1.41,9,0,0,0,1,3,1,0.11,1,0,0,0,0,0,Matches
462475ed,Ludovic Ajorque,fr FRA,FW,Strasbourg,29-004,1994,8.6,22,2.57,20,0,0,2,0,0,2,0.23,1,0,0,1,0,0,Matches
b625b241,Maghnes Akliouche,fr FRA,"MF,DF",Monaco,21-004,2002,2.8,5,1.81,5,0,0,0,0,0,0,0.00,0,0,0,0,0,0,Matches
9e17ccff,Doğan Alemdar,tr TUR,GK,Rennes,20-123,2002,2.5,0,0.00,0,0,0,0,0,0,0,0.00,0,0,0,0,0,0,Matches
1956b948,Jim Allevinah,ga GAB,"DF,FW",Clermont Foot,28-002,1995,15.4,31,2.01,25,1,3,1,1,0,1,0.06,0,0,0,1,0,0,Matches
0a63446f,Mickaël Alphonse,gp GLP,DF,Ajaccio,33-232,1989,10.6,15,1.42,11,1,1,1,0,1,0,0.00,0,0,0,0,0,0,Matches
9260926b,Ibrahim Amadou,fr FRA,"DF,MF",Angers,29-329,1993,4.7,3,0.64,3,0,0,0,0,0,0,0.00,0,0,0,0,0,0,Matches
ae11ba3d,Ayoub Amraoui,fr FRA,DF,Nice,18-291,2004,1.0,0,0.00,0,0,0,0,0,0,0,0.00,0,0,0,0,0,0,Matches
ef9c1c95,Benjamin André,fr FRA,MF,Lille,32-210,1990,22.5,57,2.53,53,0,0,2,1,1,6,0.27,5,0,0,0,1,0,Matches
af3ddb2e,Komnen Andrić,rs SRB,FW,Clermont Foot,27-243,1995,14.3,29,2.03,24,0,1,2,2,0,3,0.21,1,0,0,2,0,0,Matches
a5db0bec,Houssem Aouar,fr FRA,MF,Lyon,24-244,1998,4.5,8,1.79,7,0,0,1,0,0,2,0.45,2,0,0,0,0,0,Matches
b94b8be1,Adil Aouchiche,fr FRA,"MF,FW",Lorient,20-229,2002,1.1,4,3.53,3,0,0,1,0,0,0,0.00,0,0,0,0,0,0,Matches
feb5d3ab,Dennis Appiah,fr FRA,"DF,MF",Nantes,30-265,1992,8.8,11,1.25,8,1,2,0,0,0,1,0.11,1,0,0,0,0,0,Matches
c5e6c017,Taïryk Arconte,fr FRA,FW,Brest,19-109,2003,1.4,3,2.11,2,1,0,0,0,0,0,0.00,0,0,0,0,0,0,Matches
508a9011,Mohamed El Arouch,fr FRA,MF,Lyon,18-329,2004,0.0,1,90.00,1,0,0,0,0,0,0,0.00,0,0,0,0,0,0,Matches
b026bbf6,Lorenz Assignon,tg TOG,DF,Rennes,22-252,2000,2.2,3,1.39,3,0,0,0,0,0,1,0.46,1,0,0,0,0,0,Matches
6a827d8e,Youcef Atal,dz ALG,"DF,MF",Nice,26-288,1996,7.1,26,3.67,19,0,3,2,2,0,2,0.28,1,0,1,0,0,0,Matches
6b5edd5d,Valentin Atangana Edoa,fr FRA,MF,Reims,17-188,2005,0.0,0,0.00,0,0,0,0,0,0,0,0.00,0,0,0,0,0,0,Matches
7dfbba27,Mathias Autret,fr FRA,"MF,FW",Auxerre,32-000,1991,14.0,52,3.72,33,12,3,3,0,1,7,0.50,3,2,0,2,0,0,Matches
a94d93be,Cédric Avinel,gp GLP,DF,Ajaccio,36-171,1986,14.2,3,0.21,1,1,0,1,0,0,1,0.07,0,0,0,1,0,0,Matches
114bbdee,Loïc Bade,fr FRA,DF,Rennes,22-324,2000,1.0,1,1.00,0,0,0,1,0,0,1,1.00,0,0,0,1,0,0,Matches
06df8256,Benoît Badiashile,fr FRA,DF,Monaco,21-340,2001,9.3,4,0.43,2,0,0,2,0,0,0,0.00,0,0,0,0,0,0,Matches
a1232f4e,Eric Bailly,ci CIV,DF,Marseille,28-323,1994,4.7,2,0.43,2,0,0,0,0,0,0,0.00,0,0,0,0,0,0,Matches
5065d67d,Dénys Bain,fr FRA,DF,Auxerre,29-242,1993,1.4,0,0.00,0,0,0,0,0,0,0,0.00,0,0,0,0,0,0,Matches
7e3e825e,Brandon Baiye,be BEL,MF,Clermont Foot,22-064,2000,0.6,2,3.40,2,0,0,0,0,0,0,0.00,0,0,0,0,0,0,Matches
0af4dcf0,Cédric Bakambu,cd COD,MF,Marseille,31-324,1991,0.7,2,3.05,2,0,0,0,0,0,1,1.53,1,0,0,0,0,0,Matches
3975195f,Thierno Balde,fr FRA,DF,Troyes,20-264,2002,16.7,30,1.80,22,2,2,1,3,0,3,0.18,1,0,1,0,1,0,Matches
a1390d2f,Carlos Baleba,cm CMR,MF,Lille,19-057,2004,3.0,9,2.97,6,0,1,1,0,1,0,0.00,0,0,0,0,0,0,Matches
7c3ed041,Leonardo Balerdi,ar ARG,DF,Marseille,24-034,1999,21.6,6,0.28,5,0,0,1,0,0,1,0.05,1,0,0,0,0,0,Matches
31822f8c,Folarin Balogun,eng ENG,FW,Reims,21-241,2001,20.6,47,2.28,28,0,8,6,5,0,7,0.34,3,0,2,0,2,0,Matches
7fecbcdb,Abdoulaye Bamba,ci CIV,DF,Angers,32-310,1990,6.2,5,0.81,4,0,0,0,0,1,0,0.00,0,0,0,0,0,0,Matches
b2bd0f6c,Jonathan Bamba,fr FRA,FW,Lille,26-340,1996,19.0,78,4.12,66,2,2,6,2,0,11,0.58,8,0,0,3,0,0,Matches
a0d55a09,Bradley Barcola,fr FRA,"FW,MF",Lyon,20-180,2002,5.6,7,1.25,5,0,1,1,0,0,1,0.18,1,0,0,0,0,0,Matches
1ddbc7ca,Melvin Bard,fr FRA,DF,Nice,22-115,2000,17.6,17,0.96,16,1,0,0,0,0,0,0.00,0,0,0,0,0,0,Matches
3a24769f,Ross Barkley,eng ENG,"FW,MF",Nice,29-086,1993,7.0,25,3.76,14,5,4,2,0,0,3,0.45,2,0,1,0,0,0,Matches
e3844ecb,Mickaël Barreto,fr FRA,MF,Ajaccio,32-042,1991,4.9,17,3.44,12,5,0,0,0,0,1,0.20,1,0,0,0,0,0,Matches
20e0dd86,Cyrille Bayala,bf BFA,MF,Ajaccio,26-281,1996,15.9,34,2.14,21,1,3,1,4,4,2,0.13,1,0,0,0,0,1,Matches
5e6355f8,Yanis Begraoui,fr FRA,"FW,MF",Toulouse,21-240,2001,0.7,2,2.77,2,0,0,0,0,0,0,0.00,0,0,0,0,0,0,Matches
4a5e83ad,Alexis Beka Beka,fr FRA,MF,Nice,21-337,2001,3.1,5,1.63,3,0,0,0,2,0,0,0.00,0,0,0,0,0,0,Matches
5680bf3f,Jérémie Bela,ao ANG,"DF,MF",Clermont Foot,29-327,1993,7.1,9,1.26,7,0,1,0,1,0,3,0.42,1,0,1,0,1,0,Matches
1a248246,Youcef Belaïli,dz ALG,"MF,FW",Ajaccio,30-352,1992,9.6,40,4.18,20,9,2,4,5,0,10,1.04,5,0,2,1,2,0,Matches
1a248246,Youcef Belaïli,dz ALG,"FW,MF",Brest,30-352,1992,4.0,15,3.79,8,6,0,0,1,0,2,0.51,0,2,0,0,0,0,Matches
2b1bed19,Haris Belkebla,dz ALG,MF,Brest,29-032,1994,17.8,31,1.74,26,0,0,0,3,2,1,0.06,0,0,0,0,1,0,Matches
10f0fdd3,Jean-Ricner Bellegarde,fr FRA,MF,Strasbourg,24-247,1998,17.7,63,3.57,43,13,2,1,4,0,7,0.40,6,0,0,1,0,0,Matches
c678ddd7,Jeanöel Belocian,fr FRA,DF,Rennes,18-012,2005,1.1,0,0.00,0,0,0,0,0,0,0,0.00,0,0,0,0,0,0,Matches
3bd65247,Eliesse Ben Seghir,fr FRA,"FW,MF",Monaco,18-013,2005,6.8,16,2.35,13,0,2,0,1,0,1,0.15,1,0,0,0,0,0,Matches
1f6298f2,Salim Ben Seghir,fr FRA,MF,Marseille,20-005,2003,0.0,0,0.00,0,0,0,0,0,0,0,0.00,0,0,0,0,0,0,Matches
942b4f90,Wissam Ben Yedder,fr FRA,FW,Monaco,32-201,1990,13.8,34,2.46,24,0,3,3,2,2,8,0.58,5,0,0,2,0,1,Matches
3189f61a,Nabil Bentaleb,dz ALG,MF,Angers,28-097,1994,19.5,50,2.56,31,13,4,1,1,0,4,0.20,2,2,0,0,0,0,Matches
e4114f5d,Patrick Berg,no NOR,"MF,FW",Lens,25-097,1997,0.3,2,7.20,2,0,0,0,0,0,0,0.00,0,0,0,0,0,0,Matches
0b2c9aec,Mitchell van Bergen,nl NED,"FW,DF",Reims,23-186,1999,7.6,24,3.15,16,2,2,2,1,1,3,0.39,1,0,0,1,1,0,Matches
3916b09c,Quentin Bernard,fr FRA,DF,Auxerre,33-237,1989,7.0,11,1.57,10,1,0,0,0,0,1,0.14,1,0,0,0,0,0,Matches
28dabd43,Paul Bernardoni,fr FRA,GK,Angers,25-317,1997,17.0,0,0.00,0,0,0,0,0,0,0,0.00,0,0,0,0,0,0,Matches
433dc9a2,Juan Bernat,es ESP,DF,Paris S-G,30-000,1993,11.9,26,2.19,24,0,2,0,0,0,4,0.34,4,0,0,0,0,0,Matches
03e91055,Jason Berthomier,fr FRA,MF,Clermont Foot,33-054,1990,0.3,0,0.00,0,0,0,0,0,0,0,0.00,0,0,0,0,0,0,Matches
47c609d5,El Bilal Touré,ml MLI,FW,Reims,21-149,2001,1.0,2,1.98,2,0,0,0,0,0,0,0.00,0,0,0,0,0,0,Matches
a3e1d20d,Jean-Claude Billong,cm CMR,MF,Clermont Foot,29-063,1993,0.3,0,0.00,0,0,0,0,0,0,0,0.00,0,0,0,0,0,0,Matches
636247ca,Veljko Birmančević,rs SRB,"FW,MF",Toulouse,24-361,1998,3.5,9,2.59,6,0,0,0,3,0,2,0.58,1,0,0,0,1,0,Matches
3d214e5f,Marco Bizot,nl NED,GK,Brest,31-356,1991,24.0,3,0.12,3,0,0,0,0,0,0,0.00,0,0,0,0,0,0,Matches
967f34d3,Rubén Blanco,es ESP,GK,Marseille,27-219,1995,4.0,1,0.25,1,0,0,0,0,0,0,0.00,0,0,0,0,0,0,Matches
6191093d,Ludovic Blas,fr FRA,"FW,MF",Nantes,25-060,1997,20.5,87,4.23,58,11,9,8,1,0,4,0.19,3,0,0,1,0,0,Matches
3cdfc63e,Miha Blažič,si SVN,DF,Angers,29-297,1993,18.2,5,0.27,5,0,0,0,0,0,1,0.05,1,0,0,0,0,0,Matches
6a9e4913,Joaquín Blázquez,ar ARG,GK,Brest,22-032,2001,1.0,0,0.00,0,0,0,0,0,0,0,0.00,0,0,0,0,0,0,Matches
5b479568,Myron Boadu,nl NED,FW,Monaco,22-046,2001,1.4,5,3.54,5,0,0,0,0,0,0,0.00,0,0,0,0,0,0,Matches
2db2fd7b,Jérôme Boateng,de GER,DF,Lyon,34-179,1988,3.5,2,0.57,2,0,0,0,0,0,0,0.00,0,0,0,0,0,0,Matches
7d937aa1,Antonin Bobichon,fr FRA,MF,Angers,27-168,1995,0.2,2,10.00,2,0,0,0,0,0,0,0.00,0,0,0,0,0,0,Matches
f6496133,Quentin Boisgard,fr FRA,MF,Lorient,25-349,1997,2.0,9,4.38,9,0,0,0,0,0,1,0.49,1,0,0,0,0,0,Matches
9f936061,Neto Borges,br BRA,DF,Clermont Foot,26-169,1996,21.0,53,2.52,48,1,3,1,0,0,0,0.00,0,0,0,0,0,0,Matches
c03b7266,Kenji-Van Boto,mg MAD,DF,Auxerre,26-359,1996,1.0,0,0.00,0,0,0,0,0,0,0,0.00,0,0,0,0,0,0,Matches
65fcf987,Kouamé Botué,bf BFA,"FW,MF",Ajaccio,20-206,2002,2.5,8,3.16,4,0,0,1,3,0,1,0.39,0,0,0,1,0,0,Matches
0400dd2f,Badredine Bouanani,dz ALG,"FW,MF",Nice,18-083,2004,2.2,9,4.01,7,1,1,0,0,0,3,1.34,3,0,0,0,0,0,Matches
f9d5908e,Hicham Boudaoui,dz ALG,MF,Nice,23-159,1999,10.5,24,2.30,20,0,1,0,1,2,2,0.19,2,0,0,0,0,0,Matches
4fb18ca4,Franci Bouebari,fr FRA,DF,Strasbourg,19-170,2003,0.8,1,1.18,1,0,0,0,0,0,0,0.00,0,0,0,0,0,0,Matches
b0c71810,Sofiane Boufal,ma MAR,"FW,MF",Angers,29-165,1993,9.3,52,5.61,38,3,4,1,6,0,6,0.65,3,1,0,0,2,0,Matches
62e02107,Ismaëlben Boura,fr FRA,"DF,FW",Lens,22-199,2000,1.0,2,1.94,1,0,1,0,0,0,0,0.00,0,0,0,0,0,0,Matches
20e73fac,Benjamin Bourigeaud,fr FRA,"MF,FW",Rennes,29-046,1994,21.6,106,4.91,66,29,3,6,1,1,11,0.51,10,0,0,1,0,0,Matches
02bcaf8e,Bilal Brahimi,dz ALG,"FW,MF",Nice,22-352,2000,5.3,18,3.38,15,2,0,0,1,0,2,0.37,2,0,0,0,0,0,Matches
5b146df3,Lilian Brassier,fr FRA,DF,Brest,23-119,1999,21.4,21,0.98,18,1,0,1,1,0,1,0.05,0,1,0,0,0,0,Matches
b088d5d3,Andreas Bruus,dk DEN,"DF,FW",Troyes,24-044,1999,12.3,25,2.04,20,1,3,0,0,1,2,0.16,2,0,0,0,0,0,Matches
af69e7f0,Joe Bryan,eng ENG,"MF,DF",Nice,29-165,1993,1.8,1,0.54,1,0,0,0,0,0,0,0.00,0,0,0,0,0,0,Matches
3b676989,Adam Buksa,pl POL,"FW,MF",Lens,26-232,1996,0.7,0,0.00,0,0,0,0,0,0,0,0.00,0,0,0,0,0,0,Matches
7b082ec2,Maxime Busi,be BEL,DF,Reims,23-138,1999,7.1,13,1.84,12,0,0,0,0,1,1,0.14,1,0,0,0,0,0,Matches
db87a2c4,Marcin Bułka,pl POL,GK,Nice,23-148,1999,2.0,0,0.00,0,0,0,0,0,0,0,0.00,0,0,0,0,0,0,Matches
148e136f,Rémy Cabella,fr FRA,"MF,FW",Lille,32-358,1990,16.3,109,6.70,83,18,1,3,3,1,9,0.55,8,1,0,0,0,0,Matches
46359159,Jimmy Cabot,fr FRA,"DF,MF",Lens,28-317,1994,5.7,31,5.45,23,7,0,0,0,1,1,0.18,1,0,0,0,0,0,Matches
928a4a61,Jens Cajuste,se SWE,MF,Reims,23-203,1999,10.3,32,3.10,25,0,2,1,1,3,3,0.29,2,0,1,0,0,0,Matches
94f8d10c,Duje Ćaleta-Car,hr CRO,DF,Marseille,26-165,1996,0.1,0,0.00,0,0,0,0,0,0,0,0.00,0,0,0,0,0,0,Matches
8577e60a,Mahdi Camara,fr FRA,MF,Brest,24-244,1998,15.3,25,1.62,17,0,3,2,1,2,0,0.00,0,0,0,0,0,0,Matches
489e80e3,Mohamed Camara,ml MLI,MF,Monaco,23-054,2000,16.4,33,2.02,30,0,1,1,1,0,7,0.43,6,0,0,1,0,0,Matches
5a6b06cd,Ousmane Camara,gn GUI,"FW,MF",Auxerre,21-118,2001,0.3,2,7.20,1,0,0,1,0,0,0,0.00,0,0,0,0,0,0,Matches
7d3dfdfd,Ousmane Camara,fr FRA,DF,Angers,19-360,2003,3.5,1,0.28,1,0,0,0,0,0,0,0.00,0,0,0,0,0,0,Matches
9f4a940f,Axel Camblan,fr FRA,"FW,MF",Brest,19-183,2003,0.8,3,3.97,3,0,0,0,0,0,0,0.00,0,0,0,0,0,0,Matches
79b2399c,Pierrick Capelle,fr FRA,"MF,DF",Angers,35-320,1987,10.4,18,1.74,12,5,0,1,0,0,2,0.19,1,1,0,0,0,0,Matches
f81ef10d,Maxence Caqueret,fr FRA,MF,Lyon,23-014,2000,19.3,71,3.69,53,6,6,3,2,1,10,0.52,7,0,1,1,0,1,Matches
5e080f73,Irvin Cardona,fr FRA,"FW,MF",Brest,25-205,1997,2.6,3,1.16,2,0,0,1,0,0,0,0.00,0,0,0,0,0,0,Matches
e3e32fbb,Igor Carioca,br BRA,"DF,FW",Lorient,26-192,1996,1.1,4,3.64,3,0,0,0,0,1,0,0.00,0,0,0,0,0,0,Matches
8608f269,Matis Carvalho,pt POR,GK,Montpellier,23-307,1999,1.5,0,0.00,0,0,0,0,0,0,0,0.00,0,0,0,0,0,0,Matches
e0f3a1f6,Jean-Charles Castelletto,cm CMR,DF,Nantes,28-034,1995,17.5,10,0.57,8,0,1,0,0,1,0,0.00,0,0,0,0,0,0,Matches
4db5915d,Yoann Cathline,fr FRA,"FW,MF",Lorient,20-222,2002,7.1,16,2.26,6,2,4,3,1,0,2,0.28,0,1,0,1,0,0,Matches
c92c24f0,Maximiliano Caufriez,be BEL,DF,Clermont Foot,26-013,1997,15.4,8,0.52,8,0,0,0,0,0,0,0.00,0,0,0,0,0,0,Matches
3c6bbbab,Fabien Centonze,fr FRA,DF,Nantes,27-044,1996,10.2,16,1.57,12,2,1,0,1,0,2,0.20,2,0,0,0,0,0,Matches
f5dfc256,Leonardo César Jardim,br BRA,GK,Lille,27-346,1995,6.0,,,,,,,,,,,,,,,,,Matches
5d9577aa,Florian Chabrolle,fr FRA,MF,Ajaccio,24-328,1998,3.6,1,0.28,1,0,0,0,0,0,0,0.00,0,0,0,0,0,0,Matches
2180c761,El Chadaille Bitshiabu,fr FRA,DF,Paris S-G,17-289,2005,2.4,0,0.00,0,0,0,0,0,0,0,0.00,0,0,0,0,0,0,Matches
357103bd,Fares Chaïbi,fr FRA,"FW,MF",Toulouse,20-093,2002,16.9,39,2.31,34,0,1,4,0,0,6,0.36,4,0,0,2,0,0,Matches
18ebca4b,Gaëtan Charbonnier,fr FRA,"FW,MF",Auxerre,34-064,1988,2.8,9,3.19,8,0,0,0,1,0,0,0.00,0,0,0,0,0,0,Matches
16aa7d4c,Brendan Chardonnet,fr FRA,DF,Brest,28-069,1994,17.5,17,0.97,15,1,0,1,0,0,1,0.06,1,0,0,0,0,0,Matches
279ddf6a,Xavier Chavalerin,fr FRA,MF,Troyes,31-359,1991,18.0,32,1.77,24,3,2,1,0,2,3,0.17,2,0,0,1,0,0,Matches
b34c63a5,Rayan Cherki,fr FRA,"MF,FW",Lyon,19-196,2003,10.3,80,7.74,44,21,11,3,1,0,8,0.77,5,1,1,1,0,0,Matches
9d498560,Ilyes Cheti,dz ALG,DF,Angers,28-038,1995,1.8,1,0.56,1,0,0,0,0,0,0,0.00,0,0,0,0,0,0,Matches
b3d76d84,Lucas Chevalier,fr FRA,GK,Lille,21-115,2001,19.0,3,0.16,3,0,0,0,0,0,0,0.00,0,0,0,0,0,0,Matches
68a26d51,Pedro Chirivella,es ESP,MF,Nantes,25-282,1997,19.8,45,2.27,42,0,2,0,0,1,3,0.15,3,0,0,0,0,0,Matches
7909ffa4,Joris Chotard,fr FRA,MF,Montpellier,21-158,2001,16.0,22,1.37,18,1,1,0,1,1,4,0.25,4,0,0,0,0,0,Matches
7495aba7,Yanis Cimignani,fr FRA,"MF,DF",Ajaccio,21-038,2002,3.1,8,2.58,8,0,0,0,0,0,0,0.00,0,0,0,0,0,0,Matches
ff4d0258,Souleymane Cissé,fr FRA,DF,Clermont Foot,20-205,2002,0.4,0,0.00,0,0,0,0,0,0,0,0.00,0,0,0,0,0,0,Matches
741418c3,Alexis Claude-Maurice,fr FRA,FW,Nice,24-268,1998,0.7,3,4.22,3,0,0,0,0,0,0,0.00,0,0,0,0,0,0,Matches
741418c3,Alexis Claude-Maurice,fr FRA,"MF,FW",Lens,24-268,1998,5.0,13,2.61,8,1,1,2,0,1,2,0.40,2,0,0,0,0,0,Matches
5219ab4a,Jonathan Clauss,fr FRA,DF,Marseille,30-157,1992,17.1,69,4.03,50,2,4,10,0,3,12,0.70,9,0,0,2,0,1,Matches
3010aefb,Marcus Coco,fr FRA,"DF,FW",Nantes,26-250,1996,3.5,9,2.60,9,0,0,0,0,0,0,0.00,0,0,0,0,0,0,Matches
c4065f40,Alexandre Coeff,fr FRA,DF,Auxerre,31-009,1992,6.5,3,0.46,2,0,0,1,0,0,1,0.15,0,0,0,1,0,0,Matches
cfa49cc1,Abdu Conté,pt POR,DF,Troyes,24-342,1998,10.1,16,1.59,14,1,0,0,1,0,1,0.10,1,0,0,0,0,0,Matches
0e7ccfc4,Sébastien Corchia,fr FRA,"DF,MF",Nantes,32-120,1990,6.8,14,2.05,11,1,1,0,0,1,4,0.59,4,0,0,0,0,0,Matches
59948ef7,David Pereira da Costa,pt POR,"MF,FW",Lens,22-055,2001,14.4,57,3.96,46,0,6,3,1,1,7,0.49,6,0,1,0,0,0,Matches
bfb2056e,Logan Costa,cv CPV,DF,Toulouse,21-334,2001,0.5,0,0.00,0,0,0,0,0,0,0,0.00,0,0,0,0,0,0,Matches
909222de,Nuno da Costa,cv CPV,"FW,MF",Auxerre,32-019,1991,14.2,34,2.39,21,0,6,4,3,0,3,0.21,2,0,1,0,0,0,Matches
2434f24a,Benoît Costil,fr FRA,GK,Auxerre,35-241,1987,19.0,4,0.21,2,2,0,0,0,0,0,0.00,0,0,0,0,0,0,Matches
ef8ae23b,Mathieu Coutadeur,fr FRA,MF,Ajaccio,36-346,1986,11.9,20,1.68,18,1,1,0,0,0,1,0.08,1,0,0,0,0,0,Matches
8f325097,Nicolas Cozza,fr FRA,DF,Montpellier,24-052,1999,14.2,18,1.27,15,0,1,1,1,0,2,0.14,2,0,0,0,0,0,Matches
1ec7e1c5,Damien Da Silva,fr FRA,DF,Lyon,34-288,1988,3.8,1,0.27,1,0,0,0,0,0,0,0.00,0,0,0,0,0,0,Matches
29c02c9f,Colin Dagba,fr FRA,DF,Strasbourg,24-173,1998,6.7,18,2.71,15,2,0,0,1,0,2,0.30,2,0,0,0,0,0,Matches
b70afb45,Thijs Dallinga,nl NED,FW,Toulouse,22-210,2000,15.9,30,1.89,24,0,1,4,1,0,3,0.19,2,0,0,1,0,0,Matches
7ef972c3,Flavius Daniliuc,at AUT,DF,Nice,21-308,2001,1.0,1,0.99,1,0,0,0,0,0,0,0.00,0,0,0,0,0,0,Matches
6e33125f,Kevin Danso,at AUT,DF,Lens,24-163,1998,25.0,31,1.24,29,0,1,0,1,0,4,0.16,4,0,0,0,0,0,Matches
fd2bc67d,Dante,br BRA,DF,Nice,39-134,1983,24.0,14,0.58,12,0,0,2,0,0,2,0.08,2,0,0,0,0,0,Matches
5069b796,Achraf Dari,ma MAR,DF,Brest,23-299,1999,11.8,5,0.42,3,1,0,0,1,0,2,0.17,1,0,0,0,1,0,Matches
ce50fd99,Jonathan David,ca CAN,FW,Lille,23-046,2000,22.5,72,3.20,50,0,3,11,6,2,11,0.49,7,0,0,2,2,0,Matches
5fdcb075,Thibault De Smet,be BEL,DF,Reims,24-269,1998,10.8,11,1.01,10,1,0,0,0,0,1,0.09,1,0,0,0,0,0,Matches
4ca4f601,Brecht Dejaegere,be BEL,MF,Toulouse,31-276,1991,15.6,35,2.24,28,0,4,1,2,0,6,0.38,4,0,1,1,0,0,Matches
0be95d34,Romain Del Castillo,fr FRA,"FW,MF",Brest,26-337,1996,8.4,35,4.19,21,8,1,3,1,1,8,0.96,4,2,1,0,1,0,Matches
8332db56,Thomas Delaine,fr FRA,DF,Strasbourg,30-342,1992,7.9,14,1.78,12,0,1,0,0,1,3,0.38,3,0,0,0,0,0,Matches
e4448c8c,Sacha Delaye,fr FRA,"FW,MF",Montpellier,20-312,2002,0.2,2,9.00,0,1,0,1,0,0,0,0.00,0,0,0,0,0,0,Matches
d33c706e,Andy Delort,dz ALG,FW,Nice,31-143,1991,8.7,21,2.42,19,0,0,2,0,0,2,0.23,2,0,0,0,0,0,Matches
d33c706e,Andy Delort,dz ALG,FW,Nantes,31-143,1991,2.1,8,3.87,5,0,0,2,1,0,0,0.00,0,0,0,0,0,0,Matches
7304f3b1,Karamoko Dembele,sct SCO,"FW,MF",Brest,20-007,2003,1.8,7,3.89,4,2,0,0,1,0,0,0.00,0,0,0,0,0,0,Matches
e7986081,Moussa Dembélé,fr FRA,"FW,MF",Lyon,26-232,1996,8.8,11,1.25,9,0,1,0,0,1,2,0.23,2,0,0,0,0,0,Matches
11f54bd5,Siriki Dembélé,ci CIV,"MF,FW",Auxerre,26-175,1996,1.1,5,4.50,3,0,2,0,0,0,0,0.00,0,0,0,0,0,0,Matches
99d660b2,Branco van den Boomen,nl NED,MF,Toulouse,27-223,1995,23.1,114,4.93,65,40,0,8,1,0,18,0.78,13,3,0,2,0,0,Matches
477e50ce,Rémy Descamps,fr FRA,GK,Nantes,26-249,1996,1.0,0,0.00,0,0,0,0,0,0,0,0.00,0,0,0,0,0,0,Matches
1d5c96f8,Mikkel Desler,dk DEN,DF,Toulouse,28-010,1995,16.4,34,2.08,28,1,2,3,0,0,5,0.31,5,0,0,0,0,0,Matches
1bfb6fef,Bafodé Diakité,fr FRA,DF,Lille,22-054,2001,21.8,29,1.33,24,1,0,2,1,1,0,0.00,0,0,0,0,0,0,Matches
d8c19a60,Ibrahim Diakité,gn GUI,DF,Reims,19-121,2003,1.5,0,0.00,0,0,0,0,0,0,0,0.00,0,0,0,0,0,0,Matches
fb55f63a,Baila Diallo,fr FRA,"DF,MF",Clermont Foot,21-250,2001,0.4,1,2.25,1,0,0,0,0,0,0,0.00,0,0,0,0,0,0,Matches
6605d143,Habib Diallo,sn SEN,FW,Strasbourg,27-256,1995,20.1,32,1.59,23,0,2,4,3,0,2,0.10,0,0,1,1,0,0,Matches
b3244eeb,Ismael Diallo,ci CIV,DF,Ajaccio,26-031,1997,18.0,12,0.67,9,2,0,1,0,0,0,0.00,0,0,0,0,0,0,Matches
6d0fe035,Mouhamadou Diarra,sn SEN,MF,Strasbourg,19-057,2004,9.1,19,2.08,12,0,3,1,3,0,1,0.11,0,0,0,0,1,0,Matches
698f11e3,Moussa Diarra,ml MLI,DF,Toulouse,22-111,2000,11.2,15,1.34,14,0,0,0,1,0,3,0.27,3,0,0,0,0,0,Matches
29939a1d,Stéphane Diarra,fr FRA,FW,Lorient,24-082,1998,10.0,30,3.00,16,2,4,2,5,1,5,0.50,1,0,2,0,1,1,Matches
8104e41e,Krépin Diatta,sn SEN,"MF,FW",Monaco,24-004,1999,16.9,54,3.19,34,1,6,6,5,2,7,0.41,2,0,0,1,3,1,Matches
f41a69e6,Mory Diaw,sn SEN,GK,Clermont Foot,29-252,1993,25.0,4,0.16,3,1,0,0,0,0,0,0.00,0,0,0,0,0,0,Matches
40774c6b,Bamba Dieng,sn SEN,"FW,MF",Marseille,22-343,2000,2.2,6,2.78,2,0,0,0,3,1,1,0.46,0,0,0,0,1,0,Matches
40774c6b,Bamba Dieng,sn SEN,FW,Lorient,22-343,2000,2.7,5,1.87,5,0,0,0,0,0,0,0.00,0,0,0,0,0,0,Matches
92b56413,Tristan Dingomé,cm CMR,MF,Troyes,32-012,1991,1.1,8,7.35,6,1,1,0,0,0,0,0.00,0,0,0,0,0,0,Matches
6de23ab0,Sinaly Diomande,ci CIV,DF,Lyon,21-326,2001,12.7,8,0.63,7,1,0,0,0,0,1,0.08,0,1,0,0,0,0,Matches
4be0b467,Lois Diony,fr FRA,FW,Angers,30-071,1992,4.9,10,2.06,7,0,2,1,0,0,0,0.00,0,0,0,0,0,0,Matches
37143438,Edan Diop,fr FRA,DF,Monaco,18-185,2004,0.5,0,0.00,0,0,0,0,0,0,0,0.00,0,0,0,0,0,0,Matches
19053e31,Sofiane Diop,fr FRA,"MF,FW",Nice,22-265,2000,10.8,38,3.51,28,6,1,1,2,0,7,0.65,5,1,0,1,0,0,Matches
19053e31,Sofiane Diop,fr FRA,MF,Monaco,22-265,2000,0.7,7,9.69,4,2,1,0,0,0,2,2.77,1,1,0,0,0,0,Matches
eedea60b,Yehvann Diouf,fr FRA,GK,Reims,23-105,1999,18.0,3,0.17,2,1,0,0,0,0,1,0.06,1,0,0,0,0,0,Matches
ad82197c,Axel Disasi,fr FRA,DF,Monaco,24-355,1998,24.0,20,0.83,18,0,0,1,0,1,5,0.21,5,0,0,0,0,0,Matches
b2336681,Tiago Djaló,pt POR,DF,Lille,22-326,2000,22.3,10,0.45,8,0,0,1,1,0,3,0.13,2,0,0,0,1,0,Matches
43e7a164,Alexander Djiku,gh GHA,DF,Strasbourg,28-204,1994,22.0,15,0.68,14,1,0,0,0,0,3,0.14,3,0,0,0,0,0,Matches
627b570a,Moussa Djitte,sn SEN,FW,Ajaccio,23-148,1999,0.7,0,0.00,0,0,0,0,0,0,0,0.00,0,0,0,0,0,0,Matches
1bd5bdc4,Alan Do Marcolino,ga GAB,FW,Rennes,20-347,2002,0.1,0,0.00,0,0,0,0,0,0,0,0.00,0,0,0,0,0,0,Matches
fffea3e5,Jeremy Doku,be BEL,"MF,FW",Rennes,20-278,2002,6.4,33,5.17,21,0,10,1,0,1,2,0.31,0,0,2,0,0,0,Matches
836dc4a8,Kyliane Dong,fr FRA,"DF,MF",Troyes,18-155,2004,0.6,0,0.00,0,0,0,0,0,0,0,0.00,0,0,0,0,0,0,Matches
1b5b32d2,Jordan Dongmo,cm CMR,MF,Troyes,22-030,2001,0.2,0,0.00,0,0,0,0,0,0,0,0.00,0,0,0,0,0,0,Matches
08f5afaa,Gianluigi Donnarumma,it ITA,GK,Paris S-G,24-004,1999,25.0,1,0.04,1,0,0,0,0,0,0,0.00,0,0,0,0,0,0,Matches
a1dbfcb1,Jodel Dossou,bj BEN,"MF,DF",Clermont Foot,30-349,1992,2.9,5,1.74,4,0,0,1,0,0,0,0.00,0,0,0,0,0,0,Matches
dff0c299,Lohann Doucet,fr FRA,"MF,FW",Nantes,20-168,2002,1.0,6,5.93,6,0,0,0,0,0,0,0.00,0,0,0,0,0,0,Matches
92d90c8f,Ckene Doucouré,km COM,"FW,MF",Lorient,20-327,2002,1.0,10,10.11,9,0,0,1,0,0,1,1.01,1,0,0,0,0,0,Matches
9e7483ff,Désiré Doué,fr FRA,"MF,FW",Rennes,17-271,2005,9.6,24,2.49,15,2,3,1,2,1,1,0.10,1,0,0,0,0,0,Matches
b4ef3fb5,Guela Doué,fr FRA,FW,Rennes,20-135,2002,0.1,0,0.00,0,0,0,0,0,0,0,0.00,0,0,0,0,0,0,Matches
0512a60a,Ismaël Doukouré,fr FRA,DF,Strasbourg,19-220,2003,14.3,10,0.70,8,0,1,1,0,0,1,0.07,1,0,0,0,0,0,Matches
9226aa22,Kamory Doumbia,ml MLI,MF,Reims,20-011,2003,10.1,36,3.56,30,0,2,2,1,1,3,0.30,3,0,0,0,0,0,Matches
9daeac61,Souleyman Doumbia,ci CIV,"DF,FW",Angers,26-158,1996,17.0,24,1.41,19,0,2,0,2,1,0,0.00,0,0,0,0,0,0,Matches
6d7ede84,Rémy Dugimont,fr FRA,"FW,MF",Auxerre,36-243,1986,1.2,5,4.13,4,0,0,0,1,0,1,0.83,1,0,0,0,0,0,Matches
0e12089d,Maxime Dupé,fr FRA,GK,Toulouse,29-362,1993,25.0,0,0.00,0,0,0,0,0,0,0,0.00,0,0,0,0,0,0,Matches
0cbc8baa,Jean-Kevin Duverne,fr FRA,DF,Brest,25-232,1997,16.5,26,1.57,20,3,0,0,3,0,1,0.06,0,0,0,0,1,0,Matches
5b92d896,Hugo Ekitike,fr FRA,FW,Paris S-G,20-254,2002,8.7,16,1.84,13,0,0,0,3,0,5,0.58,5,0,0,0,0,0,Matches
104b4ad3,Alberth Elis,hn HON,"MF,FW",Brest,27-017,1996,2.4,9,3.72,6,0,0,0,2,1,0,0.00,0,0,0,0,0,0,Matches
0d7b6576,Sepe Elye Wahi,fr FRA,FW,Montpellier,20-058,2003,18.8,30,1.60,17,0,1,5,6,1,5,0.27,1,0,0,3,1,0,Matches
0b4f388a,Breel Embolo,ch SUI,FW,Monaco,26-015,1997,17.9,57,3.19,39,0,5,6,6,1,8,0.45,4,0,1,2,1,0,Matches
1a066e69,Maxime Estève,fr FRA,DF,Montpellier,20-279,2002,15.1,7,0.46,5,1,0,1,0,0,0,0.00,0,0,0,0,0,0,Matches
bc7b4580,Fábio,br BRA,"DF,MF",Nantes,32-235,1990,2.5,10,4.00,10,0,0,0,0,0,1,0.40,1,0,0,0,0,0,Matches
83f03b07,Noah Fadiga,sn SEN,DF,Brest,23-088,1999,10.4,14,1.35,7,0,3,0,3,1,2,0.19,1,0,1,0,0,0,Matches
9c221d14,Wout Faes,be BEL,DF,Reims,24-332,1998,3.0,3,1.00,3,0,0,0,0,0,2,0.67,2,0,0,0,0,0,Matches
745ca0a3,Romain Faivre,fr FRA,FW,Lorient,24-230,1998,3.5,12,3.47,7,0,2,2,1,0,1,0.29,1,0,0,0,0,0,Matches
745ca0a3,Romain Faivre,fr FRA,MF,Lyon,24-230,1998,3.3,13,3.87,10,3,0,0,0,0,1,0.30,0,1,0,0,0,0,Matches
faf00ab8,Khalil Fayad,fr FRA,MF,Montpellier,18-265,2004,5.5,10,1.82,8,0,1,1,0,0,4,0.73,3,0,0,1,0,0,Matches
4b792f35,Cheikh Faye,sn SEN,FW,Montpellier,24-033,1999,0.4,0,0.00,0,0,0,0,0,0,0,0.00,0,0,0,0,0,0,Matches
375622c5,Jordan Ferri,fr FRA,MF,Montpellier,30-354,1992,19.8,39,1.97,36,0,0,1,2,0,5,0.25,5,0,0,0,0,0,Matches
50ac8941,Karol Fila,pl POL,DF,Strasbourg,24-261,1998,0.5,3,5.63,2,1,0,0,0,0,1,1.87,1,0,0,0,0,0,Matches
caef7840,Alexis Flips,fr FRA,"DF,MF",Reims,23-042,2000,13.4,57,4.25,40,8,1,6,0,2,8,0.60,7,0,0,1,0,0,Matches
5313ed43,Seko Fofana,ci CIV,MF,Lens,27-298,1995,22.4,67,3.00,59,0,2,1,3,2,8,0.36,6,0,1,0,1,0,Matches
9d420dad,Yahia Fofana,fr FRA,GK,Angers,22-192,2000,8.0,2,0.25,2,0,0,0,0,0,1,0.12,1,0,0,0,0,0,Matches
822d51d7,Youssouf Fofana,fr FRA,MF,Monaco,24-050,1999,22.4,47,2.10,41,0,5,0,1,0,6,0.27,5,0,0,0,1,0,Matches
90eb507d,Thomas Foket,be BEL,DF,Reims,28-157,1994,9.9,19,1.91,17,0,0,0,1,1,0,0.00,0,0,0,0,0,0,Matches
90f87966,José Fonte,pt POR,DF,Lille,39-069,1983,18.8,11,0.59,9,0,0,2,0,0,1,0.05,0,0,0,1,0,0,Matches
574aa9ec,Steven Fortes,cv CPV,DF,Lens,30-318,1992,0.1,0,0.00,0,0,0,0,0,0,0,0.00,0,0,0,0,0,0,Matches
00a8d210,Przemysław Frankowski,pl POL,"DF,MF",Lens,27-323,1995,19.8,86,4.34,47,34,1,1,1,2,9,0.45,5,4,0,0,0,0,Matches
4b96c347,Angelo Fulgini,fr FRA,"MF,DF",Lens,26-193,1996,2.3,7,3.04,5,2,0,0,0,0,0,0.00,0,0,0,0,0,0,Matches
db3164e1,Gauthier Gallon,fr FRA,GK,Troyes,29-312,1993,18.0,1,0.06,1,0,0,0,0,0,0,0.00,0,0,0,0,0,0,Matches
42276181,Kévin Gameiro,fr FRA,FW,Strasbourg,35-296,1987,18.2,47,2.58,35,0,1,8,3,0,3,0.16,0,0,0,2,1,0,Matches
23c63b7f,Ignatius Ganago,cm CMR,"FW,MF",Nantes,24-013,1999,10.8,21,1.94,13,0,0,4,3,1,6,0.55,4,0,0,0,1,1,Matches
23c63b7f,Ignatius Ganago,cm CMR,FW,Lens,24-013,1999,0.7,0,0.00,0,0,0,0,0,0,0,0.00,0,0,0,0,0,0,Matches
868eaba0,Johan Gastien,fr FRA,MF,Clermont Foot,35-035,1988,17.4,44,2.53,29,13,0,2,0,0,7,0.40,3,4,0,0,0,0,Matches
badcdcae,Denis Genreau,au AUS,MF,Toulouse,23-284,1999,1.6,6,3.70,4,0,0,1,0,1,1,0.62,1,0,0,0,0,0,Matches
ea0ff634,Valère Germain,fr FRA,"FW,MF",Montpellier,32-318,1990,6.8,13,1.91,10,0,0,2,1,0,3,0.44,1,0,0,1,1,0,Matches
8827bf46,Gerson,br BRA,MF,Marseille,25-285,1997,4.6,12,2.60,9,0,1,0,2,0,1,0.22,1,0,0,0,0,0,Matches
5b3cfa12,Ismaël Gharbi,es ESP,"MF,FW",Paris S-G,18-325,2004,0.5,0,0.00,0,0,0,0,0,0,0,0.00,0,0,0,0,0,0,Matches
c5adc293,Faouzi Ghoulam,dz ALG,DF,Angers,32-028,1991,3.0,12,4.03,5,6,0,0,1,0,1,0.34,1,0,0,0,0,0,Matches
41eebdf5,Samuel Gigot,fr FRA,DF,Marseille,29-140,1993,14.1,14,0.99,13,0,0,1,0,0,4,0.28,4,0,0,0,0,0,Matches
3befc2b6,Andrei Girotto,br BRA,"DF,MF",Nantes,31-012,1992,23.8,22,0.92,19,1,0,2,0,0,5,0.21,3,1,0,1,0,0,Matches
3708e9fa,Aleksandr Golovin,ru RUS,"MF,FW",Monaco,26-275,1996,19.0,87,4.58,54,20,6,3,3,1,11,0.58,8,1,2,0,0,0,Matches
1961b2aa,André Gomes,pt POR,MF,Lille,29-214,1993,10.7,30,2.80,28,1,0,1,0,0,4,0.37,4,0,0,0,0,0,Matches
645a3363,Angel Gomes,eng ENG,MF,Lille,22-182,2000,20.9,60,2.88,38,9,6,0,7,0,10,0.48,7,1,1,0,1,0,Matches
b8c1de25,Maxime Gonalons,fr FRA,MF,Clermont Foot,33-356,1989,7.3,7,0.97,7,0,0,0,0,0,0,0.00,0,0,0,0,0,0,Matches
a9d4c241,Oumar Gonzalez,cm CMR,DF,Ajaccio,25-004,1998,19.5,3,0.15,3,0,0,0,0,0,0,0.00,0,0,0,0,0,0,Matches
aad56ca3,Amine Gouiri,fr FRA,"FW,MF",Nice,23-013,2000,2.5,7,2.79,4,1,0,1,1,0,1,0.40,0,0,0,0,1,0,Matches
aad56ca3,Amine Gouiri,fr FRA,FW,Rennes,23-013,2000,16.6,60,3.60,45,0,5,8,1,1,6,0.36,5,0,1,0,0,0,Matches
06c48679,Jonathan Gradit,fr FRA,DF,Lens,30-097,1992,18.4,31,1.68,25,0,2,0,2,2,5,0.27,5,0,0,0,0,0,Matches
49136c42,Andrew Gravillon,gp GLP,DF,Reims,25-021,1998,11.5,9,0.78,5,2,0,2,0,0,1,0.09,1,0,0,0,0,0,Matches
4a987ffa,Adrian Grbić,at AUT,"MF,FW",Lorient,26-209,1996,0.3,0,0.00,0,0,0,0,0,0,0,0.00,0,0,0,0,0,0,Matches
d5d22a58,Gabriel Gudmundsson,se SWE,"FW,DF",Lille,23-306,1999,1.8,5,2.78,4,0,1,0,0,0,0,0.00,0,0,0,0,0,0,Matches
f6857b4f,Axel Gueguin,fr FRA,"FW,MF",Montpellier,17-342,2005,0.2,0,0.00,0,0,0,0,0,0,0,0.00,0,0,0,0,0,0,Matches
5ea8ef20,Mattéo Guendouzi,fr FRA,MF,Marseille,23-321,1999,17.5,46,2.64,36,1,3,1,2,3,7,0.40,5,0,0,0,1,1,Matches
b73f17f8,Evann Guessand,fr FRA,"FW,MF",Nantes,21-243,2001,11.3,24,2.12,14,0,5,3,2,0,4,0.35,3,0,1,0,0,0,Matches
7155e3e1,Pape Gueye,sn SEN,"MF,DF",Marseille,24-036,1999,5.5,10,1.83,10,0,0,0,0,0,1,0.18,1,0,0,0,0,0,Matches
5d8d7454,Frederic Guilbert,fr FRA,DF,Strasbourg,28-067,1994,4.6,12,2.60,7,3,0,0,0,2,0,0.00,0,0,0,0,0,0,Matches
923f4dda,Sehrou Guirassy,gn GUI,MF,Rennes,26-354,1996,0.3,2,7.83,2,0,0,0,0,0,0,0.00,0,0,0,0,0,0,Matches
7091324a,Rafik Guitane,fr FRA,FW,Reims,23-279,1999,0.0,0,0.00,0,0,0,0,0,0,0,0.00,0,0,0,0,0,0,Matches
d56b9520,Malo Gusto,fr FRA,DF,Lyon,19-286,2003,16.0,46,2.87,38,2,4,0,2,0,2,0.12,2,0,0,0,0,0,Matches
576817b7,Jaouen Hadjam,fr FRA,DF,Nantes,19-340,2003,4.8,6,1.25,6,0,0,0,0,0,0,0.00,0,0,0,0,0,0,Matches
5167c97e,Massadio Haïdara,ml MLI,"DF,MF",Lens,30-089,1992,12.3,13,1.06,10,0,1,0,1,1,2,0.16,0,0,0,0,1,1,Matches
e42d61c7,Achraf Hakimi,ma MAR,"DF,MF",Paris S-G,24-117,1998,16.8,58,3.46,51,1,2,2,0,2,8,0.48,5,0,1,1,0,1,Matches
a94571f6,Mathis Hamdi,fr FRA,DF,Troyes,19-134,2003,0.8,0,0.00,0,0,0,0,0,0,0,0.00,0,0,0,0,0,0,Matches
0b4d8274,Romain Hamouma,fr FRA,"FW,MF",Ajaccio,35-337,1987,8.8,32,3.65,16,7,2,3,4,0,5,0.57,3,0,0,1,1,0,Matches
52cd0e88,Saïd Hamulic,nl NED,FW,Toulouse,22-109,2000,0.4,0,0.00,0,0,0,0,0,0,0,0.00,0,0,0,0,0,0,Matches
e7d59f4f,Amine Harit,ma MAR,"MF,FW",Marseille,25-256,1997,5.7,30,5.25,23,3,3,0,1,0,2,0.35,2,0,0,0,0,0,Matches
07ace8c3,Rhys Healey,wls WAL,FW,Toulouse,28-085,1994,0.7,2,2.95,2,0,0,0,0,0,0,0.00,0,0,0,0,0,0,Matches
563fcd6b,Gauthier Hein,fr FRA,"MF,FW",Auxerre,26-206,1996,11.0,31,2.82,23,5,1,1,0,1,0,0.00,0,0,0,0,0,0,Matches
f28474a4,Henrique,br BRA,DF,Lyon,28-310,1994,1.5,2,1.38,1,0,0,0,1,0,0,0.00,0,0,0,0,0,0,Matches
3681cfff,Christophe Hérelle,mq MTQ,DF,Brest,30-191,1992,11.6,6,0.52,4,1,0,1,0,0,0,0.00,0,0,0,0,0,0,Matches
61b77d0a,Noah Holm,no NOR,"FW,MF",Reims,21-282,2001,2.2,7,3.28,4,0,0,0,1,2,0,0.00,0,0,0,0,0,0,Matches
db7849ca,Franck Honorat,fr FRA,"FW,MF",Brest,26-202,1996,19.2,84,4.37,51,23,2,6,2,0,7,0.36,4,2,0,1,0,0,Matches
00891164,Cédric Hountondji,bj BEN,DF,Angers,29-041,1994,24.9,8,0.32,7,0,0,1,0,0,1,0.04,0,0,0,1,0,0,Matches
910e3cad,Ilyes Housni,fr FRA,FW,Paris S-G,17-291,2005,0.1,0,0.00,0,0,0,0,0,0,0,0.00,0,0,0,0,0,0,Matches
d14229f3,Adrien Hunou,fr FRA,"MF,FW",Angers,29-041,1994,18.7,35,1.88,27,1,0,3,4,0,4,0.21,3,0,0,0,1,0,Matches
fb0ee44e,Mounaim El Idrissy,fr FRA,FW,Ajaccio,24-019,1999,18.7,35,1.88,21,0,0,1,12,1,2,0.11,1,0,0,0,1,0,Matches
c9f49454,Rareş Ilie,ro ROU,"MF,FW",Nice,19-316,2003,1.6,6,3.65,3,0,0,1,0,2,0,0.00,0,0,0,0,0,0,Matches
546bb36e,Bonke Innocent,ng NGA,MF,Lorient,27-040,1996,10.2,14,1.38,12,0,0,1,0,1,4,0.39,4,0,0,0,0,0,Matches
cf182add,Ismaily,br BRA,DF,Lille,33-049,1990,16.1,37,2.30,34,0,0,1,1,1,5,0.31,4,0,0,0,1,0,Matches
dbd3a428,Junya Ito,jp JPN,FW,Reims,29-357,1993,19.8,83,4.20,59,8,9,3,3,1,9,0.46,7,1,1,0,0,0,Matches
a0415710,Ismail Jakobs,sn SEN,"DF,MF",Monaco,23-196,1999,6.6,20,3.03,15,2,1,2,0,0,2,0.30,2,0,0,0,0,0,Matches
96f4ebc0,Marin Jakoliš,hr CRO,FW,Angers,26-065,1996,0.3,2,6.43,2,0,0,0,0,0,0,0.00,0,0,0,0,0,0,Matches
eeba07f8,Luis Javier Suárez,co COL,FW,Marseille,25-089,1997,3.3,8,2.44,6,0,1,1,0,0,2,0.61,1,0,0,1,0,0,Matches
300ec91c,Dany Jean,ht HAI,"DF,MF",Strasbourg,20-093,2002,0.1,1,6.92,1,0,0,0,0,0,0,0.00,0,0,0,0,0,0,Matches
5cb215fc,Julian Jeanvier,gn GUI,DF,Auxerre,30-335,1992,13.8,7,0.51,4,1,1,0,1,0,0,0.00,0,0,0,0,0,0,Matches
45cce300,Jefferson,br BRA,FW,Lyon,23-061,1999,0.3,0,0.00,0,0,0,0,0,0,0,0.00,0,0,0,0,0,0,Matches
5b4bc323,Paul Joly,fr FRA,DF,Auxerre,22-267,2000,9.6,18,1.87,14,0,2,1,1,0,3,0.31,1,0,1,0,1,0,Matches
56ae428b,Jubal,br BRA,DF,Auxerre,29-184,1993,22.7,11,0.48,8,1,0,1,1,0,1,0.04,0,0,0,0,1,0,Matches
f323d995,Christopher Jullien,fr FRA,DF,Montpellier,29-344,1993,18.9,13,0.69,12,0,0,1,0,0,1,0.05,1,0,0,0,0,0,Matches
c066d1a5,Issa Kaboré,bf BFA,DF,Marseille,21-293,2001,6.4,19,2.97,18,1,0,0,0,0,1,0.16,1,0,0,0,0,0,Matches
32f3d97e,Abdoul Kader Bamba,fr FRA,"FW,MF",Nantes,28-280,1994,0.9,3,3.46,2,1,0,0,0,0,0,0.00,0,0,0,0,0,0,Matches
5b1bf5e3,Gaël Kakuta,cd COD,FW,Lens,31-253,1991,0.2,0,0.00,0,0,0,0,0,0,0,0.00,0,0,0,0,0,0,Matches
bf4c41f9,Arnaud Kalimuendo,fr FRA,FW,Rennes,21-040,2002,13.0,21,1.61,14,0,0,5,1,1,3,0.23,2,0,0,1,0,0,Matches
dd211559,Gedeon Kalulu,cd COD,DF,Lorient,25-184,1997,21.0,33,1.57,27,1,3,1,1,0,3,0.14,3,0,0,0,0,0,Matches
a426a912,Waren Kamanzi,no NOR,DF,Toulouse,22-110,2000,1.0,1,0.99,1,0,0,0,0,0,0,0.00,0,0,0,0,0,0,Matches
3814120d,Bingourou Kamara,sn SEN,GK,Montpellier,26-131,1996,4.5,0,0.00,0,0,0,0,0,0,0,0.00,0,0,0,0,0,0,Matches
c5908bc4,Nordine Kandil,fr FRA,"MF,FW",Strasbourg,21-121,2001,0.6,4,6.21,1,1,0,1,1,0,1,1.55,0,0,0,1,0,0,Matches
c43a8336,Kévin Keben Biakolo,cm CMR,DF,Toulouse,19-034,2004,3.4,3,0.89,2,0,1,0,0,0,0,0.00,0,0,0,0,0,0,Matches
c9f2f83a,Check Keita,fr FRA,DF,Reims,19-333,2003,3.1,2,0.65,2,0,0,0,0,0,0,0.00,0,0,0,0,0,0,Matches
796b1c41,Saîf-Eddine Khaoui,tn TUN,"MF,FW",Clermont Foot,27-308,1995,16.8,49,2.92,28,10,2,5,4,0,5,0.30,2,0,1,2,0,0,Matches
2677a1de,Wahbi Khazri,tn TUN,"FW,MF",Montpellier,32-021,1991,11.0,26,2.37,12,4,2,4,3,1,6,0.55,2,0,0,3,1,0,Matches
3670aa71,Anthony Khelifa,fr FRA,DF,Ajaccio,17-162,2005,0.1,0,0.00,0,0,0,0,0,0,0,0.00,0,0,0,0,0,0,Matches
aef6e670,Presnel Kimpembe,fr FRA,DF,Paris S-G,27-200,1995,8.1,2,0.25,2,0,0,0,0,0,0,0.00,0,0,0,0,0,0,Matches
3935e52e,Sead Kolašinac,ba BIH,DF,Marseille,29-254,1993,13.9,19,1.37,17,0,1,1,0,0,3,0.22,1,0,1,1,0,0,Matches
1361e5bc,Cheick Konaté,ci CIV,DF,Clermont Foot,18-363,2004,2.0,2,1.00,1,1,0,0,0,0,0,0.00,0,0,0,0,0,0,Matches
04bb2b06,Ibrahima Koné,ml MLI,FW,Lorient,23-258,1999,9.9,24,2.44,20,0,2,2,0,0,1,0.10,1,0,0,0,0,0,Matches
e6eadfb8,Youssouf Koné,ml MLI,DF,Ajaccio,27-239,1995,5.8,3,0.52,1,0,0,1,0,1,0,0.00,0,0,0,0,0,0,Matches
86a2ba20,Rominigue Kouamé,ml MLI,MF,Troyes,26-074,1996,18.9,43,2.28,39,0,2,1,1,0,4,0.21,4,0,0,0,0,0,Matches
562a4799,Boubakar Kouyaté,ml MLI,DF,Montpellier,25-320,1997,5.0,4,0.80,4,0,0,0,0,0,0,0.00,0,0,0,0,0,0,Matches
c385bf49,Sael Kumbedi,fr FRA,DF,Lyon,17-340,2005,6.7,9,1.35,6,1,1,1,0,0,2,0.30,1,1,0,0,0,0,Matches
397ba086,Grejohn Kyei,fr FRA,FW,Clermont Foot,27-201,1995,13.6,19,1.40,9,0,5,3,2,0,5,0.37,2,0,2,1,0,0,Matches
c90f380c,Rémy Labeau Lascary,gp GLP,"FW,MF",Lens,19-363,2003,1.1,1,0.92,1,0,0,0,0,0,0,0.00,0,0,0,0,0,0,Matches
7cdda3bf,Gaëtan Laborde,fr FRA,FW,Nice,28-302,1994,17.3,40,2.32,32,2,3,3,0,0,5,0.29,3,0,1,1,0,0,Matches
7cdda3bf,Gaëtan Laborde,fr FRA,FW,Rennes,28-302,1994,2.8,10,3.61,6,0,1,3,0,0,1,0.36,0,0,0,1,0,0,Matches
9dbb75ca,Alexandre Lacazette,fr FRA,FW,Lyon,31-277,1991,21.9,79,3.61,58,1,6,5,8,1,7,0.32,6,0,0,0,1,0,Matches
eb0db257,Qazim Laçi,al ALB,MF,Ajaccio,27-041,1996,2.4,10,4.25,4,4,0,1,1,0,0,0.00,0,0,0,0,0,0,Matches
4e7db402,Alban Lafont,fr FRA,GK,Nantes,24-037,1999,24.0,4,0.17,3,1,0,0,0,0,0,0.00,0,0,0,0,0,0,Matches
770d7eb8,Kenny Lala,fr FRA,DF,Brest,31-149,1991,6.7,17,2.52,3,13,0,0,1,0,1,0.15,1,0,0,0,0,0,Matches
01870104,Mohamed Lamine Bayo,gn GUI,"FW,MF",Lille,24-270,1998,5.2,21,4.00,10,0,4,4,2,1,1,0.19,0,0,0,1,0,0,Matches
f066022d,Julien Laporte,fr FRA,DF,Lorient,29-117,1993,17.1,9,0.53,8,1,0,0,0,0,0,0.00,0,0,0,0,0,0,Matches
0ed063d6,Yasser Larouci,dz ALG,"DF,FW",Troyes,22-059,2001,13.2,24,1.82,16,0,1,2,4,1,0,0.00,0,0,0,0,0,0,Matches
2d22cea7,Armand Lauriente,fr FRA,FW,Lorient,24-087,1998,3.0,19,6.43,13,0,2,2,2,0,2,0.68,1,0,0,0,1,0,Matches
afe39ca8,Théo Le Bris,fr FRA,"MF,DF",Lorient,20-151,2002,11.3,14,1.24,11,1,1,1,0,0,3,0.27,2,0,1,0,0,0,Matches
547a72ad,Julien Le Cardinal,fr FRA,DF,Lens,25-210,1997,1.6,7,4.37,4,1,0,1,1,0,0,0.00,0,0,0,0,0,0,Matches
88c4d190,Jérémy Le Douaron,fr FRA,"FW,MF",Brest,24-314,1998,13.6,25,1.84,13,0,2,4,3,3,2,0.15,1,0,0,1,0,0,Matches
6f806d99,Enzo Le Fée,fr FRA,MF,Lorient,23-026,2000,24.0,92,3.83,58,22,3,4,4,1,11,0.46,5,5,0,1,0,0,Matches
2321ea6e,Vincent Le Goff,fr FRA,DF,Lorient,33-137,1989,24.0,28,1.17,23,3,0,1,0,1,2,0.08,2,0,0,0,0,0,Matches
321a71a7,Maxime Le Marchand,fr FRA,DF,Strasbourg,33-141,1989,17.4,17,0.98,12,0,2,0,1,2,3,0.17,1,0,0,0,1,1,Matches
5bf26efc,Paolo Lebas,pt POR,MF,Ajaccio,19-315,2003,0.6,0,0.00,0,0,0,0,0,0,0,0.00,0,0,0,0,0,0,Matches
2fa2a875,Benjamin Lecomte,fr FRA,GK,Montpellier,31-309,1991,6.0,1,0.17,1,0,0,0,0,0,0,0.00,0,0,0,0,0,0,Matches
f5044e54,Pierre Lees-Melou,fr FRA,MF,Brest,29-280,1993,18.7,29,1.55,22,1,0,3,0,3,2,0.11,1,0,0,0,0,1,Matches
8ca9415f,Félix Lemaréchal,ci CIV,MF,Brest,19-206,2003,1.1,2,1.87,1,0,1,0,0,0,0,0.00,0,0,0,0,0,0,Matches
2b471f99,Mario Lemina,ga GAB,"MF,DF",Nice,29-181,1993,9.3,12,1.29,11,0,0,0,0,1,1,0.11,1,0,0,0,0,0,Matches
1e52971c,Johann Lepenant,fr FRA,MF,Lyon,20-130,2002,14.7,24,1.63,18,0,0,2,3,1,3,0.20,2,0,0,0,1,0,Matches
1e7aea56,Benjamin Leroy,fr FRA,GK,Ajaccio,33-328,1989,21.1,4,0.19,4,0,0,0,0,0,0,0.00,0,0,0,0,0,0,Matches
fcc84a07,Léo Leroy,fr FRA,MF,Montpellier,23-015,2000,9.1,20,2.20,15,0,1,2,1,1,6,0.66,6,0,0,0,0,0,Matches
17e25e72,Ruan Levine,br BRA,MF,Ajaccio,24-041,1999,0.3,3,11.74,0,0,1,1,1,0,0,0.00,0,0,0,0,0,0,Matches
f7691f63,Dimitri Liénard,fr FRA,"DF,MF",Strasbourg,35-016,1988,13.7,35,2.56,23,10,0,1,0,1,1,0.07,1,0,0,0,0,0,Matches
fd78b105,Mateusz Lis,pl POL,GK,Troyes,26-002,1997,7.0,0,0.00,0,0,0,0,0,0,0,0.00,0,0,0,0,0,0,Matches
40221fa7,Banzouzi Locko,fr FRA,DF,Reims,20-299,2002,11.8,21,1.78,18,0,1,0,1,1,0,0.00,0,0,0,0,0,0,Matches
40221fa7,Banzouzi Locko,fr FRA,DF,Brest,20-299,2002,1.4,0,0.00,0,0,0,0,0,0,0,0.00,0,0,0,0,0,0,Matches
f00de885,Anthony Lopes,pt POR,GK,Lyon,32-151,1990,21.3,0,0.00,0,0,0,0,0,0,0,0.00,0,0,0,0,0,0,Matches
7c2965bb,Rony Lopes,pt POR,"MF,FW",Troyes,27-063,1995,16.3,67,4.10,32,21,5,8,1,0,7,0.43,3,2,0,2,0,0,Matches
20b9f052,Pau López,es ESP,GK,Marseille,28-078,1994,21.0,3,0.14,1,2,0,0,0,0,1,0.05,0,1,0,0,0,0,Matches
64c14d49,Dion Lopy,sn SEN,MF,Reims,21-027,2002,10.3,26,2.54,18,2,0,3,3,0,4,0.39,2,0,0,0,2,0,Matches
fc4cf6a7,Jordan Lotomba,ch SUI,"DF,MF",Nice,24-153,1998,20.2,38,1.88,30,2,1,1,2,2,2,0.10,2,0,0,0,0,0,Matches
1a2935f6,Dejan Lovren,hr CRO,DF,Lyon,33-239,1989,7.7,7,0.91,4,0,0,3,0,0,0,0.00,0,0,0,0,0,0,Matches
a99138af,Jean Lucas,br BRA,MF,Monaco,24-252,1998,3.2,5,1.55,4,0,0,1,0,0,0,0.00,0,0,0,0,0,0,Matches
5b9512c5,Castello Lukeba,fr FRA,DF,Lyon,20-074,2002,21.2,14,0.66,14,0,0,0,0,0,2,0.09,2,0,0,0,0,0,Matches
e05082d1,Youssouf M'Changama,km COM,MF,Auxerre,32-184,1990,6.9,23,3.36,15,4,0,0,4,0,1,0.15,1,0,0,0,0,0,Matches
b3f8bdef,Deiver Machado,co COL,"DF,MF",Lens,29-180,1993,17.8,29,1.62,20,2,0,0,5,2,4,0.22,1,2,0,0,0,1,Matches
dfc5d4fa,Soungoutou Magassa,ml MLI,MF,Monaco,19-144,2003,0.8,0,0.00,0,0,0,0,0,0,0,0.00,0,0,0,0,0,0,Matches
d4d35152,Hugo Magnetti,fr FRA,MF,Brest,24-275,1998,12.6,28,2.22,23,0,2,2,0,1,4,0.32,2,0,0,1,0,1,Matches
caa7aaea,Yohann Magnin,fr FRA,"MF,DF",Clermont Foot,25-253,1997,20.5,39,1.91,31,0,1,1,2,4,3,0.15,3,0,0,0,0,0,Matches
fc46aab1,Lovro Majer,hr CRO,"MF,FW",Rennes,25-043,1998,10.8,46,4.27,28,7,1,4,5,1,4,0.37,2,2,0,0,0,0,Matches
22bfb57e,Jean-Victor Makengo,fr FRA,MF,Lorient,24-262,1998,4.1,8,1.96,5,0,1,1,1,0,0,0.00,0,0,0,0,0,0,Matches
654f49ca,Béni Makouana,cg CGO,"FW,MF",Montpellier,20-154,2002,2.2,2,0.90,1,0,0,0,1,0,1,0.45,0,0,0,0,1,0,Matches
48d5bd33,Ruslan Malinovskyi,ua UKR,"MF,FW",Marseille,29-301,1993,5.4,32,5.88,16,6,2,3,5,0,2,0.37,1,0,0,1,0,0,Matches
0f86995c,Hianga Mananga Mbock,fr FRA,MF,Brest,23-063,1999,0.2,0,0.00,0,0,0,0,0,0,0,0.00,0,0,0,0,0,0,Matches
1d2d5cc8,Steve Mandanda,fr FRA,GK,Rennes,37-338,1985,22.5,5,0.22,5,0,0,0,0,0,2,0.09,2,0,0,0,0,0,Matches
c801616a,Thomas Mangani,fr FRA,MF,Ajaccio,35-306,1987,9.9,36,3.62,14,20,0,1,1,0,1,0.10,1,0,0,0,0,0,Matches
c4173f1a,Vito Mannone,it ITA,GK,Lorient,34-364,1988,11.9,0,0.00,0,0,0,0,0,0,0,0.00,0,0,0,0,0,0,Matches
706a60e1,Myziane Maolida,fr FRA,"FW,MF",Reims,24-015,1999,1.7,2,1.17,1,0,0,1,0,0,0,0.00,0,0,0,0,0,0,Matches
e54a9890,Faitout Maouassa,fr FRA,"DF,FW",Montpellier,24-238,1998,15.8,39,2.47,28,5,3,2,0,1,5,0.32,5,0,0,0,0,0,Matches
740f00ac,Vincent Marchetti,fr FRA,MF,Ajaccio,25-240,1997,20.4,41,2.01,33,0,2,3,3,0,8,0.39,7,0,0,0,1,0,Matches
d9764034,Guillermo Maripán,cl CHI,DF,Monaco,28-299,1994,16.5,7,0.42,6,0,0,1,0,0,2,0.12,1,0,0,1,0,0,Matches
d5f2f82b,Marquinhos,br BRA,DF,Paris S-G,28-291,1994,21.3,12,0.56,9,1,0,2,0,0,1,0.05,1,0,0,0,0,0,Matches
468fdbad,Jonas Martin,fr FRA,MF,Lille,32-326,1990,2.1,3,1.41,3,0,0,0,0,0,0,0.00,0,0,0,0,0,0,Matches
3ef0fa48,Gelson Martins,pt POR,"MF,FW",Monaco,27-294,1995,3.8,15,3.91,11,0,1,2,1,0,1,0.26,1,0,0,0,0,0,Matches
eba1e557,Han-Noah Massengo,fr FRA,MF,Auxerre,21-237,2001,4.2,11,2.63,9,0,1,0,1,0,1,0.24,0,0,0,0,1,0,Matches
6ea05ca7,Yanis Massolin,fr FRA,MF,Clermont Foot,20-162,2002,0.6,1,1.67,1,0,0,0,0,0,0,0.00,0,0,0,0,0,0,Matches
15944afd,Eliot Matazo,be BEL,"MF,FW",Monaco,21-014,2002,7.0,4,0.57,4,0,0,0,0,0,0,0.00,0,0,0,0,0,0,Matches
cf1ef7ec,Chrislain Matsima,fr FRA,"DF,MF",Lorient,20-290,2002,2.5,0,0.00,0,0,0,0,0,0,0,0.00,0,0,0,0,0,0,Matches
cf1ef7ec,Chrislain Matsima,fr FRA,DF,Monaco,20-290,2002,1.4,4,2.83,3,0,1,0,0,0,3,2.13,2,0,1,0,0,0,Matches
70d4c949,Jean Mattéo Bahoya,fr FRA,FW,Angers,17-298,2005,0.1,0,0.00,0,0,0,0,0,0,0,0.00,0,0,0,0,0,0,Matches
a17a94d6,Azor Matusiwa,nl NED,MF,Reims,24-307,1998,17.8,40,2.25,39,0,0,0,0,1,2,0.11,2,0,0,0,0,0,Matches
87d31635,Aïman Maurer,ma MAR,MF,Clermont Foot,18-157,2004,2.6,4,1.57,2,1,0,0,1,0,0,0.00,0,0,0,0,0,0,Matches
30144daa,Stephy Mavididi,eng ENG,FW,Montpellier,24-274,1998,9.0,16,1.78,8,0,3,3,2,0,2,0.22,1,0,1,0,0,0,Matches
2c70d915,Christian Mawissa,fr FRA,DF,Toulouse,17-317,2005,1.1,0,0.00,0,0,0,0,0,0,0,0.00,0,0,0,0,0,0,Matches
b20cc590,Fernand Mayembo,cg CGO,DF,Ajaccio,27-051,1996,6.0,2,0.33,0,0,0,0,1,1,0,0.00,0,0,0,0,0,0,Matches
42fd9c7f,Kylian Mbappé,fr FRA,FW,Paris S-G,24-071,1998,18.3,77,4.21,56,2,9,7,3,0,12,0.66,7,0,2,1,2,0,Matches
e76cb9cc,Chancel Mbemba,cd COD,DF,Marseille,28-205,1994,22.4,27,1.21,23,0,0,3,1,0,1,0.04,1,0,0,0,0,0,Matches
890bc029,Jason Mbock,fr FRA,"MF,FW",Angers,23-120,1999,0.3,1,3.60,0,1,0,0,0,0,0,0.00,0,0,0,0,0,0,Matches
46750e9c,Nathanael Mbuku,fr FRA,"FW,MF",Reims,20-350,2002,0.7,1,1.36,1,0,0,0,0,0,0,0.00,0,0,0,0,0,0,Matches
6f5ec8bb,Facundo Medina,ar ARG,DF,Lens,23-277,1999,21.9,34,1.55,32,1,0,1,0,0,4,0.18,3,0,0,1,0,0,Matches
04ac78d2,Bamo Meïté,ci CIV,DF,Lorient,21-254,2001,5.8,1,0.17,0,0,0,1,0,0,0,0.00,0,0,0,0,0,0,Matches
d21e361a,Farid El Melali,dz ALG,"FW,DF",Angers,25-300,1997,4.5,8,1.76,4,1,1,0,2,0,1,0.22,1,0,0,0,0,0,Matches
70c52749,Birger Meling,no NOR,DF,Rennes,28-074,1994,6.8,8,1.18,7,1,0,0,0,0,2,0.30,2,0,0,0,0,0,Matches
f20e4cc9,Nuno Mendes,pt POR,"DF,MF",Paris S-G,20-255,2002,11.1,28,2.52,25,0,1,1,0,1,5,0.45,5,0,0,0,0,0,Matches
c6e5d20f,Thiago Mendes,br BRA,"MF,DF",Lyon,30-351,1992,17.7,21,1.18,20,0,0,1,0,0,1,0.06,1,0,0,0,0,0,Matches
3322e296,Antoine Mendy,fr FRA,DF,Nice,18-278,2004,1.9,8,4.24,5,1,0,2,0,0,2,1.06,1,0,0,1,0,0,Matches
9f0f4b49,Arial Mendy,sn SEN,DF,Clermont Foot,28-114,1994,2.5,5,2.03,3,0,0,0,2,0,0,0.00,0,0,0,0,0,0,Matches
e472a6f6,Batista Mendy,fr FRA,"MF,DF",Angers,23-048,2000,20.0,27,1.35,24,0,2,1,0,0,0,0.00,0,0,0,0,0,0,Matches
9bdd8118,Gideon Mensah,gh GHA,DF,Auxerre,24-226,1998,15.9,30,1.89,27,2,0,0,1,0,0,0.00,0,0,0,0,0,0,Matches
0bfca6a1,Quentin Merlin,fr FRA,DF,Nantes,20-289,2002,14.1,42,2.99,19,17,2,2,2,0,2,0.14,1,1,0,0,0,0,Matches
d70ce98e,Lionel Messi,ar ARG,"FW,MF",Paris S-G,35-250,1987,19.5,123,6.30,82,13,10,8,8,2,25,1.28,19,0,3,1,2,0,Matches
85613cf0,Arkadiusz Milik,pl POL,FW,Marseille,29-001,1994,1.4,0,0.00,0,0,0,0,0,0,0,0.00,0,0,0,0,0,0,Matches
f833a830,Takumi Minamino,jp JPN,"MF,FW",Monaco,28-044,1995,5.3,16,3.00,11,1,0,1,2,1,4,0.75,2,1,0,0,1,0,Matches
065dc209,Terem Moffi,ng NGA,FW,Nice,23-280,1999,3.7,9,2.45,7,0,1,1,0,0,2,0.54,2,0,0,0,0,0,Matches
065dc209,Terem Moffi,ng NGA,FW,Lorient,23-280,1999,15.4,26,1.69,19,0,6,0,1,0,4,0.26,2,0,2,0,0,0,Matches
595e6f3e,Mostafa Mohamed,eg EGY,FW,Nantes,25-093,1997,14.6,26,1.78,17,0,2,4,3,0,4,0.27,3,0,0,0,1,0,Matches
7e82a78f,Florent Mollet,fr FRA,MF,Nantes,31-102,1991,4.4,18,4.07,11,3,0,2,2,0,0,0.00,0,0,0,0,0,0,Matches
8499c713,Marlos Moreno,co COL,"MF,DF",Troyes,26-162,1996,0.1,0,0.00,0,0,0,0,0,0,0,0.00,0,0,0,0,0,0,Matches
3eaf8817,Lebo Mothiba,za RSA,"FW,MF",Strasbourg,27-032,1996,3.0,2,0.67,1,0,0,0,1,0,1,0.33,1,0,0,0,0,0,Matches
19ba6c6d,Steve Mounié,bj BEN,FW,Brest,28-153,1994,6.0,12,1.99,7,0,0,4,0,1,1,0.17,0,0,0,1,0,0,Matches
71d10572,Bevic Moussiti-Oko,cg CGO,FW,Ajaccio,28-032,1995,7.8,18,2.32,9,0,2,3,4,0,0,0.00,0,0,0,0,0,0,Matches
af0c835b,Samuel Moutoussamy,cd COD,MF,Nantes,26-201,1996,15.5,28,1.81,26,0,1,0,1,0,2,0.13,2,0,0,0,0,0,Matches
ac73ec79,Nordi Mukiele,fr FRA,DF,Paris S-G,25-120,1997,11.9,16,1.35,14,0,1,1,0,0,4,0.34,4,0,0,0,0,0,Matches
2acf0cd7,Marshall Munetsi,zw ZIM,MF,Reims,26-252,1996,17.5,42,2.40,31,0,2,3,5,1,1,0.06,1,0,0,0,0,0,Matches
dc29b608,Yvon Mvogo,ch SUI,GK,Lorient,28-268,1994,13.1,0,0.00,0,0,0,0,0,0,0,0.00,0,0,0,0,0,0,Matches
e110ea4b,Nathan N'Goumou,fr FRA,FW,Toulouse,22-352,2000,1.0,3,3.00,2,0,1,0,0,0,0,0.00,0,0,0,0,0,0,Matches
65c55288,Youssouf Ndayishimiye,bi BDI,"DF,MF",Nice,24-125,1998,3.4,4,1.18,3,0,0,1,0,0,1,0.30,1,0,0,0,0,0,Matches
87e9c7cd,Papa Ndiaga Yade,sn SEN,"DF,MF",Troyes,23-055,2000,4.3,16,3.73,13,0,0,1,2,0,2,0.47,2,0,0,0,0,0,Matches
69384e5d,Neymar,br BRA,"MF,FW",Paris S-G,31-024,1992,17.2,105,6.11,75,12,2,6,10,0,16,0.93,11,3,0,1,1,0,Matches
46faabfa,Ibrahima Niane,sn SEN,FW,Angers,23-355,1999,3.5,5,1.43,3,0,0,0,2,0,0,0.00,0,0,0,0,0,0,Matches
2054d037,M'Baye Niang,sn SEN,FW,Auxerre,28-072,1994,11.7,13,1.11,8,0,0,3,2,0,0,0.00,0,0,0,0,0,0,Matches
3f319bb9,Rasmus Nicolaisen,dk DEN,DF,Toulouse,25-350,1997,23.3,9,0.39,8,0,0,1,0,0,3,0.13,3,0,0,0,0,0,Matches
7b9a9e25,Arnaud Nordin,fr FRA,"FW,MF",Montpellier,24-257,1998,15.0,29,1.93,17,1,0,6,4,1,4,0.27,4,0,0,0,0,0,Matches
374fbf7d,Riad Nouri,fr FRA,MF,Ajaccio,37-267,1985,13.6,39,2.87,22,11,0,4,2,0,1,0.07,1,0,0,0,0,0,Matches
afb0c500,Alexander Nübel,de GER,GK,Monaco,26-152,1996,25.0,8,0.32,6,2,0,0,0,0,1,0.04,1,0,0,0,0,0,Matches
6043997c,Gerzino Nyamsi,fr FRA,DF,Strasbourg,26-038,1997,10.8,9,0.83,7,1,0,1,0,0,2,0.19,2,0,0,0,0,0,Matches
35516eac,Wilson Odobert,fr FRA,"MF,FW",Troyes,18-093,2004,11.7,38,3.26,32,0,3,1,1,1,7,0.60,6,0,0,1,0,0,Matches
6993927b,Florent Ogier,fr FRA,DF,Clermont Foot,33-345,1989,12.5,11,0.88,9,2,0,0,0,0,3,0.24,3,0,0,0,0,0,Matches
4534a352,Warmed Omari,fr FRA,DF,Rennes,22-312,2000,4.1,2,0.48,2,0,0,0,0,0,0,0.00,0,0,0,0,0,0,Matches
c631f952,Jonas Omlin,ch SUI,GK,Montpellier,29-050,1994,13.0,1,0.08,1,0,0,0,0,0,0,0.00,0,0,0,0,0,0,Matches
ff4df82e,Ado Onaiwu,jp JPN,FW,Toulouse,27-113,1995,7.2,12,1.67,10,0,0,0,2,0,1,0.14,1,0,0,0,0,0,Matches
b5bb8188,Jean Onana,cm CMR,MF,Lens,23-052,2000,4.0,6,1.50,5,0,0,1,0,0,0,0.00,0,0,0,0,0,0,Matches
8652a85c,Loïs Openda,be BEL,FW,Lens,23-013,2000,16.0,34,2.13,20,0,3,5,6,0,2,0.13,1,0,1,0,0,0,Matches
2f9e4435,Dango Ouattara,bf BFA,"FW,MF",Lorient,21-018,2002,17.2,63,3.67,31,1,12,5,11,3,15,0.87,6,0,4,1,3,1,Matches
6b4436ba,Zinédine Ould Khaled,fr FRA,"MF,FW",Angers,23-046,2000,0.5,1,2.14,1,0,0,0,0,0,0,0.00,0,0,0,0,0,0,Matches
83299cc0,Azzedine Ounahi,ma MAR,"MF,FW",Marseille,22-316,2000,1.0,3,3.07,0,0,2,1,0,0,2,2.05,0,0,2,0,0,0,Matches
83299cc0,Azzedine Ounahi,ma MAR,"MF,FW",Angers,22-316,2000,12.5,43,3.42,34,1,4,3,1,0,3,0.24,2,0,0,1,0,0,Matches
ed90babd,Adam Ounas,dz ALG,FW,Lille,26-110,1996,8.7,46,5.29,28,11,3,3,1,0,5,0.57,3,1,0,1,0,0,Matches
cd9b37a3,Ante Palaversa,hr CRO,MF,Troyes,22-329,2000,0.1,0,0.00,0,0,0,0,0,0,0,0.00,0,0,0,0,0,0,Matches
779847d6,Nicolas Pallois,fr FRA,DF,Nantes,35-163,1987,15.2,2,0.13,1,0,0,0,0,1,0,0.00,0,0,0,0,0,0,Matches
e5c1e0ca,Erik Palmer-Brown,us USA,DF,Troyes,25-311,1997,22.5,15,0.67,12,1,0,0,0,2,1,0.04,1,0,0,0,0,0,Matches
9b6f7fd5,Lucas Paquetá,br BRA,MF,Lyon,25-186,1997,1.8,9,5.09,5,0,1,1,0,2,1,0.57,0,0,0,1,0,0,Matches
dff153a4,Leandro Paredes,ar ARG,MF,Paris S-G,28-245,1994,0.6,4,6.92,4,0,0,0,0,0,1,1.73,1,0,0,0,0,0,Matches
58ae47b2,Dimitri Payet,fr FRA,"MF,FW",Marseille,35-337,1987,7.9,44,5.58,31,8,3,1,1,0,5,0.63,2,2,0,0,1,0,Matches
f8ce97ca,Timothee Pembele,fr FRA,DF,Paris S-G,20-173,2002,1.5,2,1.29,1,0,1,0,0,0,0,0.00,0,0,0,0,0,0,Matches
0810b6df,Patrick Pentz,at AUT,GK,Reims,26-058,1997,7.0,2,0.29,1,1,0,0,0,0,0,0.00,0,0,0,0,0,0,Matches
57e3f0c7,Nicolas Pépé,ci CIV,"FW,MF",Nice,27-276,1995,13.6,41,2.94,23,9,1,4,4,0,6,0.43,0,2,1,1,2,0,Matches
5c42e7ce,Brayann Pereira,fr FRA,DF,Auxerre,19-284,2003,2.0,0,0.00,0,0,0,0,0,0,0,0.00,0,0,0,0,0,0,Matches
8fd9996f,Danilo Pereira,pt POR,"DF,MF",Paris S-G,31-173,1991,14.2,16,1.13,13,0,0,2,0,1,1,0.07,1,0,0,0,0,0,Matches
8846a40f,Mathias Pereira Lage,pt POR,"MF,FW",Brest,26-091,1996,12.0,22,1.83,15,1,2,1,3,0,3,0.25,2,0,0,0,1,0,Matches
10dd88f9,Gaëtan Perrin,fr FRA,"MF,FW",Auxerre,26-267,1996,10.4,28,2.70,18,3,5,1,1,0,3,0.29,2,1,0,0,0,0,Matches
49070d66,Lucas Perrin,fr FRA,DF,Strasbourg,24-102,1998,11.2,8,0.71,7,0,0,1,0,0,0,0.00,0,0,0,0,0,0,Matches
64ba07c0,Ronaël Pierre-Gabriel,fr FRA,DF,Strasbourg,24-261,1998,7.3,15,2.06,8,3,1,1,1,1,1,0.14,1,0,0,0,0,0,Matches
e546b2e3,Julien Ponceau,fr FRA,MF,Lorient,22-093,2000,14.6,44,3.01,39,1,2,0,2,0,4,0.27,4,0,0,0,0,0,Matches
be98f358,Łukasz Poręba,pl POL,MF,Lens,22-353,2000,2.7,9,3.28,8,0,0,0,0,1,2,0.73,1,0,0,0,0,1,Matches
7d704e92,Jackson Porozo,ec ECU,DF,Troyes,22-209,2000,16.1,8,0.50,7,0,0,1,0,0,0,0.00,0,0,0,0,0,0,Matches
51c30111,Sanjin Prcić,ba BIH,MF,Strasbourg,29-101,1993,16.4,26,1.59,18,2,1,1,4,0,1,0.06,1,0,0,0,0,0,Matches
7be7c08b,Mehdi Puch Herrantz,fr FRA,MF,Ajaccio,19-040,2004,0.3,1,3.91,1,0,0,0,0,0,0,0.00,0,0,0,0,0,0,Matches
1b729a98,Ghjuvanni Quilichini,fr FRA,GK,Ajaccio,20-181,2002,0.9,0,0.00,0,0,0,0,0,0,0,0.00,0,0,0,0,0,0,Matches
67f649be,Ionuț Radu,ro ROU,GK,Auxerre,25-277,1997,6.0,1,0.17,1,0,0,0,0,0,0,0.00,0,0,0,0,0,0,Matches
8dbff17c,Adil Rami,fr FRA,DF,Troyes,37-064,1985,7.6,6,0.79,4,0,0,1,0,1,0,0.00,0,0,0,0,0,0,Matches
08511d65,Sergio Ramos,es ESP,DF,Paris S-G,36-336,1986,19.0,14,0.73,11,0,0,2,1,0,1,0.05,1,0,0,0,0,0,Matches
ef619b0b,Aaron Ramsey,wls WAL,MF,Nice,32-065,1990,12.5,41,3.28,24,11,0,5,1,0,4,0.32,2,1,0,0,1,0,Matches
79a793b7,Lilian Raolisoa,fr FRA,"MF,DF",Angers,22-258,2000,0.5,1,1.91,1,0,0,0,0,0,0,0.00,0,0,0,0,0,0,Matches
25749008,Elba Rashani,xk KVX,"MF,DF",Clermont Foot,29-296,1993,16.0,24,1.50,17,0,2,3,2,0,2,0.12,1,0,0,1,0,0,Matches
40ef7347,Rafael Ratão,br BRA,FW,Toulouse,27-091,1995,14.8,45,3.04,36,0,2,5,1,1,2,0.14,2,0,0,0,0,0,Matches
fb3236a7,Rayan Raveloson,mg MAD,"DF,MF",Auxerre,26-044,1997,14.2,21,1.47,19,0,1,1,0,0,1,0.07,1,0,0,0,0,0,Matches
d504b3e1,Jeff Reine-Adélaïde,fr FRA,MF,Troyes,25-043,1998,1.0,2,1.91,2,0,0,0,0,0,0,0.00,0,0,0,0,0,0,Matches
d504b3e1,Jeff Reine-Adélaïde,fr FRA,MF,Lyon,25-043,1998,3.7,20,5.36,16,1,1,1,0,1,2,0.54,2,0,0,0,0,0,Matches
102c9665,Alexsandro Ribeiro,br BRA,DF,Lille,23-204,1999,6.0,4,0.66,4,0,0,0,0,0,0,0.00,0,0,0,0,0,0,Matches
7f41ee30,Rémy Riou,fr FRA,GK,Lyon,35-207,1987,3.7,1,0.27,1,0,0,0,0,0,0,0.00,0,0,0,0,0,0,Matches
beae3a73,Renaud Ripart,fr FRA,"FW,MF",Troyes,29-352,1993,11.7,34,2.90,23,0,2,5,4,0,7,0.60,2,0,1,2,2,0,Matches
8d62d31a,Joe Rodon,wls WAL,DF,Rennes,25-130,1997,13.7,3,0.22,3,0,0,0,0,0,0,0.00,0,0,0,0,0,0,Matches
ed45c4a5,Valentin Rongier,fr FRA,MF,Marseille,28-084,1994,21.7,45,2.08,41,0,1,1,0,2,1,0.05,1,0,0,0,0,0,Matches
1a6b7ea4,Pablo Rosario,nl NED,"MF,DF",Nice,26-053,1997,11.6,23,1.99,22,0,0,0,1,0,1,0.09,1,0,0,0,0,0,Matches
9b545925,Anthony Rouault,fr FRA,DF,Toulouse,21-276,2001,24.9,9,0.36,6,0,0,2,0,1,1,0.04,0,0,0,1,0,0,Matches
90a9cc01,Kays Ruiz,ma MAR,MF,Auxerre,20-187,2002,0.7,0,0.00,0,0,0,0,0,0,0,0.00,0,0,0,0,0,0,Matches
c0c7ff58,Fabián Ruiz Peña,es ESP,MF,Paris S-G,26-332,1996,12.3,19,1.55,17,0,1,1,0,0,2,0.16,2,0,0,0,0,0,Matches
8299e363,Halid Šabanović,ba BIH,"DF,FW",Angers,23-191,1999,3.2,1,0.31,1,0,0,0,0,0,0,0.00,0,0,0,0,0,0,Matches
6388e356,Falaye Sacko,ml MLI,DF,Montpellier,27-304,1995,17.0,20,1.18,18,1,1,0,0,0,2,0.12,2,0,0,0,0,0,Matches
90fcf472,Wesley Saïd,fr FRA,"FW,MF",Lens,27-316,1995,6.6,20,3.01,10,0,7,3,0,0,3,0.45,0,0,2,1,0,0,Matches
93c942fb,Théo Sainte-Luce,fr FRA,DF,Montpellier,24-132,1998,3.9,7,1.77,6,1,0,0,0,0,1,0.25,1,0,0,0,0,0,Matches
c9151d66,Hamza Sakhi,ma MAR,MF,Auxerre,26-267,1996,17.7,64,3.63,50,8,1,3,2,0,3,0.17,3,0,0,0,0,0,Matches
87935cf3,Mamadou Sakho,fr FRA,DF,Montpellier,33-016,1990,5.7,3,0.52,1,0,0,1,0,1,0,0.00,0,0,0,0,0,0,Matches
cad3fd4d,Ibrahim Salah,be BEL,"FW,MF",Rennes,21-183,2001,0.9,3,3.18,3,0,0,0,0,0,0,0.00,0,0,0,0,0,0,Matches
bc7cc472,Amine Salama,fr FRA,"FW,MF",Angers,22-226,2000,12.7,24,1.89,15,0,4,3,2,0,1,0.08,1,0,0,0,0,0,Matches
c3725db2,Yoann Salmier,gf GUF,DF,Troyes,30-100,1992,21.9,13,0.59,9,0,0,2,1,1,3,0.14,2,0,0,0,1,0,Matches
fb14aa28,Mama Samba Baldé,gw GNB,FW,Troyes,27-115,1995,20.3,46,2.26,28,0,8,5,4,1,7,0.34,3,0,2,0,2,0,Matches
60d90c55,Brice Samba,cg CGO,GK,Lens,28-310,1994,25.0,1,0.04,1,0,0,0,0,0,0,0.00,0,0,0,0,0,0,Matches
032f894e,Renato Sanches,pt POR,MF,Paris S-G,25-195,1997,4.7,12,2.55,10,1,0,1,0,0,1,0.21,0,0,0,1,0,0,Matches
2c0f8e9e,Alexis Sánchez,cl CHI,FW,Marseille,34-072,1988,18.2,72,3.95,54,1,3,7,6,1,5,0.27,3,0,0,1,1,0,Matches
6e7f1353,Morgan Sanson,fr FRA,MF,Strasbourg,28-195,1994,4.6,10,2.18,7,0,0,1,1,1,1,0.22,1,0,0,0,0,0,Matches
5e22e2a4,Baptiste Santamaria,fr FRA,MF,Rennes,27-357,1995,11.5,29,2.52,27,0,0,2,0,0,0,0.00,0,0,0,0,0,0,Matches
9744ff80,Pablo Sarabia,es ESP,"FW,MF",Paris S-G,30-294,1992,4.1,19,4.61,12,6,0,0,1,0,1,0.24,1,0,0,0,0,0,Matches
f527a32c,Muhammed Saracevic Cham,at AUT,MF,Clermont Foot,22-156,2000,14.7,43,2.93,30,8,0,4,1,0,3,0.20,3,0,0,0,0,0,Matches
d5326924,Amin Sarr,se SWE,"FW,MF",Lyon,21-355,2001,2.1,2,0.93,1,0,0,0,1,0,0,0.00,0,0,0,0,0,0,Matches
4315f30d,Malang Sarr,fr FRA,DF,Monaco,24-037,1999,6.0,3,0.50,3,0,0,0,0,0,0,0.00,0,0,0,0,0,0,Matches
6bde367b,Téji Savanier,fr FRA,MF,Montpellier,31-069,1991,19.0,88,4.63,46,26,7,0,9,0,5,0.26,2,2,0,0,1,0,Matches
53af52f3,Kasper Schmeichel,dk DEN,GK,Nice,36-116,1986,23.0,10,0.43,7,3,0,0,0,0,1,0.04,0,1,0,0,0,0,Matches
cea59f02,Alidu Seidu,gh GHA,DF,Clermont Foot,22-270,2000,19.5,19,0.98,12,0,1,1,4,1,0,0.00,0,0,0,0,0,0,Matches
834b5c4c,Matz Sels,be BEL,GK,Strasbourg,31-003,1992,25.0,2,0.08,1,1,0,0,0,0,0,0.00,0,0,0,0,0,0,Matches
1d383c10,Marvin Senaya,tg TOG,DF,Strasbourg,22-032,2001,0.1,1,10.00,1,0,0,0,0,0,0,0.00,0,0,0,0,0,0,Matches
9c2b1f11,Kaj Sierhuis,nl NED,FW,Reims,24-308,1998,0.3,1,3.46,1,0,0,0,0,0,0,0.00,0,0,0,0,0,0,Matches
92ffb8f9,Vincent Sierro,ch SUI,"MF,FW",Toulouse,27-144,1995,0.5,2,4.39,1,1,0,0,0,0,0,0.00,0,0,0,0,0,0,Matches
30af8b93,Caio Henrique Oliveira Silva,br BRA,DF,Monaco,25-213,1997,20.5,61,2.97,44,13,2,1,0,1,11,0.54,7,4,0,0,0,0,Matches
fdbde523,Abdallah Sima,sn SEN,FW,Angers,21-257,2001,13.1,25,1.91,15,0,1,3,6,0,5,0.38,1,0,1,0,3,0,Matches
5f3eaaf5,Moses Simon,ng NGA,"FW,MF",Nantes,27-232,1995,18.5,58,3.14,39,9,5,4,1,0,2,0.11,2,0,0,0,0,0,Matches
5e5249c8,Lassine Sinayoko,ml MLI,"MF,FW",Auxerre,23-083,1999,13.7,42,3.06,30,0,3,5,4,0,5,0.36,3,0,0,0,2,0,Matches
0f8418aa,Ibrahima Sissoko,fr FRA,MF,Strasbourg,25-125,1997,8.4,13,1.55,10,0,0,2,1,0,1,0.12,1,0,0,0,0,0,Matches
2acd49b9,Moussa Sissoko,fr FRA,MF,Nantes,33-197,1989,13.7,26,1.89,24,0,0,2,0,0,1,0.07,1,0,0,0,0,0,Matches
d7547531,Naatan Skyttä,fi FIN,MF,Toulouse,20-298,2002,0.3,3,11.74,3,0,0,0,0,0,1,3.91,1,0,0,0,0,0,Matches
ffec9769,Islam Slimani,dz ALG,FW,Brest,34-256,1988,11.0,23,2.10,22,0,0,1,0,0,3,0.27,3,0,0,0,0,0,Matches
2ccd89a3,Eduard Sobol,ua UKR,DF,Strasbourg,27-315,1995,4.3,5,1.17,2,0,0,0,1,2,1,0.23,0,0,0,0,0,1,Matches
fed17f5a,Carlos Soler,es ESP,MF,Paris S-G,26-058,1997,8.3,23,2.78,17,1,0,1,4,0,7,0.85,6,0,0,0,1,0,Matches
f19f32b1,François-Joseph Sollacaro,fr FRA,GK,Ajaccio,28-345,1994,3.0,0,0.00,0,0,0,0,0,0,0,0.00,0,0,0,0,0,0,Matches
7a42d0df,Florian Sotoca,fr FRA,"FW,MF",Lens,32-127,1990,22.7,98,4.32,79,0,2,13,3,1,13,0.57,11,0,0,1,1,0,Matches
86a49468,Moussa Soumano,fr FRA,"FW,MF",Ajaccio,17-235,2005,1.1,3,2.76,2,0,1,0,0,0,1,0.92,0,0,1,0,0,0,Matches
4e0afc5d,Arnaud Souquet,fr FRA,"DF,FW",Montpellier,31-017,1992,4.0,5,1.25,5,0,0,0,0,0,0,0.00,0,0,0,0,0,0,Matches
a45a5d95,Kevin Spadanuda,ch SUI,"MF,FW",Ajaccio,26-044,1997,5.4,4,0.74,3,0,0,0,1,0,0,0.00,0,0,0,0,0,0,Matches
9bc9a519,Djed Spence,eng ENG,DF,Rennes,22-204,2000,3.9,5,1.27,3,0,2,0,0,0,0,0.00,0,0,0,0,0,0,Matches
a08985b8,Stijn Spierings,nl NED,MF,Toulouse,26-354,1996,25.0,37,1.48,34,0,1,0,2,0,5,0.20,3,0,1,0,1,0,Matches
8f7e6783,Calvin Stengs,nl NED,FW,Nice,24-073,1998,2.4,9,3.82,8,0,1,0,0,0,1,0.42,1,0,0,0,0,0,Matches
39b326ed,Gabriel Suazo,cl CHI,DF,Toulouse,25-204,1997,4.2,8,1.89,7,1,0,0,0,0,1,0.24,1,0,0,0,0,0,Matches
a62f8bf1,Kamaldeen Sulemana,gh GHA,"FW,MF",Rennes,21-014,2002,3.6,13,3.60,9,0,3,1,0,0,0,0.00,0,0,0,0,0,0,Matches
b99bec05,Issiaga Sylla,gn GUI,DF,Montpellier,29-059,1994,4.0,17,4.25,15,1,1,0,0,0,0,0.00,0,0,0,0,0,0,Matches
b99bec05,Issiaga Sylla,gn GUI,DF,Toulouse,29-059,1994,15.2,30,1.97,20,5,2,1,2,0,5,0.33,2,2,0,0,1,0,Matches
f0661424,Nicolás Tagliafico,ar ARG,DF,Lyon,30-182,1992,22.7,48,2.11,38,4,0,3,2,1,5,0.22,4,1,0,0,0,0,Matches
95192fe4,Waniss Taibi,fr FRA,MF,Angers,20-359,2002,1.9,2,1.04,2,0,0,0,0,0,0,0.00,0,0,0,0,0,0,Matches
a0f9b535,Flavien Tait,fr FRA,MF,Rennes,30-027,1993,15.3,48,3.13,37,0,6,1,0,4,6,0.39,4,0,2,0,0,0,Matches
a4a44eb0,Montassar Talbi,tn TUN,DF,Lorient,24-279,1998,25.0,7,0.28,7,0,0,0,0,0,1,0.04,1,0,0,0,0,0,Matches
ed39121c,Florian Tardieu,fr FRA,MF,Troyes,30-313,1992,11.2,45,4.02,35,9,0,1,0,0,4,0.36,3,1,0,0,0,0,Matches
a65c844b,Nuno Tavares,pt POR,"DF,MF",Marseille,23-034,2000,18.5,49,2.65,36,0,5,7,1,0,5,0.27,0,0,2,3,0,0,Matches
7f783431,Enzo Tchato,cm CMR,DF,Montpellier,20-098,2002,10.6,20,1.90,17,0,1,0,1,1,2,0.19,2,0,0,0,0,0,Matches
5148dcc5,Martin Terrier,fr FRA,"FW,MF",Rennes,25-362,1997,14.7,56,3.82,43,0,3,8,1,1,9,0.61,6,0,1,1,1,0,Matches
7120a04d,Tetê,br BRA,"FW,MF",Lyon,23-014,2000,12.3,30,2.44,20,4,2,3,1,0,7,0.57,4,0,1,1,1,0,Matches
df8d6029,Arthur Theate,be BEL,DF,Rennes,22-280,2000,23.9,18,0.75,17,0,0,0,0,1,2,0.08,2,0,0,0,0,0,Matches
f4bc42b1,Sada Thioub,sn SEN,"FW,MF",Angers,27-273,1995,6.2,20,3.21,17,0,2,1,0,0,1,0.16,1,0,0,0,0,0,Matches
c76b7567,Adrien Thomasson,fr FRA,MF,Strasbourg,29-081,1993,10.4,38,3.65,32,1,2,2,0,1,3,0.29,2,0,0,1,0,0,Matches
c76b7567,Adrien Thomasson,fr FRA,"MF,FW",Lens,29-081,1993,4.0,12,3.03,10,1,0,1,0,0,1,0.25,1,0,0,0,0,0,Matches
7d9397f8,Khéphren Thuram-Ulie,fr FRA,MF,Nice,21-340,2001,19.4,48,2.47,33,0,6,6,2,1,7,0.36,5,0,1,1,0,0,Matches
ca6f4846,Alexis Tibidi,fr FRA,FW,Troyes,19-118,2003,0.7,2,2.81,1,0,0,0,1,0,0,0.00,0,0,0,0,0,0,Matches
88f130ed,Jean-Clair Todibo,fr FRA,DF,Nice,23-061,1999,21.5,14,0.65,12,0,1,1,0,0,1,0.05,1,0,0,0,0,0,Matches
5ceba7fc,Karl Toko Ekambi,cm CMR,"FW,MF",Rennes,30-168,1992,3.0,9,2.98,7,0,0,2,0,0,2,0.66,1,0,0,1,0,0,Matches
5ceba7fc,Karl Toko Ekambi,cm CMR,"FW,MF",Lyon,30-168,1992,15.0,47,3.13,39,0,4,3,1,0,2,0.13,2,0,0,0,0,0,Matches
652d4c37,Corentin Tolisso,fr FRA,MF,Lyon,28-210,1994,12.0,46,3.83,39,3,0,1,3,0,5,0.42,5,0,0,0,0,0,Matches
a4b798a9,Birama Touré,ml MLI,MF,Auxerre,30-268,1992,24.8,22,0.89,18,1,0,0,1,2,1,0.04,1,0,0,0,0,0,Matches
01fd01e8,Souleymane Touré,fr FRA,DF,Marseille,19-338,2003,0.8,1,1.32,1,0,0,0,0,0,0,0.00,0,0,0,0,0,0,Matches
01fd01e8,Souleymane Touré,fr FRA,DF,Auxerre,19-338,2003,6.9,8,1.17,7,0,0,1,0,0,0,0.00,0,0,0,0,0,0,Matches
4e47507a,Yoann Touzghar,tn TUN,FW,Ajaccio,36-093,1986,4.3,1,0.23,1,0,0,0,0,0,0,0.00,0,0,0,0,0,0,Matches
de488e56,Charles Traore,ml MLI,DF,Nantes,31-059,1992,3.6,2,0.56,2,0,0,0,0,0,0,0.00,0,0,0,0,0,0,Matches
a4b1028a,Hamari Traoré,ml MLI,DF,Rennes,31-033,1992,18.1,40,2.20,36,0,0,3,0,1,7,0.39,7,0,0,0,0,0,Matches
5d0e0a1f,Adrien Truffert,fr FRA,DF,Rennes,21-101,2001,19.9,45,2.27,36,1,3,3,2,0,8,0.40,7,1,0,0,0,0,Matches
906baf89,Theocharis Tsingaras,gr GRE,MF,Toulouse,22-193,2000,0.1,1,12.86,1,0,0,0,0,0,0,0.00,0,0,0,0,0,0,Matches
8a53d24b,Ike Ugbo,ca CAN,"FW,MF",Troyes,24-161,1998,4.6,6,1.30,4,0,1,0,1,0,1,0.22,1,0,0,0,0,0,Matches
1df4a109,Chimuanya Ugochukwu,fr FRA,MF,Rennes,18-340,2004,9.7,5,0.51,4,0,0,0,0,1,1,0.10,1,0,0,0,0,0,Matches
1880614f,Cengiz Ünder,tr TUR,"MF,DF",Marseille,25-230,1997,15.5,60,3.87,37,13,3,5,1,1,6,0.39,4,1,0,1,0,0,Matches
d75f3980,Jere Uronen,fi FIN,DF,Brest,28-231,1994,3.3,4,1.20,4,0,0,0,0,0,1,0.30,1,0,0,0,0,0,Matches
531a4aa8,Yan Valery,tn TUN,DF,Angers,24-007,1999,15.1,23,1.52,16,1,3,0,3,0,0,0.00,0,0,0,0,0,0,Matches
ee45fd85,Vanderson,br BRA,DF,Monaco,21-253,2001,14.4,32,2.22,28,2,1,0,0,1,5,0.35,5,0,0,0,0,0,Matches
4a56052c,Jordan Veretout,fr FRA,MF,Marseille,30-000,1993,18.8,53,2.82,35,8,2,4,0,4,7,0.37,2,2,1,1,0,1,Matches
1467af0d,Marco Verratti,it ITA,MF,Paris S-G,30-116,1992,15.8,37,2.34,36,0,1,0,0,0,7,0.44,7,0,0,0,0,0,Matches
d60cf08d,João Victor,br BRA,DF,Nantes,24-227,1998,3.8,2,0.53,2,0,0,0,0,0,0,0.00,0,0,0,0,0,0,Matches
b2791a55,Clément Vidal,fr FRA,"DF,MF",Ajaccio,22-256,2000,10.3,6,0.58,5,0,0,1,0,0,0,0.00,0,0,0,0,0,0,Matches
01becd60,Alan Virginius,fr FRA,FW,Lille,20-057,2003,2.5,8,3.21,4,0,0,3,1,0,1,0.40,0,0,0,1,0,0,Matches
75438a9a,Mattia Viti,it ITA,DF,Nice,21-036,2002,7.0,2,0.28,2,0,0,0,0,0,1,0.14,1,0,0,0,0,0,Matches
74d4cec6,Vitinha,pt POR,FW,Marseille,22-351,2000,0.7,2,2.90,1,0,0,1,0,0,0,0.00,0,0,0,0,0,0,Matches
3b029691,Vitinha,pt POR,MF,Paris S-G,23-016,2000,17.2,38,2.21,34,0,0,1,2,1,7,0.41,6,0,0,0,1,0,Matches
64f69877,Kevin Volland,de GER,"MF,FW",Monaco,30-214,1992,3.2,9,2.79,8,0,0,0,1,0,3,0.93,2,0,0,0,1,0,Matches
8eec784d,Timothy Weah,us USA,"DF,FW",Lille,23-007,2000,10.1,29,2.86,24,0,1,3,1,0,3,0.30,2,0,0,1,0,0,Matches
3ecc8c5f,Mateusz Wieteska,pl POL,DF,Clermont Foot,26-018,1997,25.0,15,0.60,11,0,1,3,0,0,2,0.08,0,0,0,2,0,0,Matches
b003239d,Christopher Wooh,cm CMR,DF,Rennes,21-164,2001,7.6,4,0.53,2,0,0,1,1,0,2,0.26,1,0,0,0,1,0,Matches
b003239d,Christopher Wooh,cm CMR,MF,Lens,21-164,2001,0.0,0,0.00,0,0,0,0,0,0,0,0.00,0,0,0,0,0,0,Matches
f3600c02,Xeka,pt POR,MF,Rennes,28-111,1994,6.1,8,1.31,6,1,0,0,1,0,1,0.16,0,0,0,0,1,0,Matches
f5c8b425,Yusuf Yazıcı,tr TUR,MF,Lille,26-031,1997,2.2,11,4.95,10,1,0,0,0,0,1,0.45,1,0,0,0,0,0,Matches
061266cd,Darlin Yongwa,cm CMR,"DF,FW",Lorient,22-160,2000,1.8,5,2.87,5,0,0,0,0,0,0,0.00,0,0,0,0,0,0,Matches
6763f716,Leny Yoro,fr FRA,"DF,MF",Lille,17-108,2005,5.5,4,0.73,3,0,0,1,0,0,0,0.00,0,0,0,0,0,0,Matches
1a85bcdb,Mohamed Youssouf,km COM,DF,Ajaccio,34-340,1988,18.4,27,1.47,23,0,1,1,2,0,0,0.00,0,0,0,0,0,0,Matches
6b9960cf,Warren Zaire-Emery,fr FRA,MF,Paris S-G,16-358,2006,3.4,3,0.88,2,0,0,1,0,0,1,0.29,1,0,0,0,0,0,Matches
72d4922b,Oliver Zandén,se SWE,"DF,MF",Toulouse,21-199,2001,1.6,4,2.47,4,0,0,0,0,0,0,0.00,0,0,0,0,0,0,Matches
0ff630d0,Akim Zedadka,dz ALG,DF,Auxerre,27-275,1995,7.5,13,1.73,8,2,2,0,0,1,0,0.00,0,0,0,0,0,0,Matches
0ff630d0,Akim Zedadka,dz ALG,"DF,MF",Lille,27-275,1995,3.9,7,1.77,6,0,0,0,1,0,0,0.00,0,0,0,0,0,0,Matches
c8c02ac7,Mehdi Zeffane,dz ALG,"DF,MF",Clermont Foot,30-286,1992,0.8,4,5.22,2,1,0,0,1,0,0,0.00,0,0,0,0,0,0,Matches
095e4199,Arber Zeneli,xk KVX,"FW,MF",Reims,28-004,1995,10.0,44,4.41,28,7,6,2,1,0,5,0.50,5,0,0,0,0,0,Matches
fb4c5b6e,Nathan Zeze,fr FRA,DF,Nantes,17-256,2005,0.7,0,0.00,0,0,0,0,0,0,0,0.00,0,0,0,0,0,0,Matches
34a88e3e,Edon Zhegrova,xk KVX,"FW,DF",Lille,23-335,1999,7.8,44,5.65,27,7,3,3,2,2,6,0.77,3,1,0,1,1,0,Matches
aefa3050,Banhie Zoukrou,fr FRA,DF,Troyes,19-298,2003,0.3,0,0.00,0,0,0,0,0,0,0,0.00,0,0,0,0,0,0,Matches
