id,Player,Nation,Pos,Squad,Age,Born,90s,CrdY,CrdR,2CrdY,Fls,Fld,Off,Crs,Int,TklW,PKwon,PKcon,OG,Recov,Won,Lost,Won%,Matches
4cd41883,Paxten Aaronson,us USA,MF,Eint Frankfurt,19-216,2003,0.1,0,0,0,1,0,0,0,0,0,0,0,0,0,0,0,,Matches
22919e97,Sargis Adamyan,am ARM,"FW,MF",Köln,29-311,1993,7.0,3,0,0,16,5,4,13,3,6,0,0,0,36,11,25,30.6,Matches
501055d8,Karim Adeyemi,de GER,"FW,MF",Dortmund,21-071,2002,8.9,5,0,0,11,18,0,15,6,7,0,0,0,43,7,2,77.8,Matches
dcfb17f4,Amine Adli,fr FRA,"FW,MF",Leverkusen,22-324,2000,10.3,1,1,0,28,31,4,14,5,9,2,1,0,37,19,28,40.4,Matches
cb6d81b3,Felix Agu,de GER,"DF,FW",Werder Bremen,23-184,1999,0.5,0,0,0,3,3,0,1,0,0,0,1,0,3,1,1,50.0,Matches
a6c58494,Naouirou Ahamada,fr FRA,MF,Stuttgart,21-001,2002,15.5,4,1,1,16,17,1,6,8,11,0,1,0,88,7,16,30.4,Matches
462475ed,Ludovic Ajorque,fr FRA,FW,Mainz 05,29-033,1994,7.2,2,0,0,14,7,2,1,0,2,0,0,0,26,55,54,50.5,Matches
6ec6fde0,Kevin Akpoguma,ng NGA,DF,Hoffenheim,27-345,1995,15.3,8,0,0,21,12,0,8,15,35,0,0,0,100,44,34,56.4,Matches
834d0be5,Lucas Alario,ar ARG,"FW,MF",Eint Frankfurt,30-173,1992,3.3,0,0,0,8,2,5,0,0,2,0,0,0,9,17,18,48.6,Matches
00f518d8,Faride Alidou,de GER,"DF,MF",Eint Frankfurt,21-255,2001,1.5,0,0,0,7,1,2,2,1,4,0,0,0,12,2,7,22.2,Matches
8ce30c57,Éder Álvarez Balanta,co COL,MF,Schalke 04,30-030,1993,2.1,2,0,0,3,0,0,1,3,3,0,0,0,15,2,1,66.7,Matches
cd682b6b,Lukáš Ambros,cz CZE,MF,Wolfsburg,18-298,2004,0.2,0,0,0,0,1,0,0,0,0,0,0,0,1,0,0,,Matches
555d5edd,Nadiem Amiri,de GER,"MF,FW",Leverkusen,26-154,1996,8.0,3,0,0,11,20,3,11,4,3,0,0,0,49,1,10,9.1,Matches
e0b113a7,Robert Andrich,de GER,MF,Leverkusen,28-189,1994,20.7,6,0,0,31,12,0,4,29,29,0,0,1,115,38,34,52.8,Matches
30941e96,Angeliño,es ESP,DF,Hoffenheim,26-085,1997,21.0,2,0,0,10,21,6,137,16,15,0,0,0,108,10,19,34.5,Matches
5e66fa06,Waldemar Anton,de GER,DF,Stuttgart,26-253,1996,24.1,3,0,0,22,23,1,27,31,23,0,0,0,173,40,42,48.8,Matches
0a3f6cde,Christopher Antwi-Adjei,gh GHA,"FW,MF",Bochum,29-051,1994,13.5,0,0,0,11,23,12,38,3,11,1,0,0,69,10,30,25.0,Matches
56413b1f,Charles Aránguiz,cl CHI,MF,Leverkusen,33-347,1989,5.5,1,0,0,7,10,0,12,7,7,0,0,0,33,2,7,22.2,Matches
86e119e0,Maximilian Arnold,de GER,MF,Wolfsburg,28-307,1994,23.2,5,0,0,24,51,0,121,18,22,0,0,0,179,24,22,52.2,Matches
13ddc856,Takuma Asano,jp JPN,"FW,MF",Bochum,28-140,1994,11.2,1,0,0,8,19,5,14,6,4,0,0,0,45,10,21,32.3,Matches
35f67a30,Fisnik Asllani,xk KVX,FW,Hoffenheim,20-234,2002,1.6,0,0,0,1,2,2,3,2,0,0,0,0,2,4,4,50.0,Matches
fe46e261,Mehmet Aydin,de GER,"DF,FW",Schalke 04,21-049,2002,5.4,0,0,0,6,3,0,21,9,16,0,0,0,41,9,9,50.0,Matches
ce81d82d,Ayman Azhil,ma MAR,MF,Leverkusen,21-354,2001,0.0,0,0,0,0,0,0,0,0,0,0,0,0,0,0,0,,Matches
10549b49,Sardar Azmoun,ir IRN,"FW,MF",Leverkusen,28-088,1995,6.2,1,0,0,10,1,6,0,1,3,1,0,0,25,12,29,29.3,Matches
f582d5c1,Sanoussy Ba,de GER,DF,RB Leipzig,19-084,2004,0.0,0,0,0,0,0,0,0,0,0,0,0,0,0,0,0,,Matches
a8567629,Mitchel Bakker,nl NED,"DF,MF",Leverkusen,22-283,2000,12.8,4,1,1,14,11,0,18,10,7,0,0,0,85,9,9,50.0,Matches
442b56fa,Ridle Baku,de GER,"DF,FW",Wolfsburg,24-356,1998,22.4,4,0,0,22,27,3,58,18,14,0,0,0,127,16,24,40.0,Matches
a2a85828,Aymen Barkok,ma MAR,MF,Mainz 05,24-313,1998,4.4,1,0,0,15,2,0,12,3,7,0,0,0,40,11,9,55.0,Matches
00242b75,Leandro Barreiro Martins,lu LUX,MF,Mainz 05,23-086,2000,16.7,4,0,0,33,24,2,6,27,23,1,2,0,98,26,29,47.3,Matches
e61bdd69,Gil Bastião Dias,pt POR,FW,Stuttgart,26-183,1996,4.4,0,0,0,6,5,2,6,2,6,0,0,0,30,7,8,46.7,Matches
44a20f0c,Maximilian Bauer,de GER,DF,Augsburg,23-049,2000,13.7,6,0,0,15,18,1,1,20,13,0,1,0,78,50,34,59.5,Matches
47064058,Oliver Baumann,de GER,GK,Hoffenheim,32-301,1990,25.0,1,0,0,0,0,0,0,0,0,0,0,0,52,12,0,100.0,Matches
bd7d2e6d,Timo Baumgartl,de GER,DF,Union Berlin,27-026,1996,5.7,1,0,0,10,4,0,5,1,5,0,0,0,35,16,10,61.5,Matches
69374ff5,Julian Baumgartlinger,at AUT,MF,Augsburg,35-087,1988,5.1,0,0,0,4,7,0,2,4,3,0,0,0,32,6,9,40.0,Matches
437f2b00,Christoph Baumgartner,at AUT,"MF,FW",Hoffenheim,23-241,1999,21.2,5,0,0,49,36,5,24,13,15,2,0,0,110,46,51,47.4,Matches
fbbc8e15,Noah Joel Sarenren Bazee,ng NGA,FW,Augsburg,26-221,1996,0.1,0,0,0,0,0,0,0,0,0,0,0,0,1,0,1,0.0,Matches
a53b661f,Ihlas Bebou,tg TOG,FW,Hoffenheim,28-341,1994,7.1,0,0,0,9,6,4,6,4,7,1,1,0,27,13,23,36.1,Matches
8eb55dbb,Sheraldo Becker,sr SUR,FW,Union Berlin,28-049,1995,20.0,1,0,0,22,16,20,86,2,4,1,0,0,57,14,35,28.6,Matches
30ae134d,Kevin Behrens,de GER,FW,Union Berlin,32-055,1991,10.5,3,0,0,21,14,2,5,4,4,0,0,0,32,110,99,52.6,Matches
857a5abe,Stefan Bell,de GER,DF,Mainz 05,31-218,1991,17.7,6,0,0,36,7,4,12,34,14,0,0,0,134,73,48,60.3,Matches
bee0bab1,Karim Bellarabi,de GER,FW,Leverkusen,32-356,1990,0.9,0,0,0,2,0,2,5,0,0,0,0,0,4,0,0,,Matches
57d88cf9,Jude Bellingham,eng ENG,MF,Dortmund,19-274,2003,23.1,6,0,0,28,61,2,22,29,33,0,0,0,161,30,25,54.5,Matches
378825c7,Ramy Bensebaini,dz ALG,DF,M'Gladbach,27-348,1995,20.8,5,1,1,19,35,2,24,26,20,0,0,1,124,53,29,64.6,Matches
eb6e14be,Mergim Berisha,de GER,FW,Augsburg,24-323,1998,16.8,9,1,1,24,27,14,76,0,6,0,0,0,44,34,59,36.6,Matches
7aac47fe,Ermin Bičakčić,ba BIH,DF,Hoffenheim,33-065,1990,1.9,0,0,0,0,1,1,1,4,0,0,0,0,8,8,7,53.3,Matches
07d3bfec,Tom Bischof,de GER,"MF,FW",Hoffenheim,17-275,2005,2.9,0,0,0,8,5,0,6,0,7,0,0,0,14,0,3,0.0,Matches
dc62fbee,Leonardo Bittencourt,de GER,"MF,DF",Werder Bremen,29-101,1993,11.3,6,0,0,29,25,3,30,9,14,0,0,0,72,3,11,21.4,Matches
663e080e,Janis Blaswich,de GER,GK,RB Leipzig,31-332,1991,18.0,0,0,0,1,3,0,0,0,0,0,1,0,28,9,0,100.0,Matches
691bef82,Daley Blind,nl NED,"DF,MF",Bayern Munich,33-021,1990,1.5,0,0,0,1,0,0,1,2,0,0,0,0,7,2,1,66.7,Matches
f4ec4fd0,Kevin-Prince Boateng,gh GHA,MF,Hertha BSC,36-024,1987,1.9,1,0,0,14,2,0,6,0,2,0,0,0,14,8,5,61.5,Matches
635f2732,Jean-Paul Boëtius,nl NED,MF,Hertha BSC,29-008,1994,9.5,2,0,0,11,24,0,4,11,14,0,0,0,63,4,15,21.1,Matches
36578017,Yvandro Borges Sanches,lu LUX,"FW,MF",M'Gladbach,18-310,2004,0.3,0,0,0,1,0,0,2,0,2,0,0,0,3,0,0,,Matches
01834aa0,Sebastiaan Bornauw,be BEL,DF,Wolfsburg,24-008,1999,14.9,6,0,0,18,3,0,2,23,10,0,0,0,77,37,25,59.7,Matches
c68da769,Rafael Borré,co COL,"FW,MF",Eint Frankfurt,27-196,1995,7.7,2,0,0,16,8,13,12,2,12,0,0,0,36,15,21,41.7,Matches
a167537f,Julian Brandt,de GER,"MF,FW",Dortmund,26-332,1996,19.5,2,0,0,8,14,5,127,14,14,0,0,0,107,7,20,25.9,Matches
d28339cb,Fabian Bredlow,de GER,GK,Stuttgart,28-028,1995,6.0,0,0,0,0,0,0,0,0,0,0,0,0,12,0,0,,Matches
d4a2533d,Josip Brekalo,hr CRO,"MF,FW",Wolfsburg,24-280,1998,3.0,0,0,0,2,3,1,13,2,1,0,0,0,14,0,2,0.0,Matches
e27da244,John Brooks,us USA,DF,Hoffenheim,30-061,1993,6.0,3,0,0,11,6,0,0,6,5,0,0,0,32,25,6,80.6,Matches
bbd79358,Moritz Broschinski,de GER,"FW,MF",Bochum,22-188,2000,1.1,1,0,0,2,1,0,2,0,0,0,0,0,8,5,4,55.6,Matches
f0a37d36,Cédric Brunner,ch SUI,DF,Schalke 04,29-041,1994,19.6,3,0,0,25,28,0,45,34,22,0,0,0,102,33,35,48.5,Matches
4e204552,Jacob Bruun Larsen,dk DEN,FW,Hoffenheim,24-192,1998,3.3,0,0,0,1,1,4,4,1,2,0,0,0,6,2,4,33.3,Matches
45e95f21,Lee Buchanan,eng ENG,"DF,FW",Werder Bremen,22-023,2001,3.6,1,0,0,4,4,0,17,8,7,0,0,0,23,5,4,55.6,Matches
ab5b7dc1,Marius Bülter,de GER,"FW,MF",Schalke 04,30-001,1993,21.3,4,0,0,18,39,5,84,10,10,0,0,0,94,36,48,42.9,Matches
05e2d5ea,Delano Burgzorg,nl NED,"FW,MF",Mainz 05,24-143,1998,2.3,2,0,0,4,3,3,1,0,3,0,0,0,4,0,11,0.0,Matches
05f99a4a,Jonathan Burkardt,de GER,"MF,FW",Mainz 05,22-262,2000,5.9,2,0,0,6,11,3,11,1,1,2,0,0,13,8,15,34.8,Matches
f631c17f,Oliver Burke,sct SCO,"FW,MF",Werder Bremen,25-357,1997,3.0,0,0,0,3,4,3,6,0,0,1,0,0,7,6,11,35.3,Matches
b4705807,Aurélio Buta,pt POR,DF,Eint Frankfurt,26-048,1997,6.5,1,0,0,18,5,0,24,4,8,0,0,0,32,8,15,34.8,Matches
10745192,Jamie Bynoe-Gittens,eng ENG,"FW,MF",Dortmund,18-234,2004,5.4,0,0,0,9,16,0,5,0,4,0,0,0,21,8,10,44.4,Matches
0118c54c,Anthony Caci,fr FRA,DF,Mainz 05,25-272,1997,16.0,2,0,0,11,6,0,47,44,19,0,0,0,115,17,28,37.8,Matches
d1db4b83,Kerim Calhanoglu,de GER,DF,Schalke 04,20-216,2002,0.7,0,0,0,3,1,0,2,0,1,0,1,0,3,1,2,33.3,Matches
d1273f09,Daniel Caligiuri,it ITA,"DF,MF",Augsburg,35-074,1988,2.9,1,0,0,5,4,0,10,3,5,0,0,0,28,2,5,28.6,Matches
a65ce836,Emre Can,de GER,MF,Dortmund,29-077,1994,12.1,5,0,0,17,16,0,0,15,20,0,0,0,104,22,9,71.0,Matches
bd6351cd,João Cancelo,pt POR,"DF,FW",Bayern Munich,28-307,1994,4.0,1,0,0,4,7,3,10,5,10,0,0,0,24,9,3,75.0,Matches
5e080f73,Irvin Cardona,fr FRA,MF,Augsburg,25-234,1997,1.3,2,0,0,1,1,1,2,2,1,1,0,0,3,0,1,0.0,Matches
db401046,Koen Casteels,be BEL,GK,Wolfsburg,30-278,1992,25.0,0,0,0,0,1,0,0,1,0,0,0,0,41,2,1,66.7,Matches
ae7058f9,Julian Chabot,de GER,DF,Köln,25-046,1998,11.0,2,0,0,19,13,2,1,21,19,0,0,0,68,43,23,65.2,Matches
b3b7f5a6,Timothy Chandler,us USA,DF,Eint Frankfurt,33-001,1990,0.9,0,0,0,0,0,0,3,0,2,0,0,0,5,1,0,100.0,Matches
48780156,Fabio Chiarodia,it ITA,DF,Werder Bremen,17-298,2005,0.7,0,0,0,0,0,0,0,2,0,0,0,0,1,1,1,50.0,Matches
af104654,Oliver Christensen,dk DEN,GK,Hertha BSC,24-008,1999,25.0,1,0,0,0,6,0,0,0,0,0,0,0,44,4,2,66.7,Matches
c6608135,Darko Churlinov,mk MKD,FW,Stuttgart,22-262,2000,0.3,0,0,0,0,1,0,0,0,2,0,0,0,0,0,1,0.0,Matches
6e17c802,Tolga Ciğerci,tr TUR,MF,Hertha BSC,31-007,1992,5.3,2,0,0,10,3,0,13,4,8,0,1,0,52,7,10,41.2,Matches
dd5bbe0d,David Čolina,hr CRO,"DF,MF",Augsburg,22-254,2000,0.7,0,0,0,0,2,0,2,3,0,0,0,0,10,1,0,100.0,Matches
042e8a49,Kingsley Coman,fr FRA,"FW,MF",Bayern Munich,26-290,1996,10.2,2,1,1,7,14,3,58,1,6,1,0,0,47,8,5,61.5,Matches
5ddb8f9f,Danny da Costa,de GER,DF,Mainz 05,29-260,1993,10.7,0,0,0,6,2,2,46,9,13,0,0,0,74,13,9,59.1,Matches
05ba9d7c,Tanguy Coulibaly,fr FRA,"FW,DF",Stuttgart,22-040,2001,2.2,1,0,0,3,3,1,6,3,8,0,0,0,18,0,3,0.0,Matches
eac044ad,Moanes Dabbur,il ISR,FW,Hoffenheim,30-320,1992,7.3,2,1,0,7,7,6,4,3,5,0,0,0,30,4,16,20.0,Matches
dee3013b,Finn Dahmen,de GER,GK,Mainz 05,25-003,1998,6.0,0,0,0,0,0,0,0,0,0,0,0,0,16,4,0,100.0,Matches
db4ed67b,Mahmoud Dahoud,de GER,MF,Dortmund,27-088,1996,3.4,1,0,0,2,2,0,3,7,8,0,0,0,24,1,3,25.0,Matches
d3d77413,Muhammed Damar,de GER,MF,Hoffenheim,18-355,2004,1.8,0,0,0,6,1,0,2,0,3,0,0,0,12,2,2,50.0,Matches
41bff4fa,Márton Dárdai,de GER,DF,Hertha BSC,21-046,2002,4.9,1,0,0,5,3,0,0,6,4,0,0,0,26,10,6,62.5,Matches
3eb0f2df,Vladimír Darida,cz CZE,MF,Hertha BSC,32-234,1990,0.3,0,0,0,1,1,0,0,0,1,0,0,0,1,0,1,0.0,Matches
d781d855,Alphonso Davies,ca CAN,DF,Bayern Munich,22-148,2000,20.4,0,0,0,7,24,3,20,22,25,0,0,0,175,4,5,44.4,Matches
fe641c1a,Thomas Delaney,dk DEN,MF,Hoffenheim,31-208,1991,3.2,0,0,0,3,6,0,3,1,3,0,0,0,25,11,4,73.3,Matches
54b4dc4e,Kerem Demirbay,de GER,MF,Leverkusen,29-270,1993,13.0,3,0,0,23,17,0,73,13,14,0,0,0,76,8,10,44.4,Matches
ed79b7d3,Ermedin Demirović,ba BIH,"FW,MF",Augsburg,25-005,1998,20.6,5,1,0,39,26,8,19,14,13,1,0,0,65,45,89,33.6,Matches
7bf9400b,Sepp van den Berg,nl NED,DF,Schalke 04,21-100,2001,3.6,1,0,0,2,0,0,0,8,1,0,0,0,16,7,10,41.2,Matches
aeed5c06,Moussa Diaby,fr FRA,"FW,MF",Leverkusen,23-266,1999,21.7,2,0,0,13,14,8,71,4,7,1,0,0,66,2,14,12.5,Matches
fc62f087,Abdou Diallo,sn SEN,"DF,MF",RB Leipzig,26-330,1996,4.8,2,0,0,3,1,1,1,7,5,0,1,0,34,12,9,57.1,Matches
d82a310a,Justin Diehl,de GER,"MF,FW",Köln,18-123,2004,0.2,0,0,0,0,1,1,0,0,0,0,0,0,0,0,0,,Matches
8779ddf8,Florian Dietz,de GER,FW,Köln,24-239,1998,4.4,1,0,0,11,1,1,4,0,1,0,0,0,8,24,12,66.7,Matches
95bb6ddc,Junior Dina Ebimbe,fr FRA,"DF,MF",Eint Frankfurt,22-129,2000,8.7,1,0,0,12,10,2,5,7,16,0,0,0,54,12,10,54.5,Matches
4ccd8957,Eren Dinkçi,de GER,"FW,MF",Werder Bremen,21-107,2001,2.0,0,0,0,4,2,1,3,0,4,0,0,0,6,4,8,33.3,Matches
d01bbb6f,Ritsu Doan,jp JPN,"FW,MF",Freiburg,24-287,1998,19.7,2,0,0,23,37,6,20,10,20,2,0,0,88,2,25,7.4,Matches
f67c9d29,Danilho Doekhi,nl NED,DF,Union Berlin,24-273,1998,15.6,0,0,0,12,10,0,8,21,15,1,0,0,59,41,31,56.9,Matches
cc83b74d,Kasper Dolberg,dk DEN,"FW,MF",Hoffenheim,25-175,1997,3.8,0,0,0,4,5,2,1,0,5,0,0,0,4,5,8,38.5,Matches
7f73bdf4,Niklas Dorsch,de GER,MF,Augsburg,25-074,1998,2.1,1,0,0,1,2,0,0,1,6,0,0,0,17,4,5,44.4,Matches
9a2e3a23,Dion Drena Beljo,hr CRO,"FW,MF",Augsburg,21-029,2002,5.3,1,0,0,11,1,2,3,1,5,0,0,0,21,22,26,45.8,Matches
809940aa,Dominick Drexler,de GER,"MF,FW",Schalke 04,32-308,1990,11.3,2,1,0,22,18,2,25,4,12,0,0,0,58,15,21,41.7,Matches
638a4d71,Marvin Ducksch,de GER,FW,Werder Bremen,29-023,1994,23.2,2,0,0,1,14,10,127,6,3,1,0,0,74,21,23,47.7,Matches
79ca3e23,Ondrej Duda,sk SVK,MF,Köln,28-115,1994,7.7,4,0,0,16,18,1,12,2,8,0,0,0,43,5,11,31.3,Matches
beb882a8,Maximilian Eggestein,de GER,MF,Freiburg,26-112,1996,20.3,4,0,0,25,14,1,10,25,17,0,0,0,101,39,27,59.1,Matches
2f7fec15,Lilian Egloff,de GER,"MF,FW",Stuttgart,20-222,2002,2.7,1,0,0,3,5,0,2,1,10,0,0,0,13,3,4,42.9,Matches
76b2817e,Kingsley Ehizibue,nl NED,DF,Köln,27-309,1995,0.7,0,0,0,2,2,0,0,2,0,0,0,0,5,1,0,100.0,Matches
e7f3e8a7,Chidera Ejuke,ng NGA,"FW,MF",Hertha BSC,25-087,1998,8.8,0,0,0,1,8,1,11,2,3,0,0,0,58,4,2,66.7,Matches
48035304,Nico Elvedi,ch SUI,DF,M'Gladbach,26-181,1996,22.5,1,0,0,13,9,1,0,27,19,0,0,0,115,43,31,58.1,Matches
c149016b,Wataru Endo,jp JPN,MF,Stuttgart,30-049,1993,23.5,0,0,0,25,39,3,5,21,31,0,0,0,170,50,34,59.5,Matches
554bcc91,Arne Engels,be BEL,MF,Augsburg,19-203,2003,9.2,3,0,0,14,10,0,55,9,7,0,0,0,47,6,12,33.3,Matches
1e43fad8,Ralf Fährmann,de GER,GK,Schalke 04,34-184,1988,8.0,0,0,0,0,1,0,0,0,0,0,0,0,17,2,0,100.0,Matches
677da306,Ohis Felix Uduokhai,de GER,DF,Augsburg,25-202,1997,10.8,1,0,0,16,10,0,1,18,16,0,0,0,55,33,38,46.5,Matches
3bb625ac,Edimilson Fernandes,ch SUI,DF,Mainz 05,26-349,1996,18.7,3,0,0,19,13,0,47,40,19,0,0,0,168,28,35,44.4,Matches
79f7302a,Kilian Fischer,de GER,DF,Wolfsburg,22-169,2000,4.2,1,0,0,6,4,0,6,5,4,1,0,0,19,1,4,20.0,Matches
a92ab7be,Mark Flekken,nl NED,GK,Freiburg,29-290,1993,25.0,0,0,0,0,2,0,0,0,0,0,0,0,48,4,0,100.0,Matches
9642c929,Florian Flick,de GER,MF,Schalke 04,22-333,2000,5.7,1,0,0,6,4,0,1,4,3,0,0,0,32,14,7,66.7,Matches
9a2e0ccc,Emil Forsberg,se SWE,"MF,FW",RB Leipzig,31-158,1991,12.2,2,0,0,13,14,4,12,2,11,0,0,0,36,11,10,52.4,Matches
76fa965f,Philipp Förster,de GER,MF,Bochum,28-054,1995,11.4,3,0,0,24,10,0,51,4,16,0,0,0,64,6,10,37.5,Matches
a9142dc3,Timothy Fosu-Mensah,nl NED,DF,Leverkusen,25-087,1998,2.0,1,0,0,3,1,1,4,0,5,0,1,0,12,2,2,50.0,Matches
626fab5f,Raphael Framberger,de GER,"DF,FW",Augsburg,27-205,1995,2.0,0,0,0,4,0,0,4,2,6,0,0,0,8,5,2,71.4,Matches
697dc00a,Bartol Franjić,hr CRO,MF,Wolfsburg,23-075,2000,2.5,0,0,0,1,1,0,1,5,2,0,0,0,12,5,3,62.5,Matches
458e3479,Oscar Fraulo,dk DEN,MF,M'Gladbach,19-114,2003,0.0,0,0,0,0,0,0,0,0,0,0,0,0,0,0,0,,Matches
33182cb8,Michael Frey,ch SUI,FW,Schalke 04,28-254,1994,6.8,2,0,0,25,6,6,6,1,3,0,0,0,17,28,40,41.2,Matches
f86ad3f5,Marco Friedl,at AUT,DF,Werder Bremen,25-014,1998,19.8,6,1,0,15,20,2,23,46,27,0,0,2,173,28,34,45.2,Matches
b77f44a4,Marvin Friedrich,de GER,DF,M'Gladbach,27-107,1995,10.7,1,0,0,1,2,0,0,11,9,0,0,0,53,31,13,70.5,Matches
74f2e748,Jeremie Frimpong,nl NED,"DF,MF",Leverkusen,22-110,2000,21.4,4,0,0,16,49,4,45,11,20,0,0,0,86,9,18,33.3,Matches
0cf778df,Chris Führich,de GER,"FW,MF",Stuttgart,25-080,1998,16.7,2,0,0,6,9,3,42,7,13,0,0,0,82,1,8,11.1,Matches
4b96c347,Angelo Fulgini,fr FRA,MF,Mainz 05,26-222,1996,5.8,1,0,0,7,15,1,7,5,5,0,0,0,30,4,12,25.0,Matches
4f16405e,Niclas Füllkrug,de GER,FW,Werder Bremen,30-049,1993,23.5,4,0,0,27,41,22,17,1,4,0,0,0,76,129,104,55.4,Matches
f27680d9,Cristian Gamboa,cr CRC,DF,Bochum,33-157,1989,14.1,2,0,0,13,4,2,34,14,20,0,1,1,78,11,9,55.0,Matches
6c731625,Silvère Ganvoula M'Boussy,cg CGO,"FW,MF",Bochum,26-281,1996,2.6,1,0,0,2,0,5,1,0,2,0,0,0,4,23,15,60.5,Matches
37f606f0,Dennis Geiger,de GER,MF,Hoffenheim,24-293,1998,15.9,7,0,0,33,13,1,36,14,17,0,0,0,82,7,16,30.4,Matches
62ab9184,Yannick Gerhardt,de GER,MF,Wolfsburg,29-017,1994,15.7,2,0,0,15,17,1,11,6,13,0,1,0,62,18,32,36.0,Matches
7242b495,Niko Gießelmann,de GER,DF,Union Berlin,31-185,1991,13.2,4,0,0,14,18,0,85,9,10,0,0,0,54,20,16,55.6,Matches
17376543,Rafał Gikiewicz,pl POL,GK,Augsburg,35-155,1987,21.0,3,0,0,0,4,0,0,0,2,0,0,0,55,6,1,85.7,Matches
f521b80a,Matthias Ginter,de GER,DF,Freiburg,29-070,1994,25.0,3,0,0,18,21,1,5,29,15,0,0,0,135,91,48,65.5,Matches
88e357ef,Serge Gnabry,de GER,FW,Bayern Munich,27-259,1995,14.7,0,0,0,20,8,5,35,8,15,2,0,0,60,3,10,23.1,Matches
83b9c48f,Jacek Góralski,pl POL,MF,Bochum,30-190,1992,1.6,0,0,0,1,4,0,0,3,3,0,0,0,7,0,2,0.0,Matches
cc86b9a3,Leon Goretzka,de GER,MF,Bayern Munich,28-052,1995,14.7,4,0,0,20,13,2,6,21,20,0,0,0,113,39,18,68.4,Matches
9efa1d25,Mario Götze,de GER,MF,Eint Frankfurt,30-300,1992,22.7,4,0,0,21,35,2,49,13,18,0,0,0,128,1,12,7.7,Matches
1025db8e,Jeffrey Gouweleeuw,nl NED,DF,Augsburg,31-263,1991,23.3,9,0,0,27,7,2,6,41,24,0,1,0,152,58,48,54.7,Matches
b8e740fb,Ryan Gravenberch,nl NED,MF,Bayern Munich,20-318,2002,3.5,1,0,0,6,3,0,5,4,5,0,0,0,33,0,1,0.0,Matches
8e235926,Michael Gregoritsch,at AUT,FW,Freiburg,28-346,1994,19.8,5,0,0,22,35,10,11,4,9,1,0,0,59,118,121,49.4,Matches
f9dfb7ae,Leo Greiml,at AUT,DF,Schalke 04,21-270,2001,2.5,2,0,0,9,1,0,2,2,1,0,1,0,17,6,1,85.7,Matches
54e4866f,Vincenzo Grifo,it ITA,"FW,MF",Freiburg,29-357,1993,18.7,1,0,0,4,21,1,90,10,10,1,0,0,109,9,14,39.1,Matches
37998008,Lennart Grill,de GER,GK,Union Berlin,24-064,1999,4.0,0,0,0,0,0,0,0,0,0,0,0,0,4,2,0,100.0,Matches
14a7af33,Christian Groß,de GER,MF,Werder Bremen,34-050,1989,15.3,2,0,0,37,13,0,4,17,20,0,0,0,111,20,18,52.6,Matches
ae9b998d,Brajan Gruda,de GER,MF,Mainz 05,18-303,2004,0.0,0,0,0,1,0,0,1,0,0,0,0,0,1,0,0,,Matches
1fc4f3d1,Ilia Gruev,bg BUL,MF,Werder Bremen,22-328,2000,14.5,1,0,0,25,11,0,11,19,22,0,0,0,95,14,16,46.7,Matches
f2dd9a21,Carlos Gruezo,ec ECU,MF,Augsburg,27-345,1995,10.7,5,0,0,12,9,0,2,10,12,0,1,0,71,9,13,40.9,Matches
048a1cbc,Raphaël Guerreiro,pt POR,"DF,MF",Dortmund,29-098,1993,18.4,3,0,0,5,6,2,52,26,13,0,0,0,127,4,9,30.8,Matches
e6c43eec,Josuha Guilavogui,fr FRA,"MF,DF",Wolfsburg,32-192,1990,7.0,2,0,0,22,6,2,2,11,7,0,1,0,43,27,22,55.1,Matches
923f4dda,Sehrou Guirassy,gn GUI,FW,Stuttgart,27-018,1996,10.8,3,1,1,11,23,6,6,0,1,1,0,0,28,27,25,51.9,Matches
bcb2ccd8,Péter Gulácsi,hu HUN,GK,RB Leipzig,32-328,1990,6.0,0,0,0,0,0,0,0,0,0,0,0,0,12,0,0,,Matches
25ab9c9c,Manuel Gulde,de GER,DF,Freiburg,32-046,1991,3.6,1,0,0,7,1,0,0,9,4,0,0,0,22,15,11,57.7,Matches
1df0c0b9,Robert Gumny,pl POL,DF,Augsburg,24-299,1998,18.7,4,0,0,24,16,0,25,22,19,0,0,0,91,39,41,48.8,Matches
8593f88c,Christian Günter,de GER,"DF,MF",Freiburg,30-030,1993,23.6,5,0,0,25,10,5,156,12,16,0,1,0,99,9,24,27.3,Matches
5ad50391,Joško Gvardiol,hr CRO,DF,RB Leipzig,21-066,2002,18.5,1,0,0,14,12,0,3,26,12,0,1,1,124,31,26,54.4,Matches
70dcf94d,Janik Haberer,de GER,MF,Union Berlin,28-362,1994,16.8,0,0,0,25,29,1,10,8,12,0,0,0,101,29,37,43.9,Matches
a5ec3ede,Alexander Hack,de GER,DF,Mainz 05,29-203,1993,12.5,2,1,0,25,12,1,2,24,17,0,2,0,83,33,32,50.8,Matches
cd82452e,André Hahn,de GER,"FW,MF",Augsburg,32-229,1990,4.3,1,0,0,8,3,1,6,4,5,0,0,0,19,13,15,46.4,Matches
92432bc6,Amadou Haidara,ml MLI,MF,RB Leipzig,25-058,1998,10.0,3,0,0,18,6,0,3,17,6,1,1,0,64,17,19,47.2,Matches
ba115a40,Sébastien Haller,ci CIV,FW,Dortmund,28-281,1994,6.2,0,0,0,6,8,0,1,0,0,0,0,0,14,20,21,48.8,Matches
8ff2354e,Marcel Halstenberg,de GER,DF,RB Leipzig,31-184,1991,13.6,2,0,0,16,7,0,26,15,17,1,0,0,75,19,13,59.4,Matches
2e77d607,Andreas Hanche-Olsen,no NOR,DF,Mainz 05,26-072,1997,8.6,3,0,0,10,3,0,5,18,12,0,0,0,68,39,23,62.9,Matches
f24ea523,Genki Haraguchi,jp JPN,MF,Stuttgart,31-325,1991,6.6,0,0,0,1,15,0,8,8,5,0,0,0,30,5,8,38.5,Matches
f24ea523,Genki Haraguchi,jp JPN,MF,Union Berlin,31-325,1991,5.5,0,0,0,4,12,0,4,3,8,0,0,0,19,8,7,53.3,Matches
9ab16552,Makoto Hasebe,jp JPN,DF,Eint Frankfurt,39-071,1984,8.1,1,0,0,3,6,0,0,6,8,0,0,0,59,11,8,57.9,Matches
50871bcc,Thorgan Hazard,be BEL,"FW,DF",Dortmund,30-001,1993,5.2,1,0,0,14,5,4,37,5,6,0,0,0,44,4,8,33.3,Matches
c2009df3,Jonas Hector,de GER,DF,Köln,32-307,1990,22.4,2,0,0,19,63,1,80,27,40,0,1,0,158,34,23,59.6,Matches
699fb8db,Dominique Heintz,de GER,DF,Bochum,29-227,1993,4.7,1,0,0,7,1,0,4,8,4,0,0,0,27,3,4,42.9,Matches
0a89e877,Benjamin Henrichs,de GER,"DF,MF",RB Leipzig,26-035,1997,17.9,7,0,0,27,20,1,41,27,39,0,0,0,127,15,9,62.5,Matches
c3ee18ef,Lucas Hernández,fr FRA,DF,Bayern Munich,27-044,1996,5.3,1,0,0,4,4,0,2,5,4,0,0,0,33,4,2,66.7,Matches
dfb6490a,Patrick Herrmann,de GER,"FW,MF",M'Gladbach,32-046,1991,1.7,2,0,0,4,3,0,10,2,2,0,1,0,13,2,5,28.6,Matches
0c7a48f8,Piero Hincapié,ec ECU,DF,Leverkusen,21-080,2002,19.6,10,2,2,29,28,1,17,24,23,0,2,0,131,40,36,52.6,Matches
5521f419,Adam Hložek,cz CZE,"FW,MF",Leverkusen,20-248,2002,11.4,2,0,0,17,18,1,15,5,3,0,0,0,29,19,34,35.8,Matches
5d8e331f,Nicolas Höfler,de GER,MF,Freiburg,33-021,1990,23.4,8,0,0,50,42,1,0,41,27,0,2,0,167,43,37,53.8,Matches
2903a856,Jonas Hofmann,de GER,"FW,MF",M'Gladbach,30-259,1992,21.6,1,0,0,10,35,18,145,14,11,2,1,0,95,8,15,34.8,Matches
877bc844,Philipp Hofmann,de GER,FW,Bochum,30-000,1993,21.1,3,0,0,35,29,11,3,6,7,0,0,0,66,150,119,55.8,Matches
ca618d23,Lucas Höler,de GER,"FW,MF",Freiburg,28-263,1994,8.1,0,0,0,12,23,4,7,6,6,0,0,0,33,32,24,57.1,Matches
2979c05a,Gerrit Holtmann,ph PHI,FW,Bochum,28-005,1995,9.5,0,0,0,7,6,3,48,2,6,0,0,0,53,14,19,42.4,Matches
2b83fa49,Jannes Horn,de GER,"DF,FW",Bochum,26-052,1997,0.7,1,0,0,1,0,0,0,3,1,0,1,0,2,0,0,,Matches
ad3389d5,Lukáš Hrádecký,fi FIN,GK,Leverkusen,33-126,1989,24.0,0,1,0,1,0,0,0,0,0,0,0,0,26,6,0,100.0,Matches
94302c52,Timo Hübers,de GER,DF,Köln,26-253,1996,19.4,5,0,0,24,17,1,1,39,19,0,1,1,158,55,43,56.1,Matches
15f3ec41,Callum Hudson-Odoi,eng ENG,"FW,MF",Leverkusen,22-143,2000,6.6,0,0,0,2,20,2,12,2,3,0,0,0,25,0,5,0.0,Matches
05d548d8,Mats Hummels,de GER,DF,Dortmund,34-104,1988,15.1,4,0,0,14,9,1,3,23,21,0,0,0,86,48,24,66.7,Matches
b116c6e3,Denis Huseinbasic,de GER,"MF,FW",Köln,21-270,2001,7.6,2,0,0,12,5,0,10,4,9,0,0,0,50,6,10,37.5,Matches
054849d2,Iago,br BRA,"DF,MF",Augsburg,26-007,1997,14.7,4,1,1,10,11,0,33,11,13,0,0,0,86,10,24,29.4,Matches
f5c4fd91,Arijon Ibrahimović,de GER,MF,Bayern Munich,17-109,2005,0.2,0,0,0,0,1,0,0,0,1,0,0,0,1,2,0,100.0,Matches
271b8617,Marcus Ingvartsen,dk DEN,"FW,MF",Mainz 05,27-085,1996,10.4,1,0,0,24,12,8,3,1,1,0,0,0,28,25,39,39.1,Matches
97d545ae,Ko Itakura,jp JPN,DF,M'Gladbach,26-062,1997,14.6,0,1,0,7,10,0,1,19,7,0,0,0,65,31,22,58.5,Matches
204dded0,Hiroki Ito,jp JPN,DF,Stuttgart,23-322,1999,21.5,4,0,0,14,16,3,38,30,21,0,0,0,158,24,26,48.0,Matches
8bf58a80,Andreas Ivan,ro ROU,MF,Schalke 04,28-079,1995,0.5,0,0,0,1,0,0,0,0,0,0,0,0,1,0,0,,Matches
34b0387f,Lee Jae-sung,kr KOR,MF,Mainz 05,30-232,1992,16.3,2,0,0,16,21,4,21,11,14,0,0,0,104,31,38,44.9,Matches
a93b6f4e,Paul Jaeckel,de GER,DF,Union Berlin,24-251,1998,9.9,1,0,0,12,2,0,2,13,13,0,0,0,50,13,16,44.8,Matches
a8ee54ad,Kristijan Jakić,hr CRO,"DF,MF",Eint Frankfurt,25-320,1997,14.0,2,0,0,13,6,1,7,9,19,0,0,0,110,17,25,40.5,Matches
fa4cabd1,Jan Jakob Olschowsky,de GER,GK,M'Gladbach,21-132,2001,2.0,0,0,0,0,0,0,0,0,0,0,0,0,7,0,0,,Matches
689c9cf4,Saidy Janko,gm GAM,DF,Bochum,27-159,1995,9.0,1,0,0,15,5,0,18,10,11,0,2,0,49,9,10,47.4,Matches
34b54da7,Tony Jantschke,de GER,"DF,MF",M'Gladbach,32-357,1990,1.0,0,0,0,2,0,0,0,0,1,0,0,0,1,4,1,80.0,Matches
3eeb80e0,Fredrik Jensen,fi FIN,"FW,MF",Augsburg,25-202,1997,8.8,1,0,0,15,5,2,25,3,9,0,0,0,26,19,26,42.2,Matches
ee644761,Moritz Jenz,de GER,DF,Schalke 04,23-334,1999,8.0,3,0,0,14,3,1,1,7,9,0,1,0,52,27,16,62.8,Matches
f36c432f,Stevan Jovetić,me MNE,"FW,MF",Hertha BSC,33-148,1989,5.7,0,0,0,5,11,4,2,0,1,0,0,0,21,11,13,45.8,Matches
de838f86,Anthony Jung,de GER,"DF,FW",Werder Bremen,31-147,1991,21.7,1,0,0,20,18,1,33,16,23,0,0,0,140,23,23,50.0,Matches
0a084b35,Josip Juranović,hr CRO,DF,Union Berlin,27-226,1995,5.0,0,0,0,1,3,1,37,1,2,0,0,0,28,0,2,0.0,Matches
2d61d13a,Ozan Kabak,tr TUR,DF,Hoffenheim,23-005,2000,20.5,11,2,2,43,13,0,6,41,28,0,0,1,120,67,40,62.6,Matches
79c90e45,Pavel Kadeřábek,cz CZE,DF,Hoffenheim,30-339,1992,13.7,1,0,0,18,15,1,54,8,14,0,0,0,60,22,27,44.9,Matches
94c18565,Florian Kainz,at AUT,"FW,MF",Köln,30-157,1992,18.5,4,1,1,20,32,1,183,23,9,1,1,0,109,9,18,33.3,Matches
15f24fe7,Sasa Kalajdzic,at AUT,FW,Stuttgart,25-266,1997,2.6,1,0,0,6,1,0,0,0,2,0,0,0,2,9,9,50.0,Matches
15b287da,Daichi Kamada,jp JPN,"MF,FW",Eint Frankfurt,26-237,1996,18.3,2,0,0,33,19,6,45,14,21,0,0,0,106,13,24,35.1,Matches
202b3b68,Jakub Kamiński,pl POL,"FW,MF",Wolfsburg,20-298,2002,14.7,0,0,0,7,7,2,23,4,14,0,0,0,64,8,15,34.8,Matches
463503e2,Marcin Kamiński,pl POL,DF,Schalke 04,31-074,1992,1.0,0,0,0,0,0,0,0,3,0,0,0,0,3,2,4,33.3,Matches
b825a650,Kevin Kampl,si SVN,MF,RB Leipzig,32-172,1990,10.0,6,0,0,14,4,0,3,13,10,0,0,0,76,4,14,22.2,Matches
b4c816a9,Wilfried Kanga,ci CIV,FW,Hertha BSC,25-037,1998,13.3,2,0,0,16,11,8,6,0,4,0,0,0,23,43,47,47.8,Matches
8f0f2230,Kenan Karaman,tr TUR,FW,Schalke 04,29-025,1994,5.5,2,0,0,9,7,4,11,2,4,0,0,0,16,18,10,64.3,Matches
5762be5c,Atakan Karazor,de GER,MF,Stuttgart,26-168,1996,14.9,9,0,0,19,18,0,0,23,25,0,0,0,124,40,29,58.0,Matches
778ccc44,Thomas Kastanaras,gr GRE,"FW,DF",Stuttgart,20-080,2003,0.8,0,0,0,0,0,0,1,0,0,0,0,0,3,0,2,0.0,Matches
de4cac2d,Silas Katompa,cd COD,"FW,DF",Stuttgart,24-175,1998,17.3,3,0,0,30,15,14,25,5,16,1,0,0,54,17,15,53.1,Matches
d2c580ce,Yannik Keitel,de GER,MF,Freiburg,23-043,2000,5.0,3,0,0,17,2,0,3,9,5,0,2,0,25,7,13,35.0,Matches
815c314f,Marc-Oliver Kempf,de GER,DF,Hertha BSC,28-061,1995,23.3,4,0,0,18,19,0,2,40,21,0,0,0,144,96,69,58.2,Matches
099e666f,Jonjoe Kenny,eng ENG,DF,Hertha BSC,26-015,1997,18.3,2,0,0,26,6,0,42,34,26,0,0,0,119,19,14,57.6,Matches
59e4b92e,Rani Khedira,de GER,MF,Union Berlin,29-062,1994,23.0,7,0,0,42,11,0,7,32,24,0,0,0,133,31,16,66.0,Matches
610aa1e9,Luca Kilian,de GER,DF,Köln,23-210,1999,12.2,5,2,2,7,1,0,0,10,16,0,2,0,61,22,19,53.7,Matches
49296448,Joshua Kimmich,de GER,MF,Bayern Munich,28-050,1995,22.6,5,1,1,18,35,0,162,33,36,0,0,0,195,11,25,30.6,Matches
ca8033cb,Lukas Klostermann,de GER,DF,RB Leipzig,26-300,1996,4.2,0,0,0,3,1,1,1,4,6,0,0,0,27,7,10,41.2,Matches
19a967ab,Ansgar Knauff,de GER,DF,Eint Frankfurt,21-079,2002,11.5,0,0,0,13,15,1,19,11,18,1,0,0,78,7,15,31.8,Matches
6bd5cd5d,Robin Knoche,de GER,DF,Union Berlin,30-312,1992,24.0,4,0,0,12,21,0,0,25,24,0,1,0,179,43,39,52.4,Matches
cd59b9df,Gregor Kobel,ch SUI,GK,Dortmund,25-114,1997,18.0,0,0,0,0,2,0,0,0,0,0,0,0,30,3,0,100.0,Matches
0fbecd11,Dominik Kohr,de GER,MF,Mainz 05,29-058,1994,17.8,6,0,0,29,26,1,3,26,25,0,0,0,149,24,31,43.6,Matches
c0b3669f,Randal Kolo Muani,fr FRA,FW,Eint Frankfurt,24-115,1998,21.8,4,1,1,40,57,20,18,2,9,2,0,0,75,46,66,41.1,Matches
ab096c6f,Timothée Kolodziejczak,fr FRA,DF,Schalke 04,31-180,1991,0.3,0,0,0,0,0,0,1,1,0,0,0,0,0,0,2,0.0,Matches
86574238,Kouadio Koné,fr FRA,MF,M'Gladbach,21-317,2001,23.3,9,0,0,42,55,0,4,24,33,0,1,0,185,15,17,46.9,Matches
1f3afdcb,Odilon Kossonou,ci CIV,DF,Leverkusen,22-085,2001,11.9,1,0,0,8,2,1,4,13,9,0,0,0,85,22,14,61.1,Matches
b1cd37e6,Filip Kostić,rs SRB,"DF,MF",Eint Frankfurt,30-149,1992,0.8,1,0,0,1,1,0,7,1,0,0,0,0,3,0,0,,Matches
dc366c36,Tomáš Koubek,cz CZE,GK,Augsburg,30-216,1992,4.0,0,0,0,0,1,0,0,0,0,0,0,0,4,3,0,100.0,Matches
f1e855eb,Soichiro Kozuki,jp JPN,"FW,MF",Schalke 04,22-098,2000,4.2,1,0,0,7,5,0,15,3,4,0,0,0,18,3,8,27.3,Matches
e717705a,Alex Král,cz CZE,MF,Schalke 04,24-315,1998,17.2,3,0,0,16,11,2,14,14,17,0,0,0,101,32,38,45.7,Matches
603cb947,Andrej Kramarić,hr CRO,"MF,FW",Hoffenheim,31-284,1991,18.0,1,0,0,5,19,7,28,3,2,0,0,0,78,7,9,43.8,Matches
496aeede,Christoph Kramer,de GER,MF,M'Gladbach,32-039,1991,21.7,3,0,0,29,13,4,11,15,24,0,0,0,96,21,25,45.7,Matches
9f77012e,Tom Krauß,de GER,MF,Schalke 04,21-281,2001,22.7,4,0,0,33,25,0,10,30,56,0,0,0,186,23,24,48.9,Matches
f9446dcd,Max Kruse,de GER,"MF,FW",Wolfsburg,35-011,1988,3.0,0,0,0,3,3,0,6,0,1,0,0,0,9,6,1,85.7,Matches
2a29eb9b,Lukas Kübler,de GER,DF,Freiburg,30-212,1992,13.2,0,0,0,13,10,1,27,21,22,0,1,0,75,15,10,60.0,Matches
9ceb7642,Pierre Kunde,cm CMR,MF,Bochum,27-247,1995,3.6,0,0,0,3,10,1,7,4,5,0,0,0,39,4,4,50.0,Matches
f1bc3876,Alou Kuol,au AUS,FW,Stuttgart,22-184,2000,0.1,0,0,0,0,0,0,0,0,0,0,0,0,0,0,3,0.0,Matches
2770726a,Daniel Kyereh,gh GHA,"MF,FW",Freiburg,27-022,1996,6.2,2,0,0,12,16,3,3,2,4,0,0,0,25,7,7,50.0,Matches
277c49ed,Maxence Lacroix,fr FRA,DF,Wolfsburg,22-358,2000,14.5,0,0,0,14,7,0,1,22,11,0,1,0,69,39,22,63.9,Matches
22798128,Aïssa Laïdouni,tn TUN,MF,Union Berlin,26-107,1996,4.6,1,0,0,5,20,0,3,5,3,1,0,0,35,3,5,37.5,Matches
c1b7847c,Konrad Laimer,at AUT,MF,RB Leipzig,25-307,1997,10.5,6,0,0,21,10,2,7,12,18,0,0,0,77,2,8,20.0,Matches
4aea5077,Stefan Lainer,at AUT,DF,M'Gladbach,30-215,1992,3.8,1,0,0,3,2,0,4,6,3,0,0,0,22,3,2,60.0,Matches
591477c9,Vassilis Lambropoulos,gr GRE,DF,Bochum,32-364,1990,6.8,2,0,0,8,6,0,0,11,7,0,2,0,33,16,15,51.6,Matches
72984eee,Jordan Larsson,se SWE,"FW,MF",Schalke 04,25-283,1997,5.1,0,0,0,7,6,1,2,4,5,0,0,0,23,6,11,35.3,Matches
33b554b7,Danny Latza,de GER,MF,Schalke 04,33-113,1989,5.1,1,0,0,9,7,0,13,1,8,0,0,0,42,6,11,35.3,Matches
c4987edc,Diogo Leite,pt POR,DF,Union Berlin,24-066,1999,19.3,3,1,0,34,21,1,2,21,14,1,1,0,113,51,43,54.3,Matches
7e12a98d,Maxim Leitsch,de GER,DF,Mainz 05,24-316,1998,7.4,0,0,0,3,3,0,0,18,7,0,0,0,35,18,13,58.1,Matches
792ffa71,Tim Lemperle,de GER,"FW,MF",Köln,21-053,2002,1.3,0,0,0,1,0,0,1,1,4,0,0,0,12,2,5,28.6,Matches
bbd86530,Christopher Lenz,de GER,DF,Eint Frankfurt,28-189,1994,8.4,0,0,0,8,9,0,60,11,15,0,0,0,49,8,9,47.1,Matches
13fe7b69,Jamie Leweling,de GER,FW,Union Berlin,22-032,2001,1.9,1,0,0,5,8,0,5,1,3,0,0,0,14,1,5,16.7,Matches
302527b2,Philipp Lienhart,at AUT,DF,Freiburg,26-262,1996,22.3,3,0,0,12,21,1,1,28,14,0,0,0,129,49,27,64.5,Matches
d6e53a3a,Matthijs de Ligt,nl NED,DF,Bayern Munich,23-230,1999,17.8,4,0,0,18,15,2,1,16,14,0,2,0,114,57,41,58.2,Matches
37dc1a48,Jesper Lindstrøm,dk DEN,"MF,FW",Eint Frankfurt,23-029,2000,17.0,2,0,0,15,16,3,45,7,10,1,0,0,85,6,21,22.2,Matches
c455a2b2,Dejan Ljubicic,at AUT,MF,Köln,25-173,1997,12.7,1,0,0,13,9,3,24,7,10,0,0,0,76,5,12,29.4,Matches
07c7eb0c,Anthony Losilla,fr FRA,MF,Bochum,37-020,1986,22.4,3,1,0,32,12,3,9,27,37,0,1,0,155,64,64,50.0,Matches
0c61c77c,Dodi Lukebakio,be BEL,"FW,MF",Hertha BSC,25-187,1997,19.1,6,0,0,27,42,12,52,8,9,0,1,0,83,13,23,36.1,Matches
8a6ab963,Andrey Lunyov,ru RUS,GK,Leverkusen,31-137,1991,1.0,0,0,0,0,0,0,0,0,0,0,0,0,1,0,0,,Matches
ab700320,Arne Maier,de GER,MF,Augsburg,24-081,1999,15.0,1,0,0,10,11,0,40,8,17,0,0,0,80,7,13,35.0,Matches
e5d85da8,Linton Maina,de GER,"FW,MF",Köln,23-280,1999,17.0,0,0,0,12,16,16,63,4,10,0,0,0,70,1,13,7.1,Matches
864163f3,Donyell Malen,nl NED,FW,Dortmund,24-070,1999,11.8,0,0,0,10,26,3,43,4,4,1,0,0,31,5,9,35.7,Matches
c691bfe2,Sadio Mané,sn SEN,FW,Bayern Munich,30-354,1992,12.0,1,0,0,13,20,19,14,0,3,1,0,0,32,13,12,52.0,Matches
706a60e1,Myziane Maolida,fr FRA,"FW,MF",Hertha BSC,24-044,1999,1.1,0,0,0,1,0,0,1,0,1,0,0,0,3,0,1,0.0,Matches
0e0102eb,Omar Marmoush,eg EGY,FW,Wolfsburg,24-051,1999,13.1,2,0,0,22,27,7,19,6,10,0,0,0,67,35,36,49.3,Matches
92a16062,Eric Martel,de GER,MF,Köln,20-335,2002,15.0,3,0,0,25,21,0,14,20,25,0,0,0,104,38,33,53.5,Matches
2f3e911a,Aarón Martín,es ESP,DF,Mainz 05,25-342,1997,16.5,1,0,0,18,9,2,126,13,22,0,0,0,77,1,8,11.1,Matches
a396fb61,Erhan Mašović,rs SRB,DF,Bochum,24-128,1998,15.5,2,0,0,17,4,0,1,16,25,0,1,1,94,28,39,41.8,Matches
ab3f1bdf,Henning Matriciani,de GER,DF,Schalke 04,23-016,2000,13.4,0,0,0,10,5,0,7,15,16,0,0,0,68,26,17,60.5,Matches
00963611,Konstantinos Mavropanos,gr GRE,DF,Stuttgart,25-109,1997,20.8,6,0,0,16,19,1,5,58,23,0,0,0,153,60,27,69.0,Matches
826e8b63,Philipp Max,de GER,DF,Eint Frankfurt,29-181,1993,5.2,1,0,0,4,2,1,35,1,7,0,0,0,21,4,6,40.0,Matches
0e6bc38c,Eric Maxim Choupo-Moting,cm CMR,FW,Bayern Munich,34-007,1989,11.4,0,0,0,4,7,9,3,0,7,0,0,0,24,18,18,50.0,Matches
b74277a0,Noussair Mazraoui,ma MAR,DF,Bayern Munich,25-136,1997,6.3,0,0,0,10,5,1,10,6,12,0,0,0,25,8,9,47.1,Matches
46750e9c,Nathanael Mbuku,fr FRA,FW,Augsburg,21-014,2002,0.2,0,0,0,0,0,0,0,0,0,0,0,0,2,0,0,,Matches
e162b013,Thomas Meunier,be BEL,DF,Dortmund,31-199,1991,6.5,2,0,0,12,4,1,16,9,7,0,0,0,44,7,3,70.0,Matches
b56dd813,Alexander Meyer,de GER,GK,Dortmund,31-351,1991,7.0,0,0,0,0,0,0,0,0,0,0,0,0,14,1,0,100.0,Matches
1e274a0a,Sven Michel,de GER,FW,Union Berlin,32-258,1990,4.6,2,0,0,8,4,2,16,0,4,0,0,0,23,20,41,32.8,Matches
f76022e7,Enzo Millot,fr FRA,MF,Stuttgart,20-256,2002,4.6,3,0,0,10,9,0,12,9,7,0,0,0,24,3,9,25.0,Matches
88d4144a,Maximilian Mittelstädt,de GER,DF,Hertha BSC,26-012,1997,7.1,3,0,0,9,8,0,31,20,15,0,1,0,68,8,9,47.1,Matches
34e4343c,Anthony Modeste,fr FRA,FW,Dortmund,34-350,1988,8.9,4,0,0,14,7,6,2,2,4,0,0,0,15,32,34,48.5,Matches
9ec9c8b6,Tobias Mohr,de GER,"DF,MF",Schalke 04,27-218,1995,8.7,0,0,0,5,3,0,77,8,4,0,0,0,50,6,10,37.5,Matches
29ddfb9c,Clinton Mola,eng ENG,DF,Stuttgart,22-015,2001,0.2,1,0,0,0,0,0,1,1,1,0,0,0,1,1,1,50.0,Matches
7e82a78f,Florent Mollet,fr FRA,MF,Schalke 04,31-131,1991,4.6,1,0,0,4,7,2,9,1,1,0,0,0,25,1,11,8.3,Matches
6ce43701,Youssoufa Moukoko,de GER,FW,Dortmund,18-130,2004,10.5,0,0,0,6,7,1,3,1,6,0,0,0,28,5,3,62.5,Matches
cbac6ec9,Florian Müller,de GER,GK,Stuttgart,25-137,1997,19.0,0,0,0,0,2,0,0,0,0,0,0,0,39,3,0,100.0,Matches
3c6089ab,Thomas Müller,de GER,"FW,MF",Bayern Munich,33-198,1989,11.8,0,0,0,4,5,5,20,3,8,0,0,0,40,28,12,70.0,Matches
2c0558b8,Jamal Musiala,de GER,"MF,FW",Bayern Munich,20-032,2003,18.7,1,0,0,12,28,1,7,15,20,0,0,0,107,11,8,57.9,Matches
9ff8ec4a,Suliman Mustapha,at AUT,"FW,MF",Mainz 05,21-310,2001,0.8,1,0,0,3,0,1,0,0,2,0,0,0,3,1,2,33.3,Matches
441197b8,Obite N'Dicka,fr FRA,DF,Eint Frankfurt,23-222,1999,23.9,4,0,0,29,12,0,1,29,13,0,1,1,153,65,37,63.7,Matches
e110ea4b,Nathan N'Goumou,fr FRA,FW,M'Gladbach,23-016,2000,3.6,0,0,0,4,2,1,10,0,3,0,0,0,9,6,3,66.7,Matches
61590953,Stanley N'Soki,fr FRA,DF,Hoffenheim,23-355,1999,12.1,1,0,0,11,7,0,0,21,11,0,1,0,95,18,12,60.0,Matches
30261ba1,Nikolas Nartey,dk DEN,"DF,MF",Stuttgart,23-036,2000,4.2,1,0,0,4,6,1,6,3,4,0,0,0,29,6,4,60.0,Matches
e79269bd,Luca Netz,de GER,DF,M'Gladbach,19-319,2003,4.6,0,0,0,3,0,1,5,3,7,0,0,0,34,6,6,50.0,Matches
8778c910,Manuel Neuer,de GER,GK,Bayern Munich,37-003,1986,12.0,0,0,0,0,1,0,0,0,0,0,0,0,21,3,0,100.0,Matches
36a59ba4,Florian Neuhaus,de GER,MF,M'Gladbach,26-014,1997,8.5,1,0,0,5,9,0,5,7,3,0,0,0,45,3,8,27.3,Matches
bc249af8,Jessic Ngankam,de GER,"FW,MF",Hertha BSC,22-253,2000,5.6,2,0,0,12,7,1,2,0,4,0,0,0,13,4,37,9.8,Matches
d6862409,Florian Niederlechner,de GER,"FW,MF",Augsburg,32-157,1990,10.1,1,0,0,13,12,8,4,1,5,0,0,0,28,29,39,42.6,Matches
d6862409,Florian Niederlechner,de GER,FW,Hertha BSC,32-157,1990,5.3,1,0,0,5,12,9,4,0,4,0,0,0,16,6,22,21.4,Matches
a45241d5,Justin Njinmah,de GER,FW,Dortmund,22-135,2000,0.2,0,0,0,0,3,0,0,0,0,0,0,0,1,0,0,,Matches
7c56da38,Christopher Nkunku,fr FRA,"FW,MF",RB Leipzig,25-136,1997,15.8,2,0,0,13,26,9,15,7,2,2,0,0,48,12,15,44.4,Matches
091c86e2,Felix Nmecha,de GER,MF,Wolfsburg,22-171,2000,12.4,3,0,0,20,25,1,6,15,13,1,0,0,71,33,20,62.3,Matches
0cc5f4a5,Lukas Nmecha,de GER,FW,Wolfsburg,24-106,1998,10.0,3,0,0,6,27,8,2,3,3,0,0,0,19,17,19,47.2,Matches
5458f670,Hugo Novoa,es ESP,"DF,FW",RB Leipzig,20-088,2003,2.0,0,0,0,6,2,4,10,1,2,0,0,0,4,3,4,42.9,Matches
bdedffac,Ørjan Nyland,no NOR,GK,RB Leipzig,32-201,1990,1.0,0,0,0,0,0,0,0,0,0,0,0,0,3,0,0,,Matches
57ec75bf,Tim Oermann,de GER,DF,Bochum,19-175,2003,2.2,0,0,0,3,0,0,0,1,1,0,0,0,5,4,5,44.4,Matches
dd2e62da,Finn Ole Becker,de GER,MF,Hoffenheim,22-295,2000,1.4,0,0,0,3,0,0,0,2,2,0,0,0,11,2,2,50.0,Matches
86adbcc7,Mathias Olesen,lu LUX,MF,Köln,22-009,2001,4.9,0,0,0,4,5,0,2,2,5,0,0,0,26,2,5,28.6,Matches
ae44e8e2,Dani Olmo,es ESP,"MF,FW",RB Leipzig,24-327,1998,8.6,1,0,0,10,27,1,8,5,7,0,0,0,56,4,10,28.6,Matches
c631f952,Jonas Omlin,ch SUI,GK,M'Gladbach,29-079,1994,7.3,0,0,0,0,1,0,0,0,0,0,0,0,18,0,0,,Matches
f26834c7,Karim Onisiwo,at AUT,"FW,MF",Mainz 05,31-013,1992,21.1,3,0,0,39,25,18,43,2,8,1,0,0,46,46,52,46.9,Matches
20030c06,Willi Orban,hu HUN,DF,RB Leipzig,30-147,1992,23.8,2,0,0,15,21,3,2,32,27,0,0,0,146,83,51,61.9,Matches
86c75897,Ivan Ordets,ua UKR,DF,Bochum,30-265,1992,18.5,3,0,0,23,10,1,0,32,15,0,0,0,100,84,46,64.6,Matches
0a16eb36,Jordi Osei-Tutu,eng ENG,"DF,FW",Bochum,24-179,1998,7.2,3,0,0,7,20,3,14,9,15,0,0,0,41,5,11,31.3,Matches
9662c9ec,Patrick Osterhage,de GER,MF,Bochum,23-057,2000,7.1,1,0,0,14,5,0,10,8,14,0,0,0,42,8,18,30.8,Matches
1cbe4984,Paulo Otávio,br BRA,DF,Wolfsburg,28-127,1994,20.1,7,0,0,22,34,0,56,29,39,0,0,1,92,27,34,44.3,Matches
36d9dabe,Thomas Ouwejan,nl NED,DF,Schalke 04,26-181,1996,9.0,1,0,0,5,5,1,87,13,8,0,1,0,58,2,7,22.2,Matches
8b6e0db2,Reece Oxford,eng ENG,DF,Augsburg,24-104,1998,1.0,0,0,0,0,2,0,0,1,1,0,0,0,6,7,7,50.0,Matches
15413fa5,Salih Özcan,tr TUR,MF,Dortmund,25-078,1998,14.9,6,0,0,19,23,0,3,21,14,0,0,0,105,18,15,54.5,Matches
66385c46,Levin Öztunalı,de GER,MF,Union Berlin,27-015,1996,0.1,0,0,0,0,0,0,0,0,0,0,0,0,1,0,1,0.0,Matches
e82adcab,Exequiel Palacios,ar ARG,MF,Leverkusen,24-176,1998,13.3,1,0,0,15,26,1,4,28,26,0,0,0,128,12,9,57.1,Matches
5dc15574,Miloš Pantović,rs SRB,MF,Union Berlin,26-266,1996,2.0,1,0,0,4,5,0,3,0,1,0,0,0,11,5,8,38.5,Matches
13d23b29,Antonios Papadopoulos,de GER,DF,Dortmund,23-201,1999,0.1,0,0,0,2,0,0,0,1,0,0,0,0,2,1,0,100.0,Matches
5c50fdbc,Kevin Paredes,us USA,"FW,MF",Wolfsburg,19-327,2003,4.0,1,0,0,3,10,2,9,4,7,0,0,0,25,3,4,42.9,Matches
1866b0f1,Marco Pašalić,hr CRO,MF,Dortmund,22-197,2000,0.1,0,0,0,1,0,0,1,0,0,0,0,0,2,0,0,,Matches
5c899683,Felix Passlack,de GER,DF,Dortmund,24-305,1998,0.5,0,0,0,0,1,0,2,0,0,0,0,0,4,1,1,50.0,Matches
53070b63,Paulinho,br BRA,FW,Leverkusen,22-258,2000,0.9,0,0,0,0,1,0,0,0,0,0,0,0,5,1,4,20.0,Matches
45a03961,Benjamin Pavard,fr FRA,DF,Bayern Munich,27-002,1996,19.0,4,0,0,19,11,4,38,31,33,0,2,0,112,43,21,67.2,Matches
0a1cb833,Jiří Pavlenka,cz CZE,GK,Werder Bremen,30-350,1992,23.3,0,0,0,0,5,0,0,2,0,0,0,0,34,6,0,100.0,Matches
5154b2ba,Kristian Pedersen,dk DEN,DF,Köln,28-238,1994,3.0,1,0,0,4,1,0,4,5,4,0,0,0,18,10,4,71.4,Matches
582a5247,Mads Pedersen,dk DEN,"DF,MF",Augsburg,26-210,1996,13.6,4,0,0,14,14,0,32,18,15,0,0,0,80,6,18,25.0,Matches
b684a484,Jordan Pefok,us USA,FW,Union Berlin,26-338,1996,12.9,3,0,0,29,10,8,1,4,7,0,0,0,34,86,74,53.8,Matches
c18d22f5,Peter Pekarík,sk SVK,DF,Hertha BSC,36-151,1986,1.0,0,0,0,0,0,0,3,1,3,0,0,0,5,2,2,50.0,Matches
3b61c9ec,Luca Pellegrini,it ITA,DF,Eint Frankfurt,24-023,1999,6.2,1,0,0,8,8,0,54,7,8,0,0,0,53,5,3,62.5,Matches
a2b1ed42,Ricardo Pepi,us USA,FW,Augsburg,20-080,2003,1.1,0,0,0,0,0,0,0,0,1,0,0,0,5,3,8,27.3,Matches
ff3d391c,Juan Perea,co COL,FW,Stuttgart,23-035,2000,3.7,0,0,0,8,10,5,6,1,3,0,0,0,15,4,14,22.2,Matches
f93e6e94,Nils Petersen,de GER,FW,Freiburg,34-114,1988,2.4,1,0,0,3,2,1,0,1,4,0,0,0,5,9,19,32.1,Matches
f503ef6e,Lukas Petkov,de GER,"MF,FW",Augsburg,22-149,2000,1.6,1,0,0,4,1,0,0,1,1,0,0,0,6,5,15,25.0,Matches
83e1f40e,Luca Pfeiffer,de GER,FW,Stuttgart,26-222,1996,7.4,1,1,0,13,7,1,1,1,1,0,0,0,14,28,27,50.9,Matches
061e8e23,Maximilian Philipp,de GER,FW,Wolfsburg,29-029,1994,1.3,0,0,0,0,7,1,7,0,1,0,0,0,3,1,2,33.3,Matches
061e8e23,Maximilian Philipp,de GER,"MF,FW",Werder Bremen,29-029,1994,1.0,0,0,0,1,2,0,0,3,1,0,0,0,4,0,0,,Matches
526ea7cc,Amos Pieper,de GER,DF,Werder Bremen,25-072,1998,20.5,8,0,0,22,11,2,16,26,26,0,1,0,127,61,22,73.5,Matches
f7aa75bd,Marvin Plattenhardt,de GER,DF,Hertha BSC,31-063,1992,19.3,2,0,0,17,27,1,127,10,24,1,0,0,84,14,11,56.0,Matches
bc6bd723,Alassane Pléa,fr FRA,FW,M'Gladbach,30-020,1993,15.5,4,0,0,21,26,4,40,10,7,0,1,0,67,11,20,35.5,Matches
ea003d07,Joel Pohjanpalo,fi FIN,"FW,MF",Leverkusen,28-198,1994,0.0,0,0,0,0,0,1,0,0,0,0,0,0,1,0,1,0.0,Matches
3745e8bd,Sebastian Polter,de GER,"FW,MF",Schalke 04,31-363,1991,5.2,2,0,0,19,7,2,2,0,3,0,0,0,20,26,22,54.2,Matches
7f609bfc,Stefan Posch,at AUT,DF,Hoffenheim,25-320,1997,0.2,2,1,1,2,0,0,0,0,0,0,0,0,0,0,0,,Matches
d2416c2e,Yussuf Poulsen,dk DEN,FW,RB Leipzig,28-288,1994,3.9,1,0,0,9,9,2,2,0,3,0,0,0,18,19,10,65.5,Matches
924f9191,Grischa Prömel,de GER,MF,Hoffenheim,28-080,1995,11.9,3,0,0,21,22,1,4,5,18,0,0,0,62,12,12,50.0,Matches
c68b1b13,Tymoteusz Puchacz,pl POL,DF,Union Berlin,24-066,1999,0.6,0,0,0,0,0,0,5,0,0,0,0,0,1,0,1,0.0,Matches
3c200e05,Joshua Quarshie,de GER,MF,Hoffenheim,18-247,2004,0.0,0,0,0,0,0,0,1,0,0,0,0,0,0,0,0,,Matches
b90c4a43,Diant Ramaj,de GER,GK,Eint Frankfurt,21-192,2001,1.0,0,0,0,0,0,0,0,0,0,0,0,0,3,1,0,100.0,Matches
c8b3a472,Nicolai Rapp,de GER,"MF,DF",Werder Bremen,26-107,1996,0.8,0,0,0,2,0,0,1,0,1,0,0,0,6,1,2,33.3,Matches
7d450ed3,David Raum,de GER,"DF,FW",RB Leipzig,24-342,1998,15.4,4,0,0,18,14,2,125,15,21,0,2,0,87,12,9,57.1,Matches
cc971106,Rocco Reitz,de GER,MF,M'Gladbach,20-305,2002,0.0,0,0,0,0,0,0,0,0,0,0,0,0,0,0,0,,Matches
36a3ff67,Marco Reus,de GER,"MF,FW",Dortmund,33-303,1989,12.2,2,0,0,15,15,3,14,5,14,1,0,0,41,8,17,32.0,Matches
1ae836b1,Elvis Rexhbeçaj,de GER,MF,Augsburg,25-149,1997,20.0,5,0,0,22,46,0,15,13,23,0,0,0,112,30,26,53.6,Matches
7fa4e703,Gio Reyna,us USA,"FW,MF",Dortmund,20-137,2002,5.9,1,0,0,5,15,1,13,3,5,0,0,0,20,5,12,29.4,Matches
f972644c,Marco Richter,de GER,"FW,MF",Hertha BSC,25-126,1997,14.8,5,0,0,24,28,5,53,16,17,0,0,0,126,8,22,26.7,Matches
9f941969,Manuel Riemann,de GER,GK,Bochum,34-202,1988,25.0,1,0,0,1,2,0,1,4,1,0,1,1,75,7,2,77.8,Matches
e12b0b5b,Sebastian Rode,de GER,MF,Eint Frankfurt,32-170,1990,10.5,5,0,0,15,16,0,6,10,18,0,0,0,71,7,7,50.0,Matches
ea42c03f,Agustín Rogel,uy URU,DF,Hertha BSC,25-164,1997,12.3,6,0,0,18,4,1,0,11,9,0,0,0,44,29,22,56.9,Matches
1f2c7b55,Merlin Röhl,de GER,MF,Freiburg,20-268,2002,0.1,0,0,0,1,2,0,0,0,0,0,0,0,2,0,0,,Matches
90c1f9a4,Tom Rothe,de GER,DF,Dortmund,18-152,2004,0.3,0,0,0,2,0,0,2,1,1,0,0,0,4,0,0,,Matches
13203c45,Jérôme Roussillon,fr FRA,"MF,DF",Wolfsburg,30-083,1993,0.2,0,0,0,1,0,0,0,0,0,0,0,0,2,1,1,50.0,Matches
13203c45,Jérôme Roussillon,fr FRA,DF,Union Berlin,30-083,1993,3.1,1,0,0,5,4,0,10,1,1,0,0,0,17,1,4,20.0,Matches
80f36c88,Sebastian Rudy,de GER,MF,Hoffenheim,33-030,1990,6.0,2,0,0,16,5,0,29,6,10,0,0,0,34,3,4,42.9,Matches
c64c01fc,Georginio Rutter,fr FRA,FW,Hoffenheim,20-344,2002,11.2,2,0,0,17,19,17,11,5,4,1,0,0,25,9,23,28.1,Matches
009a4f60,Julian Ryerson,no NOR,DF,Union Berlin,25-133,1997,11.5,2,0,0,16,12,1,41,12,17,0,0,0,77,5,11,31.3,Matches
009a4f60,Julian Ryerson,no NOR,DF,Dortmund,25-133,1997,7.8,2,0,0,10,7,1,22,6,5,0,0,0,46,5,5,50.0,Matches
a70b8345,Frederik Rønnow,dk DEN,GK,Union Berlin,30-238,1992,21.0,2,0,0,0,4,0,0,0,0,0,0,0,32,6,2,75.0,Matches
e280527c,Marcel Sabitzer,at AUT,MF,Bayern Munich,29-013,1994,7.0,2,0,0,7,1,1,5,10,14,0,0,0,47,8,11,42.1,Matches
e1830c52,Dikeni Salifou,tg TOG,MF,Werder Bremen,19-295,2003,0.0,0,0,0,0,0,0,0,0,0,0,0,0,0,0,0,,Matches
bf075f6b,Roland Sallai,hu HUN,"MF,FW",Freiburg,25-312,1997,7.0,4,0,0,19,20,2,16,2,5,1,0,0,37,15,14,51.7,Matches
08593525,Diadie Samassékou,ml MLI,"MF,FW",Hoffenheim,27-078,1996,0.4,1,0,0,3,0,0,0,0,0,0,0,0,3,0,0,,Matches
2b114be3,Leroy Sané,de GER,"MF,FW",Bayern Munich,27-078,1996,16.5,4,0,0,12,18,3,9,1,21,0,0,0,75,5,4,55.6,Matches
6a52a6c6,Sidi Sané,de GER,FW,Schalke 04,19-343,2003,0.3,0,0,0,0,0,0,0,0,1,0,0,0,1,0,0,,Matches
236f02cd,Joe Scally,us USA,DF,M'Gladbach,20-089,2002,20.9,1,0,0,10,46,3,31,7,16,0,0,0,83,15,10,60.0,Matches
52afb588,Kevin Schade,de GER,"FW,MF",Freiburg,21-123,2001,2.0,0,0,0,4,6,0,3,0,4,0,0,0,7,17,12,58.6,Matches
049751d7,András Schäfer,hu HUN,MF,Union Berlin,23-351,1999,8.4,0,0,0,12,14,1,7,4,8,0,0,0,55,9,14,39.1,Matches
93cba339,Derry Scherhant,de GER,FW,Hertha BSC,20-140,2002,2.1,0,0,0,2,0,0,2,0,3,0,0,0,6,1,5,16.7,Matches
5d4f7d61,Patrik Schick,cz CZE,FW,Leverkusen,27-065,1996,10.5,0,0,0,5,16,0,4,1,0,0,0,0,18,30,38,44.1,Matches
bd527260,Kingsley Schindler,gh GHA,"DF,MF",Köln,29-261,1993,7.8,3,0,0,9,8,1,22,9,11,0,0,0,40,17,6,73.9,Matches
8f056768,Xaver Schlager,at AUT,MF,RB Leipzig,25-183,1997,16.3,2,0,0,25,24,1,2,16,23,0,0,0,127,12,20,37.5,Matches
f6bdc830,Keven Schlotterbeck,de GER,DF,Freiburg,25-336,1997,0.2,0,0,0,0,1,0,0,2,0,0,0,0,0,2,0,100.0,Matches
f6bdc830,Keven Schlotterbeck,de GER,DF,Bochum,25-336,1997,6.2,3,0,0,8,7,1,2,13,6,0,1,0,39,26,19,57.8,Matches
34e12499,Nico Schlotterbeck,de GER,DF,Dortmund,23-119,1999,24.3,3,0,0,14,17,1,11,30,32,0,0,0,184,60,32,65.2,Matches
220ace7e,Romano Schmid,at AUT,MF,Werder Bremen,23-062,2000,12.1,1,0,0,9,15,1,16,6,13,0,0,0,72,11,18,37.9,Matches
7d31f1cb,Kenneth Schmidt,de GER,DF,Freiburg,20-300,2002,0.1,0,0,0,0,0,0,0,0,0,0,0,0,2,0,1,0.0,Matches
b9ae8560,Niklas Schmidt,de GER,MF,Werder Bremen,25-029,1998,10.1,2,0,0,17,11,0,27,3,10,0,0,0,77,11,10,52.4,Matches
ad00b1a8,Benno Schmitz,de GER,DF,Köln,28-133,1994,20.2,4,0,0,23,14,0,79,20,34,0,0,2,116,21,22,48.8,Matches
87436846,Marvin Schwäbe,de GER,GK,Köln,27-339,1995,25.0,0,0,0,0,1,0,0,2,0,0,0,0,26,5,0,100.0,Matches
0d55d942,Alexander Schwolow,de GER,GK,Schalke 04,30-301,1992,17.0,1,0,0,0,4,0,0,1,0,0,0,0,27,2,1,66.7,Matches
8872ed17,Paul Seguin,de GER,MF,Union Berlin,28-001,1995,7.0,4,0,0,13,3,0,18,5,7,0,1,0,52,10,11,47.6,Matches
1238a3f9,Davie Selke,de GER,FW,Hertha BSC,28-069,1995,3.1,1,0,0,7,6,0,2,1,1,1,0,0,6,22,24,47.8,Matches
1238a3f9,Davie Selke,de GER,FW,Köln,28-069,1995,4.0,0,0,0,3,6,3,3,0,0,0,0,0,3,27,16,62.8,Matches
b3325a30,Suat Serdar,de GER,MF,Hertha BSC,25-353,1997,18.7,4,0,0,21,27,1,5,25,19,0,0,0,113,27,21,56.3,Matches
313254a3,Kiliann Sildillia,fr FRA,"DF,MF",Freiburg,20-318,2002,19.3,4,1,1,32,6,2,22,21,16,0,0,0,97,36,40,47.4,Matches
3effaa34,André Silva,pt POR,FW,RB Leipzig,27-144,1995,17.1,2,0,0,27,40,10,4,2,4,0,0,0,39,18,25,41.9,Matches
fcb27134,Mohamed Simakan,fr FRA,DF,RB Leipzig,22-331,2000,10.2,0,0,0,14,14,1,6,10,10,0,1,0,51,19,15,55.9,Matches
7ec723b7,Eduardo Simões,pt POR,DF,Hoffenheim,21-028,2002,1.0,0,0,0,1,1,0,0,0,3,0,0,0,10,1,1,50.0,Matches
73000a79,Daley Sinkgraven,nl NED,"DF,MF",Leverkusen,27-269,1995,3.6,1,0,0,6,4,0,3,5,6,0,0,0,15,2,5,28.6,Matches
0d8a37c2,Tobias Sippel,de GER,GK,M'Gladbach,35-008,1988,5.7,1,0,0,0,0,0,0,0,0,0,0,0,7,2,1,66.7,Matches
c6cf860f,Hugo Siquet,be BEL,DF,Freiburg,20-264,2002,0.2,0,0,0,0,1,0,0,0,2,0,0,0,0,0,0,,Matches
65857fdf,Tim Skarke,de GER,"DF,MF",Union Berlin,26-204,1996,0.6,1,0,0,3,0,0,8,0,1,0,0,0,1,0,1,0.0,Matches
65857fdf,Tim Skarke,de GER,"FW,MF",Schalke 04,26-204,1996,2.4,0,0,0,2,6,2,12,0,1,0,0,0,16,2,7,22.2,Matches
c2211709,Ellyes Skhiri,tn TUN,MF,Köln,27-324,1995,23.7,4,0,0,29,10,4,12,43,38,0,0,0,194,29,16,64.4,Matches
ff98492b,Robert Skov,dk DEN,DF,Hoffenheim,26-314,1996,13.7,1,0,0,16,19,1,69,8,9,0,0,0,67,12,15,44.4,Matches
c967f6b8,Hrvoje Smolčić,hr CRO,DF,Eint Frankfurt,22-225,2000,5.2,0,0,0,0,5,0,0,6,7,0,0,0,31,27,13,67.5,Matches
c05f2f8c,Danilo Soares,br BRA,DF,Bochum,31-152,1991,15.2,5,0,0,21,19,0,12,22,38,0,1,0,129,23,13,63.9,Matches
4f627629,Nikola Soldo,hr CRO,DF,Köln,22-064,2001,6.6,1,0,0,5,2,0,1,7,9,0,0,0,44,7,9,43.8,Matches
420c18a1,Yann Sommer,ch SUI,GK,Bayern Munich,34-103,1988,10.0,1,0,0,1,0,0,0,1,0,0,0,0,22,4,2,66.7,Matches
420c18a1,Yann Sommer,ch SUI,GK,M'Gladbach,34-103,1988,10.0,0,0,0,0,0,0,0,0,0,0,0,0,14,0,1,0.0,Matches
af0d79a9,Borna Sosa,hr CRO,DF,Stuttgart,25-068,1998,15.0,5,0,0,7,9,0,171,15,15,0,0,0,93,12,12,50.0,Matches
4c6facae,Djibril Sow,ch SUI,MF,Eint Frankfurt,26-052,1997,21.7,6,0,0,30,36,0,5,27,20,0,0,0,162,18,22,45.0,Matches
0f59a7bf,Anton Stach,de GER,MF,Mainz 05,24-135,1998,16.9,4,0,0,23,30,2,51,32,18,0,1,0,130,61,24,71.8,Matches
861e0116,Kostas Stafylidis,gr GRE,"DF,MF",Bochum,29-118,1993,8.9,2,0,0,12,14,0,19,14,13,0,0,0,58,10,14,41.7,Matches
1fffae99,Jens Stage,dk DEN,MF,Werder Bremen,26-142,1996,13.4,1,0,0,15,11,0,9,13,13,0,0,0,66,27,23,54.0,Matches
7ed08d5c,Josip Stanišić,hr CRO,DF,Bayern Munich,22-362,2000,5.2,1,0,0,4,2,0,8,6,11,0,0,0,28,4,2,66.7,Matches
aad48be9,Niklas Stark,de GER,DF,Werder Bremen,27-350,1995,14.6,6,0,0,23,10,1,0,27,27,0,0,0,80,26,27,49.1,Matches
99f7e9aa,Pascal Stenzel,de GER,DF,Stuttgart,27-010,1996,3.6,0,0,0,3,2,0,20,5,8,0,0,0,28,1,2,33.3,Matches
3b1ed320,Angelo Stiller,de GER,MF,Hoffenheim,21-360,2001,6.6,0,0,0,9,3,0,5,9,10,0,0,0,43,13,8,61.9,Matches
7cd6badb,Lars Stindl,de GER,"FW,MF",M'Gladbach,34-216,1988,14.2,7,0,0,21,27,6,13,8,10,0,0,0,55,8,21,27.6,Matches
e5649a78,Kevin Stöger,at AUT,MF,Bochum,29-215,1993,21.5,1,0,0,31,45,0,109,21,29,0,0,0,140,10,28,26.3,Matches
e33c06cf,Niklas Süle,de GER,DF,Dortmund,27-208,1995,15.8,1,0,0,6,4,0,10,11,11,0,0,0,98,21,14,60.0,Matches
e18098de,Ivan Šunjić,hr CRO,MF,Hertha BSC,26-172,1996,11.0,4,0,0,17,9,1,1,13,20,0,0,0,67,7,14,33.3,Matches
92d83c27,Mattias Svanberg,se SWE,MF,Wolfsburg,24-084,1999,14.3,4,0,0,20,23,4,24,15,8,0,0,0,66,17,28,37.8,Matches
934e1968,Dominik Szoboszlai,hu HUN,"MF,FW",RB Leipzig,22-156,2000,20.0,1,1,0,22,28,1,80,16,22,0,0,0,122,5,12,29.4,Matches
e92cd3f7,Alexander Sørloth,no NOR,FW,RB Leipzig,27-115,1995,0.1,1,0,0,1,0,0,0,0,0,0,0,0,0,0,0,,Matches
bd142efb,Jonathan Tah,de GER,DF,Leverkusen,27-047,1996,19.6,6,0,0,12,3,2,3,22,10,0,0,0,110,41,33,55.4,Matches
a73c8f95,Edmond Tapsoba,bf BFA,DF,Leverkusen,24-056,1999,23.9,3,0,0,22,11,1,2,28,21,0,2,1,207,38,33,53.5,Matches
27270af4,Niklas Tauer,de GER,"DF,MF",Mainz 05,22-041,2001,1.0,0,0,0,1,0,0,1,2,1,0,0,0,3,2,1,66.7,Matches
829aa60c,Mathys Tel,fr FRA,FW,Bayern Munich,17-337,2005,3.5,2,0,0,8,5,2,1,0,1,0,0,0,14,8,9,47.1,Matches
0b45a8d7,Semir Telalovic,de GER,"MF,FW",M'Gladbach,23-097,1999,0.1,0,0,0,1,0,0,0,0,0,0,0,0,0,1,0,100.0,Matches
863ff1ee,Simon Terodde,de GER,FW,Schalke 04,35-028,1988,15.2,4,0,0,29,22,23,2,6,7,2,0,0,32,52,83,38.5,Matches
ff5ea0bf,Malick Thiaw,de GER,DF,Schalke 04,21-234,2001,3.0,2,0,0,3,0,0,0,9,1,0,0,0,11,10,5,66.7,Matches
fd53759d,Jan Thielmann,de GER,FW,Köln,20-308,2002,6.2,2,0,0,6,12,4,16,3,7,1,0,0,22,6,13,31.6,Matches
d1b49282,Morten Thorsby,no NOR,MF,Union Berlin,26-329,1996,6.9,3,0,0,13,5,0,2,2,8,0,0,0,30,16,21,43.2,Matches
6f8cd6d0,Marcus Thuram,fr FRA,FW,M'Gladbach,25-236,1997,22.2,3,0,0,30,30,14,8,5,6,0,0,0,61,30,47,39.0,Matches
6b8887c2,Steffen Tigges,de GER,FW,Köln,24-242,1998,14.7,0,0,0,10,10,10,11,6,5,0,0,0,24,53,68,43.8,Matches
e547d3cf,Umut Tohumcu,de GER,MF,Hoffenheim,18-231,2004,2.6,0,0,0,4,5,0,0,0,5,0,0,0,10,2,0,100.0,Matches
b492126a,Tiago Tomás,pt POR,"FW,MF",Stuttgart,20-287,2002,10.6,1,0,0,10,35,2,20,0,4,0,0,0,38,4,12,25.0,Matches
c8c60119,Almamy Touré,ml MLI,DF,Eint Frankfurt,26-336,1996,1.8,0,0,0,0,0,1,2,5,4,0,0,0,13,4,3,57.1,Matches
71ec39ef,Lucas Tousart,fr FRA,MF,Hertha BSC,25-335,1997,23.7,1,0,0,28,30,1,23,37,29,1,0,0,126,74,65,53.2,Matches
ce17b5eb,Kevin Trapp,de GER,GK,Eint Frankfurt,32-265,1990,24.0,2,0,0,0,2,0,0,0,1,0,0,0,22,3,0,100.0,Matches
056d2d95,Christopher Trimmel,at AUT,DF,Union Berlin,36-034,1987,16.3,1,0,0,14,5,1,133,23,15,0,1,0,88,15,18,45.5,Matches
35d64857,Tuta,br BRA,DF,Eint Frankfurt,23-269,1999,23.9,5,0,0,25,15,1,4,34,23,0,0,0,186,36,46,43.9,Matches
7d3e7da6,Sven Ulreich,de GER,GK,Bayern Munich,34-239,1988,3.0,1,0,0,1,1,0,0,0,1,0,1,0,5,0,0,,Matches
cd61c7af,Lauren Ulrich,de GER,MF,Stuttgart,18-058,2005,0.1,0,0,0,0,0,0,1,0,1,0,0,0,0,0,0,,Matches
d248cd8f,Dayot Upamecano,fr FRA,DF,Bayern Munich,24-154,1998,22.0,4,1,0,25,13,1,2,24,31,0,1,0,178,39,35,52.7,Matches
af842091,Filip Uremović,hr CRO,DF,Hertha BSC,26-047,1997,14.4,5,1,1,19,5,0,1,25,14,0,3,0,60,48,29,62.3,Matches
d75f3980,Jere Uronen,fi FIN,DF,Schalke 04,28-260,1994,4.7,1,0,0,3,9,0,20,4,4,0,0,0,29,9,6,60.0,Matches
a3ddb1b9,Mark Uth,de GER,"MF,FW",Köln,31-218,1991,0.5,2,0,0,2,1,0,2,0,0,0,0,0,0,1,0,100.0,Matches
fb377d11,Josha Vagnoman,de GER,"DF,MF",Stuttgart,22-109,2000,7.7,2,1,1,8,3,1,13,6,6,0,0,0,31,13,7,65.0,Matches
6ecbddf6,Ruben Vargas,ch SUI,"MF,FW",Augsburg,24-237,1998,8.1,3,0,0,14,12,2,28,4,5,1,0,0,45,10,18,35.7,Matches
fc8fcbd1,Renato Veiga,pt POR,DF,Augsburg,19-244,2003,3.5,2,0,0,3,3,0,5,3,3,0,0,0,30,9,9,50.0,Matches
a5ae8f8e,Miloš Veljković,rs SRB,DF,Werder Bremen,27-185,1995,16.9,1,0,0,10,9,0,1,26,13,0,0,0,81,39,28,58.2,Matches
8fe2a392,Mickey van de Ven,nl NED,DF,Wolfsburg,21-345,2001,25.0,4,0,0,16,17,1,10,20,22,1,2,0,139,28,31,47.5,Matches
5360a956,Gabriel Vidovic,hr CRO,FW,Bayern Munich,19-119,2003,0.2,0,0,0,0,0,0,0,0,0,0,0,0,3,0,1,0.0,Matches
1d8e9add,Kevin Vogt,de GER,DF,Hoffenheim,31-188,1991,17.2,8,0,0,20,11,0,2,22,10,0,0,0,120,10,13,43.5,Matches
f86cd5df,Aster Vranckx,be BEL,MF,Wolfsburg,20-177,2002,0.1,0,0,0,0,1,0,0,0,0,0,0,0,3,0,0,,Matches
e3d3fbeb,Robert Wagner,de GER,MF,Freiburg,19-259,2003,0.3,1,0,0,0,0,0,0,0,0,0,0,0,2,2,2,50.0,Matches
e5a35ae9,Luca Waldschmidt,de GER,FW,Wolfsburg,26-315,1996,3.9,0,0,0,11,2,1,1,2,2,0,1,0,14,1,3,25.0,Matches
cb64672e,Paul Wanner,de GER,MF,Bayern Munich,17-097,2005,0.3,1,0,0,1,0,0,0,0,1,0,0,0,1,1,0,100.0,Matches
346d51d9,Julian Weigl,de GER,MF,M'Gladbach,27-203,1995,14.0,5,0,0,17,17,0,0,12,12,0,0,0,75,14,10,58.3,Matches
231c67ff,Nelson Weiper,de GER,"FW,MF",Mainz 05,18-013,2005,0.4,0,0,0,0,2,2,0,0,0,0,0,0,2,3,2,60.0,Matches
30c220c3,Mitchell Weiser,de GER,"DF,FW",Werder Bremen,28-343,1994,20.4,6,0,0,28,44,3,49,24,34,1,0,0,147,22,22,50.0,Matches
dd676a97,Noah Weißhaupt,de GER,"MF,FW",Freiburg,21-191,2001,1.8,0,0,0,1,7,0,7,2,1,0,0,0,11,3,1,75.0,Matches
1c86aa16,Marcel Wenig,de GER,MF,Eint Frankfurt,18-330,2004,0.0,0,0,0,0,0,0,0,0,0,0,0,0,0,0,0,,Matches
49fe9070,Timo Werner,de GER,"FW,MF",RB Leipzig,27-024,1996,14.5,2,0,0,5,10,10,21,5,3,0,0,0,41,3,5,37.5,Matches
f68b64fc,Silvan Widmer,ch SUI,DF,Mainz 05,30-025,1993,14.2,0,0,0,9,13,1,23,27,12,1,0,0,78,13,21,38.2,Matches
cb11b429,Patrick Wimmer,at AUT,"FW,MF",Wolfsburg,21-304,2001,12.7,4,0,0,28,17,4,42,13,19,1,0,0,67,17,21,44.7,Matches
2077ae86,Jonas Wind,dk DEN,FW,Wolfsburg,24-051,1999,7.7,0,0,0,7,14,0,1,1,1,0,0,0,27,42,34,55.3,Matches
a1257b5e,Frederik Winther,dk DEN,DF,Augsburg,22-085,2001,1.0,0,0,0,0,0,0,0,0,2,0,0,0,2,6,3,66.7,Matches
e7fcf289,Florian Wirtz,de GER,"FW,MF",Leverkusen,19-331,2003,5.8,1,0,0,5,12,1,16,1,7,0,0,0,33,2,6,25.0,Matches
be42a291,Hannes Wolf,at AUT,FW,M'Gladbach,23-348,1999,3.8,0,0,0,7,10,1,2,2,6,0,0,0,23,3,5,37.5,Matches
fa661778,Marius Wolf,de GER,DF,Dortmund,27-307,1995,12.7,1,0,0,9,17,3,41,17,12,0,0,0,68,5,3,62.5,Matches
6190474d,Jeong Woo-yeong,kr KOR,"MF,FW",Freiburg,23-191,1999,6.8,2,0,0,12,6,1,9,1,3,1,0,0,23,3,14,17.6,Matches
ea0893d6,Kelvin Yeboah,it ITA,"FW,MF",Augsburg,22-328,2000,2.8,0,0,0,7,8,1,6,1,3,0,0,0,15,10,20,33.3,Matches
caffaf5a,Maya Yoshida,jp JPN,DF,Schalke 04,34-218,1988,24.9,3,0,0,14,17,1,8,45,20,0,0,0,144,65,36,64.4,Matches
a4effc55,Dan-Axel Zagadou,fr FRA,DF,Stuttgart,23-300,1999,7.3,2,0,0,6,0,0,0,8,6,0,2,0,38,19,10,65.5,Matches
fc3697dd,Rodrigo Zalazar,uy URU,"MF,FW",Schalke 04,23-230,1999,9.4,3,0,0,11,25,3,59,5,7,0,0,0,68,13,25,34.2,Matches
65bf7e2b,Aaron Zehnter,de GER,DF,Augsburg,18-150,2004,0.0,0,0,0,0,0,0,0,1,0,0,0,0,0,0,0,,Matches
5c4bf6ba,Robin Zentner,de GER,GK,Mainz 05,28-153,1994,19.0,1,0,0,0,3,0,0,0,0,0,0,0,34,13,0,100.0,Matches
9b688ae1,Michael Zetterer,de GER,GK,Werder Bremen,27-261,1995,1.7,0,0,0,0,0,0,0,0,0,0,0,0,1,1,0,100.0,Matches
29f7cfd9,Simon Zoller,de GER,FW,Bochum,31-277,1991,14.2,4,0,0,19,8,6,16,6,2,0,1,0,48,14,19,42.4,Matches
