id,Player,Nation,Pos,Squad,Age,Born,MP,Starts,Min,90s,Gls,Ast,G+A,G-PK,PK,PKatt,CrdY,CrdR,xG,npxG,xAG,npxG+xAG,PrgC,PrgP,PrgR,Gls.1,Ast.1,G+A.1,G-PK.1,G+A-PK,xG.1,xAG.1,xG+xAG,npxG.1,npxG+xAG.1,Matches
8f5cdf66,Oliver Abildgaard,dk DEN,"MF,DF",Hellas Verona,26-274,1996,4,0,78,0.9,0,0,0,0,0,0,0,0,0.0,0.0,0.0,0.0,0,1,3,0.00,0.00,0.00,0.00,0.00,0.00,0.05,0.05,0.00,0.05,Matches
f586779e,Tammy Abraham,eng ENG,FW,Roma,25-160,1997,25,19,1643,18.3,6,3,9,6,0,0,1,0,9.4,9.4,2.9,12.3,25,40,95,0.33,0.16,0.49,0.33,0.49,0.51,0.16,0.67,0.51,0.67,Matches
771a2cfe,Christian Acella,it ITA,MF,Cremonese,20-247,2002,1,0,15,0.2,0,0,0,0,0,0,0,0,0.0,0.0,0.0,0.0,0,0,0,0.00,0.00,0.00,0.00,0.00,0.00,0.00,0.00,0.00,0.00,Matches
b96b595c,Francesco Acerbi,it ITA,DF,Inter,35-029,1988,19,16,1515,16.8,0,1,1,0,0,0,3,0,0.4,0.4,0.6,1.1,17,64,9,0.00,0.06,0.06,0.00,0.06,0.03,0.04,0.07,0.03,0.07,Matches
26777636,Yacine Adli,fr FRA,"MF,FW",Milan,22-225,2000,5,1,124,1.4,0,0,0,0,0,0,1,0,0.1,0.1,0.1,0.2,5,9,7,0.00,0.00,0.00,0.00,0.00,0.06,0.07,0.13,0.06,0.13,Matches
f9c927de,Michel Aebischer,ch SUI,"FW,MF",Bologna,26-064,1997,21,9,868,9.6,1,0,1,1,0,0,3,0,1.1,1.1,0.4,1.5,8,26,47,0.10,0.00,0.10,0.10,0.10,0.12,0.04,0.16,0.12,0.16,Matches
0154d290,Felix Afena-Gyan,gh GHA,"FW,MF",Cremonese,20-051,2003,16,5,604,6.7,0,0,0,0,0,0,2,0,1.3,1.3,0.2,1.5,18,6,46,0.00,0.00,0.00,0.00,0.00,0.20,0.02,0.22,0.20,0.22,Matches
46fa7204,Kevin Agudelo,co COL,"MF,FW",Spezia,24-117,1998,25,20,1714,19.0,0,1,1,0,0,0,3,0,1.1,1.1,1.9,3.0,58,84,77,0.00,0.05,0.05,0.00,0.05,0.06,0.11,0.17,0.06,0.17,Matches
246d153b,Ola Aina,ng NGA,DF,Torino,26-154,1996,14,9,760,8.4,1,1,2,1,0,0,5,0,0.7,0.7,1.7,2.4,32,39,39,0.12,0.12,0.24,0.12,0.24,0.09,0.20,0.29,0.09,0.29,Matches
d810c13b,Emanuel Aiwum,at AUT,DF,Cremonese,22-076,2000,17,13,1209,13.4,0,0,0,0,0,0,3,0,0.2,0.2,0.4,0.6,17,40,7,0.00,0.00,0.00,0.00,0.00,0.01,0.03,0.05,0.01,0.05,Matches
fdf4b948,Jean-Daniel Akpa-Akpro,ci CIV,MF,Empoli,30-151,1992,14,9,764,8.5,0,0,0,0,0,0,8,2,0.3,0.3,0.5,0.9,13,23,26,0.00,0.00,0.00,0.00,0.00,0.04,0.06,0.10,0.04,0.10,Matches
5294a83f,Luis Alberto,es ESP,MF,Lazio,30-164,1992,22,14,1320,14.7,5,3,8,4,1,2,1,0,3.1,1.4,3.0,4.4,44,130,58,0.34,0.20,0.55,0.27,0.48,0.21,0.20,0.41,0.09,0.30,Matches
ab472696,Agustín Álvarez Martínez,uy URU,"FW,MF",Sassuolo,21-296,2001,18,1,312,3.5,1,1,2,1,0,0,1,0,1.3,1.3,0.3,1.6,2,6,16,0.29,0.29,0.58,0.29,0.58,0.37,0.09,0.46,0.37,0.46,Matches
bcc81786,Kelvin Amian,fr FRA,DF,Spezia,25-031,1998,19,15,1409,15.7,0,1,1,0,0,0,3,0,1.2,1.2,1.4,2.6,22,54,42,0.00,0.06,0.06,0.00,0.06,0.08,0.09,0.18,0.08,0.18,Matches
2df7cc43,Bruno Amione,ar ARG,DF,Hellas Verona,21-067,2002,1,1,58,0.6,0,0,0,0,0,0,1,0,0.0,0.0,0.0,0.0,0,0,0,0.00,0.00,0.00,0.00,0.00,0.00,0.00,0.00,0.00,0.00,Matches
2df7cc43,Bruno Amione,ar ARG,DF,Sampdoria,21-067,2002,14,14,1150,12.8,0,1,1,0,0,0,7,0,0.2,0.2,0.6,0.8,5,34,7,0.00,0.08,0.08,0.00,0.08,0.02,0.05,0.06,0.02,0.06,Matches
10b9fa99,Ethan Ampadu,wls WAL,"DF,MF",Spezia,22-178,2000,20,20,1720,19.1,0,1,1,0,0,0,5,0,0.9,0.9,0.9,1.9,15,91,9,0.00,0.05,0.05,0.00,0.05,0.05,0.05,0.10,0.05,0.10,Matches
5a2cb25d,Sofyan Amrabat,ma MAR,MF,Fiorentina,26-202,1996,22,18,1477,16.4,0,0,0,0,0,0,9,0,0.3,0.3,0.6,0.9,29,139,19,0.00,0.00,0.00,0.00,0.00,0.02,0.03,0.05,0.02,0.05,Matches
9f1893b9,Felipe Anderson,br BRA,FW,Lazio,29-330,1993,25,23,1925,21.4,6,2,8,6,0,0,1,0,4.7,4.7,3.8,8.4,57,77,150,0.28,0.09,0.37,0.28,0.37,0.22,0.18,0.39,0.22,0.39,Matches
38d9ce53,Janis Antiste,fr FRA,FW,Sassuolo,20-205,2002,2,0,52,0.6,1,0,1,1,0,0,0,0,0.2,0.2,0.0,0.2,0,1,2,1.73,0.00,1.73,1.73,1.73,0.31,0.00,0.31,0.31,0.31,Matches
108fe016,Marcos Antônio,br BRA,MF,Lazio,22-271,2000,11,3,311,3.5,0,0,0,0,0,0,1,0,0.0,0.0,0.0,0.0,0,14,3,0.00,0.00,0.00,0.00,0.00,0.00,0.00,0.00,0.00,0.00,Matches
8f68aa41,Valentin Antov,bg BUL,DF,Monza,22-122,2000,4,1,172,1.9,0,0,0,0,0,0,0,0,0.0,0.0,0.0,0.0,0,9,3,0.00,0.00,0.00,0.00,0.00,0.00,0.01,0.01,0.00,0.01,Matches
00459419,Marko Arnautović,at AUT,FW,Bologna,33-326,1989,15,14,1215,13.5,8,0,8,5,3,3,5,0,5.7,3.3,1.7,5.0,11,28,85,0.59,0.00,0.59,0.37,0.37,0.42,0.13,0.55,0.24,0.37,Matches
963a328b,Tolgay Arslan,de GER,MF,Udinese,32-207,1990,24,11,908,10.1,1,0,1,1,0,0,1,0,1.5,1.5,1.1,2.6,34,58,31,0.10,0.00,0.10,0.10,0.10,0.15,0.11,0.25,0.15,0.25,Matches
a820e429,Arthur,br BRA,FW,Fiorentina,24-320,1998,20,8,840,9.3,5,1,6,4,1,1,2,0,4.2,3.4,0.6,4.0,7,14,55,0.54,0.11,0.64,0.43,0.54,0.45,0.06,0.51,0.37,0.43,Matches
e26fcca3,Santiago Ascacíbar,ar ARG,MF,Cremonese,26-014,1997,13,7,727,8.1,0,0,0,0,0,0,1,0,0.4,0.4,0.4,0.8,1,41,6,0.00,0.00,0.00,0.00,0.00,0.05,0.05,0.10,0.05,0.10,Matches
a69cc629,Kristoffer Askildsen,no NOR,MF,Lecce,22-061,2001,18,6,622,6.9,0,0,0,0,0,0,3,0,0.4,0.4,0.3,0.7,9,21,16,0.00,0.00,0.00,0.00,0.00,0.06,0.04,0.11,0.06,0.11,Matches
0fdcef0e,Kristjan Asllani,al ALB,MF,Inter,21-002,2002,12,2,295,3.3,0,0,0,0,0,0,2,0,0.2,0.2,0.3,0.6,2,10,2,0.00,0.00,0.00,0.00,0.00,0.08,0.10,0.17,0.08,0.17,Matches
649b01d8,Emil Audero,it ITA,GK,Sampdoria,26-052,1997,25,25,2250,25.0,0,0,0,0,0,0,1,0,0.0,0.0,0.0,0.0,0,0,0,0.00,0.00,0.00,0.00,0.00,0.00,0.00,0.00,0.00,0.00,Matches
3cd3b384,Tommaso Augello,it ITA,DF,Sampdoria,28-193,1994,24,22,1912,21.2,1,2,3,1,0,0,1,0,0.4,0.4,1.6,2.0,54,75,88,0.05,0.09,0.14,0.05,0.14,0.02,0.08,0.09,0.02,0.09,Matches
2200181e,Kaan Ayhan,tr TUR,DF,Sassuolo,28-121,1994,10,5,545,6.1,0,0,0,0,0,0,1,0,0.0,0.0,0.0,0.0,8,15,0,0.00,0.00,0.00,0.00,0.00,0.00,0.00,0.00,0.00,0.00,Matches
dfd24c07,Jaime Báez,uy URU,DF,Cremonese,27-320,1995,2,1,96,1.1,0,0,0,0,0,0,0,0,0.1,0.1,0.1,0.3,5,4,8,0.00,0.00,0.00,0.00,0.00,0.12,0.12,0.24,0.12,0.24,Matches
f42d6c13,Nedim Bajrami,al ALB,"MF,FW",Empoli,24-011,1999,19,8,941,10.5,1,1,2,1,0,0,1,0,1.2,1.2,1.2,2.4,21,29,47,0.10,0.10,0.19,0.10,0.19,0.12,0.11,0.23,0.12,0.23,Matches
f42d6c13,Nedim Bajrami,al ALB,FW,Sassuolo,24-011,1999,5,2,286,3.2,1,0,1,1,0,0,0,0,1.2,1.2,0.5,1.7,5,13,23,0.31,0.00,0.31,0.31,0.31,0.39,0.15,0.54,0.39,0.54,Matches
59bf127b,Tiemoué Bakayoko,fr FRA,MF,Milan,28-206,1994,2,0,33,0.4,0,0,0,0,0,0,0,0,0.0,0.0,0.0,0.0,0,2,1,0.00,0.00,0.00,0.00,0.00,0.00,0.00,0.00,0.00,0.00,Matches
102e2599,Tommaso Baldanzi,it ITA,MF,Empoli,19-353,2003,16,14,1001,11.1,4,0,4,4,0,0,1,0,1.2,1.2,0.9,2.1,32,45,52,0.36,0.00,0.36,0.36,0.36,0.11,0.08,0.19,0.11,0.19,Matches
f449640d,Fodé Ballo-Touré,sn SEN,DF,Milan,26-067,1997,3,2,196,2.2,1,0,1,1,0,0,0,0,0.1,0.1,0.1,0.2,5,11,16,0.46,0.00,0.46,0.46,0.46,0.07,0.03,0.09,0.07,0.09,Matches
8a6de8c7,Lameck Banda,zm ZAM,"FW,MF",Lecce,22-041,2001,25,13,1166,13.0,1,1,2,1,0,0,4,0,1.8,1.8,1.0,2.8,55,19,110,0.08,0.08,0.15,0.08,0.15,0.14,0.08,0.22,0.14,0.22,Matches
d44360be,Filippo Bandinelli,it ITA,MF,Empoli,27-347,1995,24,20,1659,18.4,2,0,2,2,0,0,5,0,1.4,1.4,2.3,3.7,29,75,72,0.11,0.00,0.11,0.11,0.11,0.08,0.12,0.20,0.08,0.20,Matches
01efac19,Antonín Barák,cz CZE,MF,Hellas Verona,28-098,1994,1,0,25,0.3,0,0,0,0,0,0,0,0,0.0,0.0,0.0,0.0,0,2,1,0.00,0.00,0.00,0.00,0.00,0.00,0.00,0.00,0.00,0.00,Matches
01efac19,Antonín Barák,cz CZE,MF,Fiorentina,28-098,1994,20,13,1145,12.7,2,0,2,2,0,0,3,0,1.5,1.5,1.4,3.0,28,54,65,0.16,0.00,0.16,0.16,0.16,0.12,0.11,0.23,0.12,0.23,Matches
32ebfe1e,Andrea Barberis,it ITA,MF,Monza,29-090,1993,7,3,316,3.5,0,1,1,0,0,0,0,0,0.1,0.1,0.3,0.4,3,13,0,0.00,0.28,0.28,0.00,0.28,0.03,0.09,0.12,0.03,0.12,Matches
6928979a,Nicolò Barella,it ITA,MF,Inter,26-032,1997,25,23,1947,21.6,5,6,11,5,0,0,4,0,2.2,2.2,4.2,6.4,53,132,127,0.23,0.28,0.51,0.23,0.51,0.11,0.20,0.31,0.11,0.31,Matches
6caffe81,Enzo Barrenechea,ar ARG,MF,Juventus,21-293,2001,1,1,68,0.8,0,0,0,0,0,0,0,0,0.0,0.0,0.0,0.1,0,2,0,0.00,0.00,0.00,0.00,0.00,0.05,0.03,0.08,0.05,0.08,Matches
e5bf73f3,Musa Barrow,gm GAM,"FW,MF",Bologna,24-117,1998,19,13,1044,11.6,2,2,4,2,0,0,2,0,1.7,1.7,2.6,4.3,29,21,61,0.17,0.17,0.34,0.17,0.34,0.15,0.22,0.37,0.15,0.37,Matches
5a08ee41,Federico Baschirotto,it ITA,DF,Lecce,26-172,1996,24,24,2160,24.0,3,0,3,3,0,0,5,0,1.5,1.5,0.3,1.8,8,60,8,0.12,0.00,0.12,0.12,0.12,0.06,0.01,0.07,0.06,0.07,Matches
80556f08,Toma Bašić,hr CRO,MF,Lazio,26-106,1996,16,4,393,4.4,0,0,0,0,0,0,1,0,0.5,0.5,0.3,0.8,11,14,17,0.00,0.00,0.00,0.00,0.00,0.12,0.06,0.18,0.12,0.18,Matches
75b86fb3,Alessandro Bastoni,it ITA,DF,Inter,23-332,1999,21,19,1627,18.1,0,2,2,0,0,0,2,0,0.8,0.8,1.6,2.5,32,111,33,0.00,0.11,0.11,0.00,0.11,0.05,0.10,0.14,0.05,0.14,Matches
1ac232b8,Simone Bastoni,it ITA,"MF,DF",Spezia,26-126,1996,13,12,946,10.5,2,2,4,2,0,0,4,0,1.1,1.1,0.9,2.0,12,24,55,0.19,0.19,0.38,0.19,0.38,0.10,0.09,0.19,0.10,0.19,Matches
78e6bf2c,Brian Bayeye,fr FRA,DF,Torino,22-254,2000,1,1,54,0.6,0,0,0,0,0,0,0,0,0.0,0.0,0.0,0.0,3,3,3,0.00,0.00,0.00,0.00,0.00,0.00,0.00,0.00,0.00,0.00,Matches
19e4eab9,Rodrigo Becão,br BRA,DF,Udinese,27-051,1996,19,19,1682,18.7,1,1,2,1,0,0,8,0,1.0,1.0,0.5,1.6,6,66,34,0.05,0.05,0.11,0.05,0.11,0.05,0.03,0.08,0.05,0.08,Matches
e892c325,Julius Beck,dk DEN,MF,Spezia,17-318,2005,1,0,10,0.1,0,0,0,0,0,0,0,0,0.0,0.0,0.0,0.0,0,2,0,0.00,0.00,0.00,0.00,0.00,0.00,0.00,0.00,0.00,0.00,Matches
e3756e72,Raoul Bellanova,it ITA,"DF,MF",Inter,22-298,2000,10,0,159,1.8,0,0,0,0,0,0,0,0,0.3,0.3,0.1,0.4,8,4,16,0.00,0.00,0.00,0.00,0.00,0.17,0.07,0.24,0.17,0.24,Matches
d705ba44,Andrea Belotti,it ITA,FW,Roma,29-081,1993,21,3,548,6.1,0,0,0,0,0,1,0,0,2.2,1.4,0.7,2.1,13,5,48,0.00,0.00,0.00,0.00,0.00,0.36,0.11,0.48,0.23,0.35,Matches
0000acda,Marco Benassi,it ITA,DF,Fiorentina,28-184,1994,2,1,93,1.0,0,0,0,0,0,0,0,0,0.0,0.0,0.1,0.1,0,9,6,0.00,0.00,0.00,0.00,0.00,0.00,0.09,0.09,0.00,0.09,Matches
0000acda,Marco Benassi,it ITA,MF,Cremonese,28-184,1994,7,6,545,6.1,0,0,0,0,0,0,1,0,0.5,0.5,0.6,1.0,8,15,16,0.00,0.00,0.00,0.00,0.00,0.07,0.09,0.17,0.07,0.17,Matches
db092d3b,Ismaël Bennacer,dz ALG,MF,Milan,25-100,1997,20,17,1478,16.4,1,1,2,1,0,0,5,0,0.3,0.3,2.5,2.8,19,102,25,0.06,0.06,0.12,0.06,0.12,0.02,0.15,0.17,0.02,0.17,Matches
53a0e358,Domenico Berardi,it ITA,FW,Sassuolo,28-222,1994,15,12,1014,11.3,4,4,8,2,2,3,5,0,4.9,2.5,2.6,5.1,23,67,119,0.36,0.36,0.71,0.18,0.53,0.43,0.23,0.67,0.22,0.46,Matches
61b3978f,Bartosz Bereszyński,pl POL,DF,Sampdoria,30-242,1992,15,15,1198,13.3,0,0,0,0,0,0,1,0,0.1,0.1,0.1,0.2,20,44,40,0.00,0.00,0.00,0.00,0.00,0.01,0.01,0.02,0.01,0.02,Matches
ed5c0319,Beto,gw GNB,FW,Udinese,25-039,1998,25,17,1529,17.0,8,1,9,8,0,0,1,0,7.6,7.6,1.9,9.6,16,9,94,0.47,0.06,0.53,0.47,0.53,0.45,0.11,0.56,0.45,0.56,Matches
b3a20f18,Matteo Bianchetti,it ITA,DF,Cremonese,29-359,1993,18,16,1513,16.8,1,0,1,1,0,0,2,0,0.7,0.7,0.3,1.0,6,33,3,0.06,0.00,0.06,0.06,0.06,0.04,0.02,0.06,0.04,0.06,Matches
d65cf468,Alessandro Bianco,it ITA,MF,Fiorentina,20-161,2002,3,2,112,1.2,0,0,0,0,0,0,0,0,0.1,0.1,0.0,0.1,3,6,2,0.00,0.00,0.00,0.00,0.00,0.05,0.01,0.06,0.05,0.06,Matches
6fdac234,Jaka Bijol,si SVN,DF,Udinese,24-034,1999,20,20,1653,18.4,3,1,4,3,0,0,5,0,1.6,1.6,0.9,2.5,2,38,5,0.16,0.05,0.22,0.16,0.22,0.09,0.05,0.13,0.09,0.13,Matches
9e1577aa,Cristiano Biraghi,it ITA,DF,Fiorentina,30-191,1992,23,21,1802,20.0,1,2,3,1,0,1,0,0,1.4,0.6,4.2,4.8,47,116,78,0.05,0.10,0.15,0.05,0.15,0.07,0.21,0.28,0.03,0.24,Matches
204ac005,Samuele Birindelli,it ITA,DF,Monza,23-235,1999,21,12,1042,11.6,0,1,1,0,0,0,6,0,1.1,1.1,1.8,2.9,44,31,98,0.00,0.09,0.09,0.00,0.09,0.09,0.16,0.25,0.09,0.25,Matches
79370f8c,Kristijan Bistrović,hr CRO,MF,Lecce,24-336,1998,11,5,461,5.1,0,0,0,0,0,0,0,0,0.3,0.3,0.4,0.7,4,16,8,0.00,0.00,0.00,0.00,0.00,0.07,0.07,0.14,0.07,0.14,Matches
c69ef855,Alexis Blin,fr FRA,"MF,DF",Lecce,26-176,1996,23,15,1449,16.1,1,0,1,1,0,0,3,0,1.1,1.1,0.4,1.5,12,65,22,0.06,0.00,0.06,0.06,0.06,0.07,0.03,0.09,0.07,0.09,Matches
fe012aca,Jeremie Boga,ci CIV,"MF,FW",Atalanta,26-067,1997,15,5,550,6.1,1,5,6,1,0,0,0,0,0.8,0.8,2.2,3.0,44,37,56,0.16,0.82,0.98,0.16,0.98,0.13,0.36,0.49,0.13,0.49,Matches
c83c203f,Emil Bohinen,no NOR,MF,Salernitana,23-364,1999,11,4,355,3.9,0,0,0,0,0,0,0,0,0.1,0.1,0.3,0.4,3,14,6,0.00,0.00,0.00,0.00,0.00,0.02,0.07,0.09,0.02,0.09,Matches
d995ed27,Giacomo Bonaventura,it ITA,MF,Fiorentina,33-201,1989,22,18,1550,17.2,3,0,3,3,0,0,4,0,3.3,3.3,1.7,5.0,49,80,73,0.17,0.00,0.17,0.17,0.17,0.19,0.10,0.29,0.19,0.29,Matches
bf57eaab,Federico Bonazzoli,it ITA,"FW,MF",Salernitana,25-294,1997,21,12,1052,11.7,2,1,3,2,0,0,1,0,2.3,2.3,1.1,3.4,11,40,67,0.17,0.09,0.26,0.17,0.26,0.20,0.10,0.29,0.20,0.29,Matches
0def2376,Warren Bondo,fr FRA,MF,Monza,19-177,2003,4,0,60,0.7,0,0,0,0,0,0,1,0,0.1,0.1,0.0,0.1,3,5,2,0.00,0.00,0.00,0.00,0.00,0.09,0.00,0.09,0.09,0.09,Matches
fb77bfef,Kevin Bonifazi,it ITA,DF,Bologna,26-296,1996,7,4,416,4.6,0,0,0,0,0,0,1,0,0.2,0.2,0.0,0.2,3,12,0,0.00,0.00,0.00,0.00,0.00,0.04,0.00,0.05,0.04,0.05,Matches
52ec54d0,Leonardo Bonucci,it ITA,DF,Juventus,35-314,1987,12,6,647,7.2,1,0,1,1,0,1,1,0,0.9,0.1,0.2,0.3,2,22,1,0.14,0.00,0.14,0.14,0.14,0.13,0.03,0.16,0.01,0.04,Matches
3d13d9e4,Erik Botheim,no NOR,FW,Salernitana,23-060,2000,17,3,352,3.9,1,1,2,1,0,0,1,0,0.4,0.4,1.3,1.7,7,11,35,0.26,0.26,0.51,0.26,0.51,0.10,0.33,0.43,0.10,0.43,Matches
0d077b88,Mehdi Bourabia,ma MAR,MF,Spezia,31-216,1991,26,25,2009,22.3,0,2,2,0,0,0,3,0,1.0,1.0,3.1,4.2,27,82,25,0.00,0.09,0.09,0.00,0.09,0.05,0.15,0.20,0.05,0.20,Matches
ae94a6c5,Edoardo Bove,it ITA,MF,Roma,20-299,2002,12,2,287,3.2,0,0,0,0,0,0,2,0,0.4,0.4,0.1,0.5,2,6,4,0.00,0.00,0.00,0.00,0.00,0.13,0.03,0.16,0.13,0.16,Matches
c609e90e,Jayden Braaf,nl NED,"MF,FW",Hellas Verona,20-192,2002,3,1,148,1.6,0,0,0,0,0,0,1,0,0.4,0.4,0.1,0.4,5,2,11,0.00,0.00,0.00,0.00,0.00,0.22,0.04,0.26,0.22,0.26,Matches
8bbe2df5,Domagoj Bradarić,hr CRO,DF,Salernitana,23-091,1999,20,14,1355,15.1,0,1,1,0,0,0,4,0,0.2,0.2,1.5,1.7,41,36,81,0.00,0.07,0.07,0.00,0.07,0.01,0.10,0.11,0.01,0.11,Matches
d4a2533d,Josip Brekalo,hr CRO,FW,Fiorentina,24-261,1998,1,0,19,0.2,0,0,0,0,0,0,0,0,0.0,0.0,0.2,0.3,1,3,4,0.00,0.00,0.00,0.00,0.00,0.10,1.11,1.21,0.10,1.21,Matches
5fd5ed86,Gleison Bremer,br BRA,DF,Juventus,25-358,1997,21,21,1843,20.5,2,1,3,2,0,0,5,0,2.7,2.7,1.0,3.7,6,23,2,0.10,0.05,0.15,0.10,0.15,0.13,0.05,0.18,0.13,0.18,Matches
edd81e2a,Dylan Bronn,tn TUN,DF,Salernitana,27-265,1995,20,16,1425,15.8,0,0,0,0,0,0,3,1,0.7,0.7,0.4,1.0,9,65,3,0.00,0.00,0.00,0.00,0.00,0.04,0.02,0.06,0.04,0.06,Matches
33b8d077,Marcelo Brozović,hr CRO,MF,Inter,30-115,1992,16,10,923,10.3,2,0,2,2,0,0,5,0,1.7,1.7,0.3,2.0,14,48,15,0.20,0.00,0.20,0.20,0.20,0.18,0.03,0.21,0.18,0.21,Matches
f3a9fa26,Cristian Buonaiuto,it ITA,"MF,FW",Cremonese,30-072,1992,18,3,560,6.2,0,0,0,0,0,0,2,0,1.5,1.5,0.9,2.4,16,22,49,0.00,0.00,0.00,0.00,0.00,0.24,0.15,0.39,0.24,0.39,Matches
4ae67f27,Alessandro Buongiorno,it ITA,DF,Torino,23-278,1999,21,18,1616,18.0,0,1,1,0,0,0,7,0,1.2,1.2,0.6,1.8,8,51,14,0.00,0.06,0.06,0.00,0.06,0.07,0.03,0.10,0.07,0.10,Matches
ef6eef89,Juan Cabal,co COL,DF,Hellas Verona,22-062,2001,4,0,102,1.1,0,0,0,0,0,0,1,0,0.0,0.0,0.0,0.0,0,6,3,0.00,0.00,0.00,0.00,0.00,0.00,0.04,0.04,0.00,0.04,Matches
dd86e8e4,Liberato Cacace,nz NZL,DF,Empoli,22-165,2000,7,3,368,4.1,0,0,0,0,0,0,1,0,0.2,0.2,0.2,0.3,17,26,19,0.00,0.00,0.00,0.00,0.00,0.04,0.04,0.08,0.04,0.08,Matches
2146785a,Davide Calabria,it ITA,DF,Milan,26-095,1996,14,13,1000,11.1,1,2,3,1,0,0,4,0,0.9,0.9,0.7,1.7,15,54,43,0.09,0.18,0.27,0.09,0.27,0.08,0.07,0.15,0.08,0.15,Matches
ac7e640b,Mattia Caldara,it ITA,DF,Spezia,28-310,1994,17,11,1072,11.9,0,0,0,0,0,0,6,0,0.6,0.6,0.0,0.6,5,26,4,0.00,0.00,0.00,0.00,0.00,0.05,0.00,0.06,0.05,0.06,Matches
226008f1,Luca Caldirola,it ITA,DF,Monza,32-038,1991,20,17,1477,16.4,0,0,0,0,0,0,4,0,0.6,0.6,0.6,1.2,10,48,12,0.00,0.00,0.00,0.00,0.00,0.04,0.04,0.07,0.04,0.07,Matches
cd0fa27b,Hakan Çalhanoğlu,tr TUR,MF,Inter,29-031,1994,25,22,1834,20.4,2,5,7,1,1,1,2,0,2.4,1.6,3.4,5.0,29,130,43,0.10,0.25,0.34,0.05,0.29,0.12,0.17,0.29,0.08,0.25,Matches
13ea2544,Mohamed Camara,gn GUI,MF,Roma,26-011,1997,9,5,377,4.2,0,0,0,0,0,0,1,0,0.1,0.1,0.3,0.4,10,16,9,0.00,0.00,0.00,0.00,0.00,0.03,0.07,0.10,0.03,0.10,Matches
91ff775f,Nicolò Cambiaghi,it ITA,"FW,MF",Empoli,22-073,2000,17,4,578,6.4,3,1,4,3,0,0,1,0,2.1,2.1,0.4,2.5,31,25,47,0.47,0.16,0.62,0.47,0.62,0.33,0.06,0.38,0.33,0.38,Matches
247ed022,Andrea Cambiaso,it ITA,DF,Bologna,23-019,2000,23,17,1510,16.8,0,2,2,0,0,0,2,0,0.7,0.7,1.5,2.2,47,60,66,0.00,0.12,0.12,0.00,0.12,0.04,0.09,0.13,0.04,0.13,Matches
b6a1cdf9,Matteo Cancellieri,it ITA,FW,Lazio,21-027,2002,16,1,222,2.5,0,0,0,0,0,0,2,0,0.4,0.4,0.4,0.8,12,2,27,0.00,0.00,0.00,0.00,0.00,0.15,0.16,0.31,0.15,0.31,Matches
356c9002,Antonio Candreva,it ITA,"DF,MF",Salernitana,36-011,1987,24,22,1921,21.3,3,2,5,3,0,0,3,1,2.5,2.5,2.5,5.1,52,102,121,0.14,0.09,0.23,0.14,0.23,0.12,0.12,0.24,0.12,0.24,Matches
54e53b7e,Gianluca Caprari,it ITA,"MF,FW",Monza,29-224,1993,25,22,1662,18.5,4,2,6,3,1,1,4,0,4.4,3.7,1.3,5.0,68,54,130,0.22,0.11,0.32,0.16,0.27,0.24,0.07,0.31,0.20,0.27,Matches
5bd72174,Francesco Caputo,it ITA,FW,Sampdoria,35-217,1987,15,13,1094,12.2,1,0,1,1,0,0,0,0,1.9,1.9,0.5,2.4,6,11,76,0.08,0.00,0.08,0.08,0.08,0.15,0.04,0.19,0.15,0.19,Matches
5bd72174,Francesco Caputo,it ITA,"FW,MF",Empoli,35-217,1987,10,9,783,8.7,1,3,4,1,0,0,1,0,2.0,2.0,0.8,2.8,7,10,66,0.11,0.34,0.46,0.11,0.46,0.23,0.10,0.32,0.23,0.32,Matches
f7e2af2c,Andrea Carboni,it ITA,DF,Monza,22-035,2001,4,1,167,1.9,0,0,0,0,0,0,0,0,0.1,0.1,0.1,0.2,4,9,2,0.00,0.00,0.00,0.00,0.00,0.03,0.07,0.10,0.03,0.10,Matches
b033f803,Franco Carboni,it ITA,DF,Monza,19-341,2003,2,0,58,0.6,0,0,0,0,0,0,0,0,0.1,0.1,0.0,0.1,4,2,7,0.00,0.00,0.00,0.00,0.00,0.11,0.05,0.16,0.11,0.16,Matches
707b98f1,Valentin Carboni,it ITA,"MF,FW",Inter,18-006,2005,5,0,25,0.3,0,0,0,0,0,0,0,0,0.0,0.0,0.0,0.0,1,1,1,0.00,0.00,0.00,0.00,0.00,0.00,0.17,0.17,0.00,0.17,Matches
8d3cd59d,Carlos,br BRA,DF,Monza,24-063,1999,22,22,1913,21.3,4,3,7,4,0,0,2,0,2.2,2.2,2.0,4.1,56,63,96,0.19,0.14,0.33,0.19,0.33,0.10,0.09,0.19,0.10,0.19,Matches
8ec56e62,Marco Carnesecchi,it ITA,GK,Cremonese,22-253,2000,16,16,1440,16.0,0,1,1,0,0,0,1,0,0.0,0.0,0.1,0.1,0,0,0,0.00,0.06,0.06,0.00,0.06,0.00,0.01,0.01,0.00,0.01,Matches
3f5f38fb,Nicolò Casale,it ITA,DF,Lazio,25-025,1998,17,17,1495,16.6,1,1,2,1,0,0,5,0,0.6,0.6,0.3,0.9,8,47,3,0.06,0.06,0.12,0.06,0.12,0.04,0.02,0.06,0.04,0.06,Matches
ad92526f,Michele Castagnetti,it ITA,MF,Cremonese,33-074,1989,15,7,713,7.9,0,0,0,0,0,0,1,0,0.3,0.3,1.1,1.4,9,64,6,0.00,0.00,0.00,0.00,0.00,0.03,0.14,0.17,0.03,0.17,Matches
0728bebe,Gaetano Castrovilli,it ITA,MF,Fiorentina,26-022,1997,6,0,122,1.4,0,0,0,0,0,0,1,0,0.2,0.2,0.0,0.2,3,2,1,0.00,0.00,0.00,0.00,0.00,0.13,0.01,0.14,0.13,0.14,Matches
ba3d3bea,Danilo Cataldi,it ITA,MF,Lazio,28-217,1994,23,21,1545,17.2,0,1,1,0,0,0,4,0,0.2,0.2,0.9,1.2,6,70,13,0.00,0.06,0.06,0.00,0.06,0.01,0.05,0.07,0.01,0.07,Matches
4d1efb48,Pietro Ceccaroni,it ITA,DF,Lecce,27-080,1995,1,0,23,0.3,0,0,0,0,0,0,0,0,0.0,0.0,0.0,0.0,0,0,0,0.00,0.00,0.00,0.00,0.00,0.00,0.00,0.00,0.00,0.00,Matches
d9624b51,Federico Ceccherini,it ITA,DF,Hellas Verona,30-304,1992,15,14,1033,11.5,1,0,1,1,0,0,7,1,0.7,0.7,0.1,0.8,20,43,16,0.09,0.00,0.09,0.09,0.09,0.06,0.01,0.07,0.06,0.07,Matches
07f8bcc8,Assan Ceesay,gm GAM,FW,Lecce,28-359,1994,21,13,1125,12.5,4,0,4,4,0,0,1,0,3.0,3.0,0.1,3.1,14,14,60,0.32,0.00,0.32,0.32,0.32,0.24,0.01,0.25,0.24,0.25,Matches
98a84572,Emil Ceide,no NOR,FW,Sassuolo,21-189,2001,14,3,332,3.7,0,0,0,0,0,0,0,0,0.2,0.2,0.7,0.9,22,13,35,0.00,0.00,0.00,0.00,0.00,0.06,0.18,0.25,0.06,0.25,Matches
31a62dc7,Zeki Çelik,tr TUR,DF,Roma,26-022,1997,16,10,1013,11.3,0,0,0,0,0,0,5,0,0.3,0.3,1.3,1.6,23,44,57,0.00,0.00,0.00,0.00,0.00,0.03,0.12,0.15,0.03,0.15,Matches
b0f7e36c,Federico Chiesa,it ITA,"DF,MF",Juventus,25-137,1997,10,2,377,4.2,0,3,3,0,0,0,1,0,0.7,0.7,1.7,2.4,19,11,31,0.00,0.72,0.72,0.00,0.72,0.16,0.41,0.57,0.16,0.57,Matches
c316607a,Vlad Chiricheș,ro ROU,DF,Cremonese,33-117,1989,11,10,726,8.1,0,0,0,0,0,0,2,0,0.0,0.0,0.0,0.0,2,11,1,0.00,0.00,0.00,0.00,0.00,0.00,0.00,0.00,0.00,0.00,Matches
b09a3ecc,Daniel Ciofani,it ITA,FW,Cremonese,37-223,1985,22,5,556,6.2,4,0,4,2,2,3,0,0,3.6,1.1,0.4,1.4,4,6,19,0.65,0.00,0.65,0.32,0.32,0.58,0.06,0.64,0.17,0.23,Matches
039a4fb6,Tio Cipot,si SVN,"DF,FW",Spezia,19-325,2003,3,0,51,0.6,0,0,0,0,0,0,0,0,0.0,0.0,0.0,0.0,2,2,5,0.00,0.00,0.00,0.00,0.00,0.03,0.04,0.07,0.03,0.07,Matches
5de3866c,Patrick Ciurria,it ITA,"DF,MF",Monza,28-030,1995,23,18,1605,17.8,4,4,8,4,0,0,2,0,3.3,3.3,4.4,7.8,32,48,106,0.22,0.22,0.45,0.22,0.45,0.19,0.25,0.44,0.19,0.44,Matches
8b95acda,Omar Colley,gm GAM,DF,Sampdoria,30-138,1992,16,15,1384,15.4,1,0,1,1,0,0,5,0,1.2,1.2,0.0,1.2,3,33,2,0.07,0.00,0.07,0.07,0.07,0.08,0.00,0.08,0.08,0.08,Matches
04df29a5,Lorenzo Colombo,it ITA,FW,Lecce,21-003,2002,22,12,1061,11.8,4,2,6,4,0,1,4,0,4.4,3.6,1.2,4.8,9,18,91,0.34,0.17,0.51,0.34,0.51,0.37,0.10,0.48,0.31,0.41,Matches
6499048c,Andrea Colpani,it ITA,MF,Monza,23-304,1999,17,4,507,5.6,2,0,2,2,0,0,1,0,1.1,1.1,1.0,2.1,15,28,41,0.36,0.00,0.36,0.36,0.36,0.20,0.18,0.38,0.20,0.38,Matches
8cabdc1e,Andrea Consigli,it ITA,GK,Sassuolo,36-043,1987,23,23,2070,23.0,0,0,0,0,0,0,0,0,0.0,0.0,0.0,0.0,0,1,0,0.00,0.00,0.00,0.00,0.00,0.00,0.00,0.00,0.00,0.00,Matches
8fef5412,Andrea Conti,it ITA,DF,Sampdoria,29-009,1994,1,0,23,0.3,0,0,0,0,0,0,0,0,0.0,0.0,0.0,0.0,0,1,2,0.00,0.00,0.00,0.00,0.00,0.00,0.00,0.00,0.00,0.00,Matches
22ae86f9,Diego Coppola,it ITA,DF,Hellas Verona,19-073,2003,11,9,844,9.4,0,0,0,0,0,0,3,0,0.3,0.3,0.0,0.3,7,32,8,0.00,0.00,0.00,0.00,0.00,0.04,0.00,0.04,0.04,0.04,Matches
45b9b619,Joaquín Correa,ar ARG,FW,Inter,28-210,1994,17,4,436,4.8,3,1,4,3,0,0,1,0,2.1,2.1,0.8,2.9,5,8,31,0.62,0.21,0.83,0.62,0.83,0.44,0.17,0.61,0.44,0.61,Matches
bfc359ed,Alessandro Cortinovis,it ITA,MF,Hellas Verona,22-045,2001,1,0,6,0.1,0,0,0,0,0,0,0,0,0.0,0.0,0.0,0.0,0,2,2,0.00,0.00,0.00,0.00,0.00,0.00,0.00,0.00,0.00,0.00,Matches
85a44ecc,Lassana Coulibaly,ml MLI,MF,Salernitana,26-335,1996,23,22,1876,20.8,2,2,4,2,0,0,7,0,0.5,0.5,1.2,1.8,31,74,47,0.10,0.10,0.19,0.10,0.19,0.03,0.06,0.08,0.03,0.08,Matches
f554e29b,Alessio Cragno,it ITA,GK,Monza,28-256,1994,1,1,90,1.0,0,0,0,0,0,0,0,0,0.0,0.0,0.0,0.0,0,0,0,0.00,0.00,0.00,0.00,0.00,0.00,0.00,0.00,0.00,0.00,Matches
16657b95,Bryan Cristante,it ITA,MF,Roma,28-008,1995,25,25,2081,23.1,1,1,2,1,0,0,5,0,1.1,1.1,1.0,2.1,13,113,22,0.04,0.04,0.09,0.04,0.09,0.05,0.04,0.09,0.05,0.09,Matches
22cd43d2,Domen Črnigoj,si SVN,MF,Salernitana,27-113,1995,6,4,288,3.2,0,0,0,0,0,0,1,0,0.1,0.1,0.3,0.4,2,3,8,0.00,0.00,0.00,0.00,0.00,0.03,0.11,0.14,0.03,0.14,Matches
0ab1f153,Juan Cuadrado,co COL,"DF,FW",Juventus,34-289,1988,19,16,1259,14.0,1,3,4,1,0,0,3,1,1.1,1.1,2.1,3.2,26,51,80,0.07,0.21,0.29,0.07,0.29,0.08,0.15,0.23,0.08,0.23,Matches
5722eced,Mickaël Cuisance,fr FRA,MF,Sampdoria,23-207,1999,5,5,317,3.5,0,0,0,0,0,0,1,0,0.3,0.3,0.4,0.7,7,9,17,0.00,0.00,0.00,0.00,0.00,0.08,0.10,0.19,0.08,0.19,Matches
060606ec,Marco D'Alessandro,it ITA,"DF,FW",Monza,32-022,1991,8,3,290,3.2,0,0,0,0,0,0,2,0,0.3,0.3,0.2,0.5,14,3,19,0.00,0.00,0.00,0.00,0.00,0.10,0.06,0.16,0.10,0.16,Matches
44eb9093,Danilo D'Ambrosio,it ITA,DF,Inter,34-183,1988,8,2,253,2.8,0,1,1,0,0,0,1,0,0.0,0.0,0.2,0.2,2,11,4,0.00,0.36,0.36,0.00,0.36,0.00,0.08,0.08,0.00,0.08,Matches
f778fe3f,Luca D'Andrea,it ITA,FW,Sassuolo,18-186,2004,5,5,316,3.5,0,1,1,0,0,0,0,0,0.3,0.3,0.8,1.1,11,9,29,0.00,0.28,0.28,0.00,0.28,0.08,0.23,0.31,0.08,0.31,Matches
7ef972c3,Flavius Daniliuc,at AUT,DF,Salernitana,21-318,2001,16,14,1301,14.5,0,1,1,0,0,0,6,0,0.5,0.5,0.1,0.6,9,42,4,0.00,0.07,0.07,0.00,0.07,0.03,0.01,0.04,0.03,0.04,Matches
94b2001f,Danilo,br BRA,DF,Juventus,31-239,1991,25,24,2173,24.1,3,3,6,3,0,0,3,0,1.9,1.9,2.3,4.2,21,97,31,0.12,0.12,0.25,0.12,0.25,0.08,0.09,0.17,0.08,0.17,Matches
96e0490d,Matteo Darmian,it ITA,DF,Inter,33-099,1989,21,17,1362,15.1,1,2,3,1,0,0,3,0,1.0,1.0,1.5,2.4,12,48,74,0.07,0.13,0.20,0.07,0.20,0.07,0.10,0.17,0.07,0.17,Matches
16bb656a,Paweł Dawidowicz,pl POL,DF,Hellas Verona,27-295,1995,14,12,951,10.6,1,0,1,1,0,0,5,1,1.1,1.1,0.2,1.2,14,31,9,0.09,0.00,0.09,0.09,0.09,0.10,0.01,0.11,0.10,0.11,Matches
2ef7c612,Charles De Ketelaere,be BEL,"MF,FW",Milan,22-001,2001,21,7,828,9.2,0,1,1,0,0,0,2,0,1.6,1.6,1.8,3.4,35,43,41,0.00,0.11,0.11,0.00,0.11,0.17,0.20,0.37,0.17,0.37,Matches
60e3603d,Manuel De Luca,it ITA,"FW,MF",Sampdoria,24-237,1998,2,0,44,0.5,0,0,0,0,0,0,0,0,0.0,0.0,0.0,0.0,0,0,5,0.00,0.00,0.00,0.00,0.00,0.00,0.00,0.00,0.00,0.00,Matches
ae4e2852,Mattia De Sciglio,it ITA,DF,Juventus,30-142,1992,13,7,761,8.5,0,0,0,0,0,0,0,0,0.1,0.1,0.4,0.5,9,42,29,0.00,0.00,0.00,0.00,0.00,0.01,0.05,0.06,0.01,0.06,Matches
e74f0e59,Lorenzo De Silvestri,it ITA,DF,Bologna,34-292,1988,9,5,518,5.8,0,0,0,0,0,0,1,0,0.4,0.4,0.2,0.6,8,20,13,0.00,0.00,0.00,0.00,0.00,0.07,0.03,0.10,0.07,0.10,Matches
f4797849,Koni De Winter,be BEL,DF,Empoli,20-272,2002,11,9,805,8.9,0,0,0,0,0,0,3,0,0.0,0.0,0.2,0.2,1,19,0,0.00,0.00,0.00,0.00,0.00,0.00,0.02,0.02,0.00,0.02,Matches
854ee61a,Grégoire Defrel,mq MTQ,FW,Sassuolo,31-267,1991,14,8,652,7.2,1,0,1,1,0,0,2,0,2.0,2.0,0.3,2.3,8,7,36,0.14,0.00,0.14,0.14,0.14,0.28,0.05,0.32,0.28,0.32,Matches
0e0d6c53,Duccio Degli Innocenti,it ITA,MF,Empoli,19-317,2003,1,0,3,0.0,0,0,0,0,0,0,0,0,0.0,0.0,0.0,0.0,0,0,0,0.00,0.00,0.00,0.00,0.00,0.00,0.00,0.00,0.00,0.00,Matches
e3cceee6,Merih Demiral,tr TUR,DF,Atalanta,25-006,1998,20,14,1392,15.5,1,0,1,1,0,0,5,0,0.7,0.7,0.5,1.2,1,25,3,0.06,0.00,0.06,0.06,0.06,0.05,0.03,0.08,0.05,0.08,Matches
dc3fa3b5,Diego Demme,de GER,MF,Napoli,31-110,1991,4,0,27,0.3,0,0,0,0,0,0,0,0,0.0,0.0,0.0,0.0,1,9,0,0.00,0.00,0.00,0.00,0.00,0.00,0.00,0.00,0.00,0.00,Matches
d97f2e8d,Fabio Depaoli,it ITA,DF,Hellas Verona,25-321,1997,19,16,1440,16.0,2,2,4,2,0,0,3,0,1.4,1.4,1.0,2.4,18,51,48,0.12,0.12,0.25,0.12,0.25,0.09,0.06,0.15,0.09,0.15,Matches
d97f2e8d,Fabio Depaoli,it ITA,"DF,MF",Sampdoria,25-321,1997,3,1,136,1.5,0,0,0,0,0,0,1,0,0.2,0.2,0.4,0.6,2,10,6,0.00,0.00,0.00,0.00,0.00,0.12,0.26,0.38,0.12,0.38,Matches
2990c466,Kastriot Dermaku,al ALB,DF,Lecce,31-055,1992,1,0,34,0.4,0,0,0,0,0,0,0,0,0.0,0.0,0.0,0.0,0,0,0,0.00,0.00,0.00,0.00,0.00,0.00,0.00,0.00,0.00,0.00,Matches
dcb38abe,Cyriel Dessers,ng NGA,FW,Cremonese,28-093,1994,19,15,1249,13.9,5,0,5,5,0,1,2,0,5.6,4.8,1.2,6.0,14,23,91,0.36,0.00,0.36,0.36,0.36,0.40,0.08,0.49,0.35,0.43,Matches
5976f83e,Sergiño Dest,us USA,DF,Milan,22-128,2000,8,2,329,3.7,0,0,0,0,0,0,0,0,0.3,0.3,0.3,0.6,11,14,12,0.00,0.00,0.00,0.00,0.00,0.08,0.09,0.17,0.08,0.17,Matches
d7d32194,Mattia Destro,it ITA,FW,Empoli,31-356,1991,10,6,456,5.1,1,0,1,1,0,0,2,0,1.2,1.2,0.4,1.6,4,2,13,0.20,0.00,0.20,0.20,0.20,0.24,0.07,0.31,0.24,0.31,Matches
39583cfd,Gerard Deulofeu,es ESP,FW,Udinese,28-363,1994,16,15,1211,13.5,2,6,8,2,0,0,1,0,5.1,5.1,4.4,9.5,72,82,118,0.15,0.45,0.59,0.15,0.59,0.38,0.33,0.70,0.38,0.70,Matches
ef94dc2f,Samuel Di Carmine,it ITA,"FW,MF",Cremonese,34-163,1988,2,0,28,0.3,0,0,0,0,0,0,0,0,0.1,0.1,0.0,0.1,1,1,2,0.00,0.00,0.00,0.00,0.00,0.28,0.00,0.28,0.28,0.28,Matches
1fca9171,Federico Di Francesco,it ITA,"FW,MF",Lecce,28-270,1994,24,15,1278,14.2,1,2,3,1,0,0,4,0,2.0,2.0,2.2,4.2,42,34,122,0.07,0.14,0.21,0.07,0.21,0.14,0.15,0.29,0.14,0.29,Matches
4e0c8d66,Michele Di Gregorio,it ITA,GK,Monza,25-227,1997,24,24,2160,24.0,0,0,0,0,0,0,0,0,0.0,0.0,0.0,0.0,0,0,0,0.00,0.00,0.00,0.00,0.00,0.00,0.00,0.00,0.00,0.00,Matches
230a2fac,Giovanni Di Lorenzo,it ITA,DF,Napoli,29-219,1993,25,25,2238,24.9,1,4,5,1,0,0,2,0,1.6,1.6,3.3,4.9,45,179,125,0.04,0.16,0.20,0.04,0.20,0.06,0.13,0.20,0.06,0.20,Matches
19cda00b,Ángel Di María,ar ARG,"FW,MF",Juventus,35-025,1988,16,11,876,9.7,4,4,8,3,1,1,0,1,2.2,1.4,3.3,4.7,30,59,49,0.41,0.41,0.82,0.31,0.72,0.22,0.34,0.57,0.14,0.48,Matches
244bc2c8,Boulaye Dia,sn SEN,FW,Salernitana,26-115,1996,22,17,1584,17.6,8,4,12,8,0,0,2,0,5.1,5.1,2.3,7.4,27,35,100,0.45,0.23,0.68,0.45,0.68,0.29,0.13,0.42,0.29,0.42,Matches
407feb71,Brahim Díaz,es ESP,MF,Milan,23-220,1999,21,17,1172,13.0,4,3,7,4,0,0,2,0,3.3,3.3,3.6,6.9,52,81,70,0.31,0.23,0.54,0.31,0.54,0.25,0.28,0.53,0.25,0.53,Matches
970b8574,Federico Dimarco,it ITA,DF,Inter,25-121,1997,24,20,1615,17.9,3,2,5,3,0,0,0,0,2.3,2.3,5.0,7.3,34,66,149,0.17,0.11,0.28,0.17,0.28,0.13,0.28,0.41,0.13,0.41,Matches
933d3b51,Koffi Djidji,ci CIV,DF,Torino,30-101,1992,22,20,1784,19.8,1,0,1,1,0,0,2,0,0.9,0.9,0.1,1.1,6,67,12,0.05,0.00,0.05,0.05,0.05,0.05,0.01,0.05,0.05,0.05,Matches
6eee05f1,Berat Djimsiti,al ALB,DF,Atalanta,30-020,1993,13,9,893,9.9,0,0,0,0,0,0,2,0,0.4,0.4,0.0,0.4,4,25,6,0.00,0.00,0.00,0.00,0.00,0.04,0.00,0.04,0.04,0.04,Matches
b5f7d10b,Dodô,br BRA,DF,Fiorentina,24-114,1998,21,18,1495,16.6,0,2,2,0,0,0,5,1,0.5,0.5,0.9,1.4,37,97,77,0.00,0.12,0.12,0.00,0.12,0.03,0.05,0.08,0.03,0.08,Matches
2f69d881,Josh Doig,sct SCO,DF,Hellas Verona,20-297,2002,17,13,1150,12.8,2,3,5,2,0,0,1,0,1.8,1.8,1.0,2.9,40,24,56,0.16,0.23,0.39,0.16,0.39,0.14,0.08,0.22,0.14,0.22,Matches
20b3a502,Nicolás Domínguez,ar ARG,MF,Bologna,24-256,1998,21,18,1581,17.6,1,2,3,1,0,0,7,0,1.2,1.2,1.8,3.0,25,96,56,0.06,0.11,0.17,0.06,0.17,0.07,0.10,0.17,0.07,0.17,Matches
22051fbe,Giulio Donati,it ITA,DF,Monza,33-034,1990,6,3,309,3.4,1,0,1,1,0,0,3,1,0.5,0.5,0.0,0.5,3,17,8,0.29,0.00,0.29,0.29,0.29,0.15,0.00,0.15,0.15,0.15,Matches
085e71a7,Bartłomiej Drągowski,pl POL,GK,Spezia,25-204,1997,24,24,2046,22.7,0,0,0,0,0,0,1,0,0.0,0.0,0.0,0.0,0,0,0,0.00,0.00,0.00,0.00,0.00,0.00,0.00,0.00,0.00,0.00,Matches
79ca3e23,Ondrej Duda,sk SVK,MF,Hellas Verona,28-096,1994,6,5,444,4.9,0,0,0,0,0,0,1,0,0.4,0.4,0.2,0.6,3,22,11,0.00,0.00,0.00,0.00,0.00,0.08,0.05,0.13,0.08,0.13,Matches
481c9ece,Denzel Dumfries,nl NED,DF,Inter,26-327,1996,23,17,1479,16.4,1,3,4,1,0,0,4,0,2.8,2.8,3.6,6.4,38,36,112,0.06,0.18,0.24,0.06,0.24,0.17,0.22,0.39,0.17,0.39,Matches
528492ea,Alfred Duncan,gh GHA,MF,Fiorentina,30-001,1993,14,7,597,6.6,0,0,0,0,0,0,2,0,0.2,0.2,0.1,0.4,9,39,19,0.00,0.00,0.00,0.00,0.00,0.04,0.02,0.05,0.04,0.05,Matches
e0921a4f,Paulo Dybala,ar ARG,"MF,FW",Roma,29-116,1993,18,17,1341,14.9,8,6,14,6,2,2,3,0,6.1,4.5,5.4,9.9,42,52,81,0.54,0.40,0.94,0.40,0.81,0.41,0.36,0.77,0.30,0.66,Matches
3bb7f478,Edin Džeko,ba BIH,FW,Inter,36-359,1986,26,17,1555,17.3,7,3,10,7,0,0,3,0,8.6,8.6,3.0,11.6,24,60,122,0.41,0.17,0.58,0.41,0.58,0.50,0.18,0.68,0.50,0.68,Matches
dbfa4f16,Festy Ebosele,ie IRL,"DF,FW",Udinese,20-221,2002,7,1,137,1.5,0,0,0,0,0,0,2,0,0.2,0.2,0.0,0.2,12,12,10,0.00,0.00,0.00,0.00,0.00,0.11,0.02,0.13,0.11,0.13,Matches
9ba7b4fa,Enzo Ebosse,cm CMR,DF,Udinese,24-000,1999,20,9,930,10.3,0,0,0,0,0,0,3,0,0.1,0.1,0.0,0.1,11,51,20,0.00,0.00,0.00,0.00,0.00,0.01,0.00,0.01,0.01,0.01,Matches
6af30900,Tyronne Ebuehi,ng NGA,DF,Empoli,27-085,1995,15,11,980,10.9,1,1,2,1,0,0,0,0,1.8,1.8,0.3,2.1,11,13,26,0.09,0.09,0.18,0.09,0.18,0.16,0.03,0.19,0.16,0.19,Matches
a9202def,Éderson,br BRA,MF,Atalanta,23-247,1999,22,14,1266,14.1,1,0,1,1,0,0,3,0,1.4,1.4,1.5,2.9,20,50,35,0.07,0.00,0.07,0.07,0.07,0.10,0.11,0.21,0.10,0.21,Matches
76b2817e,Kingsley Ehizibue,nl NED,DF,Udinese,27-290,1995,19,8,892,9.9,1,0,1,1,0,0,5,0,0.9,0.9,0.5,1.4,20,32,45,0.10,0.00,0.10,0.10,0.10,0.09,0.05,0.14,0.09,0.14,Matches
f503ea63,Albin Ekdal,se SWE,MF,Spezia,33-226,1989,19,8,889,9.9,0,2,2,0,0,0,4,1,0.9,0.9,1.3,2.1,4,38,8,0.00,0.20,0.20,0.00,0.20,0.09,0.14,0.23,0.09,0.23,Matches
c20892ee,Emmanuel Ekong,se SWE,"FW,MF",Empoli,20-259,2002,2,0,20,0.2,0,0,0,0,0,0,0,0,0.0,0.0,0.0,0.0,1,0,1,0.00,0.00,0.00,0.00,0.00,0.20,0.00,0.20,0.20,0.20,Matches
c55967eb,Mikael Ellertsson,is ISL,"MF,DF",Spezia,21-000,2002,11,1,171,1.9,0,0,0,0,0,0,3,0,0.1,0.1,0.0,0.2,3,3,4,0.00,0.00,0.00,0.00,0.00,0.07,0.01,0.08,0.07,0.08,Matches
cf007308,Elif Elmas,mk MKD,"MF,FW",Napoli,23-168,1999,24,7,968,10.8,6,1,7,5,1,1,3,0,3.4,2.6,1.3,3.9,25,38,54,0.56,0.09,0.65,0.46,0.56,0.32,0.12,0.44,0.24,0.36,Matches
0fee6bda,Martin Erlic,hr CRO,DF,Sassuolo,25-046,1998,18,18,1581,17.6,0,0,0,0,0,0,2,0,0.1,0.1,0.1,0.2,4,40,0,0.00,0.00,0.00,0.00,0.00,0.01,0.01,0.01,0.01,0.01,Matches
3f79a1c8,Gonzalo Escalante,ar ARG,MF,Cremonese,29-349,1993,9,7,555,6.2,0,1,1,0,0,0,0,1,0.2,0.2,0.2,0.4,3,30,8,0.00,0.16,0.16,0.00,0.16,0.03,0.04,0.07,0.03,0.07,Matches
5cf5c9ad,Salvatore Esposito,it ITA,MF,Spezia,22-155,2000,4,2,190,2.1,0,0,0,0,0,0,3,1,0.0,0.0,0.1,0.1,1,11,1,0.00,0.00,0.00,0.00,0.00,0.02,0.03,0.04,0.02,0.04,Matches
366be751,Nicolò Fagioli,it ITA,MF,Juventus,22-027,2001,16,8,775,8.6,2,2,4,2,0,0,1,0,0.4,0.4,0.8,1.2,16,28,28,0.23,0.23,0.46,0.23,0.46,0.05,0.09,0.14,0.05,0.14,Matches
9f5a610b,Wladimiro Falcone,it ITA,GK,Lecce,27-333,1995,25,25,2250,25.0,0,0,0,0,0,0,1,0,0.0,0.0,0.0,0.0,0,0,0,0.00,0.00,0.00,0.00,0.00,0.00,0.00,0.00,0.00,0.00,Matches
aae9d04a,Davide Faraoni,it ITA,DF,Hellas Verona,31-137,1991,11,9,640,7.1,0,2,2,0,0,0,4,0,1.3,1.3,0.7,2.0,5,28,12,0.00,0.28,0.28,0.00,0.28,0.18,0.09,0.27,0.18,0.27,Matches
4e358a2d,Federico Fazio,ar ARG,DF,Salernitana,35-359,1987,12,12,1059,11.8,1,0,1,1,0,0,2,1,0.7,0.7,0.1,0.8,13,40,4,0.08,0.00,0.08,0.08,0.08,0.06,0.01,0.07,0.06,0.07,Matches
06b08c45,Jacopo Fazzini,it ITA,MF,Empoli,19-360,2003,12,2,265,2.9,0,0,0,0,0,0,2,0,0.1,0.1,0.4,0.6,4,6,15,0.00,0.00,0.00,0.00,0.00,0.05,0.15,0.20,0.05,0.20,Matches
ee64a822,Lewis Ferguson,sct SCO,MF,Bologna,23-199,1999,19,16,1359,15.1,3,0,3,3,0,0,3,0,3.0,3.0,0.8,3.8,17,43,66,0.20,0.00,0.20,0.20,0.20,0.20,0.05,0.25,0.20,0.25,Matches
d0dbca9f,Alex Ferrari,it ITA,DF,Sampdoria,28-253,1994,12,10,868,9.6,0,0,0,0,0,0,3,0,0.2,0.2,0.4,0.5,7,25,3,0.00,0.00,0.00,0.00,0.00,0.02,0.04,0.06,0.02,0.06,Matches
d0dbca9f,Alex Ferrari,it ITA,DF,Cremonese,28-253,1994,8,8,586,6.5,0,0,0,0,0,0,2,0,0.0,0.0,0.1,0.1,1,19,1,0.00,0.00,0.00,0.00,0.00,0.00,0.01,0.01,0.00,0.01,Matches
eb76987d,Salvador Ferrer,es ESP,DF,Spezia,25-049,1998,3,0,102,1.1,0,0,0,0,0,0,0,0,0.0,0.0,0.0,0.0,0,1,1,0.00,0.00,0.00,0.00,0.00,0.00,0.03,0.03,0.00,0.03,Matches
e288d4b3,Alessandro Florenzi,it ITA,DF,Milan,32-000,1991,2,1,97,1.1,0,0,0,0,0,0,0,0,0.0,0.0,0.0,0.0,0,7,5,0.00,0.00,0.00,0.00,0.00,0.00,0.02,0.02,0.00,0.02,Matches
2a7d27c1,Davide Frattesi,it ITA,MF,Sassuolo,23-140,1999,25,25,2027,22.5,6,0,6,6,0,0,3,0,5.0,5.0,1.4,6.4,51,93,70,0.27,0.00,0.27,0.27,0.27,0.22,0.06,0.29,0.22,0.29,Matches
c235e803,Matteo Gabbia,it ITA,DF,Milan,23-141,1999,11,6,603,6.7,0,0,0,0,0,0,2,0,0.0,0.0,0.0,0.0,1,14,1,0.00,0.00,0.00,0.00,0.00,0.01,0.00,0.01,0.01,0.01,Matches
8f866fe8,Manolo Gabbiadini,it ITA,"FW,MF",Sampdoria,31-105,1991,22,14,1278,14.2,4,1,5,4,0,0,5,0,5.3,5.3,1.7,7.0,16,29,65,0.28,0.07,0.35,0.28,0.35,0.37,0.12,0.49,0.37,0.49,Matches
3b387cc7,Gianluca Gaetano,it ITA,MF,Napoli,22-310,2000,4,0,34,0.4,0,1,1,0,0,0,0,0,0.3,0.3,0.2,0.5,1,4,3,0.00,2.65,2.65,0.00,2.65,0.87,0.45,1.31,0.87,1.31,Matches
ce30bfc8,Roberto Gagliardini,it ITA,MF,Inter,28-338,1994,12,3,414,4.6,0,0,0,0,0,0,1,0,0.5,0.5,0.2,0.7,12,22,17,0.00,0.00,0.00,0.00,0.00,0.11,0.04,0.15,0.11,0.15,Matches
8dfed6e9,Adolfo Gaich,ar ARG,FW,Hellas Verona,24-013,1999,5,3,251,2.8,0,0,0,0,0,0,0,0,0.8,0.8,0.1,0.8,2,2,18,0.00,0.00,0.00,0.00,0.00,0.27,0.02,0.30,0.27,0.30,Matches
dd403465,Pablo Galdames Millán,cl CHI,"DF,MF",Cremonese,26-071,1996,2,0,45,0.5,0,0,0,0,0,0,0,0,0.0,0.0,0.0,0.0,0,3,2,0.00,0.00,0.00,0.00,0.00,0.00,0.06,0.06,0.00,0.06,Matches
c74d63ac,Antonino Gallo,it ITA,DF,Lecce,23-065,2000,20,17,1512,16.8,0,1,1,0,0,0,4,1,0.1,0.1,1.2,1.3,43,97,36,0.00,0.06,0.06,0.00,0.06,0.01,0.07,0.07,0.01,0.07,Matches
18dd3219,Federico Gatti,it ITA,DF,Juventus,24-260,1998,6,6,540,6.0,0,0,0,0,0,0,2,0,0.3,0.3,0.0,0.3,5,22,2,0.00,0.00,0.00,0.00,0.00,0.04,0.01,0.05,0.04,0.05,Matches
822ed0ec,Valentin Gendrey,fr FRA,DF,Lecce,22-263,2000,25,23,2084,23.2,0,1,1,0,0,0,3,0,0.5,0.5,1.6,2.0,32,77,65,0.00,0.04,0.04,0.00,0.04,0.02,0.07,0.09,0.02,0.09,Matches
71dc23da,Paolo Ghiglione,it ITA,DF,Cremonese,26-037,1997,10,6,521,5.8,0,1,1,0,0,0,2,0,0.1,0.1,0.4,0.5,4,16,30,0.00,0.17,0.17,0.00,0.17,0.02,0.07,0.09,0.02,0.09,Matches
9c435456,Mario Gila,es ESP,DF,Lazio,22-194,2000,4,0,90,1.0,0,0,0,0,0,0,0,0,0.0,0.0,0.0,0.0,1,6,2,0.00,0.00,0.00,0.00,0.00,0.00,0.00,0.00,0.00,0.00,Matches
548bd0de,Gvidas Gineitis,lt LTU,MF,Torino,18-330,2004,2,1,46,0.5,0,0,0,0,0,0,1,0,0.0,0.0,0.0,0.0,3,3,5,0.00,0.00,0.00,0.00,0.00,0.00,0.00,0.00,0.00,0.00,Matches
16ceb862,Olivier Giroud,fr FRA,FW,Milan,36-162,1986,23,18,1517,16.9,7,4,11,6,1,1,6,1,8.5,7.8,3.2,11.0,10,30,108,0.42,0.24,0.65,0.36,0.59,0.50,0.19,0.69,0.47,0.66,Matches
f0f7f62f,Pierluigi Gollini,it ITA,GK,Fiorentina,27-358,1995,3,3,270,3.0,0,0,0,0,0,0,0,0,0.0,0.0,0.0,0.0,0,0,0,0.00,0.00,0.00,0.00,0.00,0.00,0.00,0.00,0.00,0.00,Matches
f025eade,Joan Gonzàlez,es ESP,MF,Lecce,21-038,2002,24,20,1698,18.9,1,3,4,1,0,0,5,0,1.3,1.3,1.3,2.6,14,51,46,0.05,0.16,0.21,0.05,0.21,0.07,0.07,0.14,0.07,0.14,Matches
2374aaca,Nicolás González,ar ARG,"FW,MF",Fiorentina,24-339,1998,15,8,798,8.9,4,1,5,2,2,2,3,0,4.4,3.1,1.2,4.3,25,36,73,0.45,0.11,0.56,0.23,0.34,0.49,0.14,0.63,0.35,0.48,Matches
2d970560,Robin Gosens,de GER,"DF,FW",Inter,28-249,1994,23,5,664,7.4,1,0,1,1,0,0,1,0,0.9,0.9,0.8,1.7,21,23,58,0.14,0.00,0.14,0.14,0.14,0.14,0.13,0.26,0.14,0.26,Matches
6cc97b6a,Alberto Grassi,it ITA,MF,Empoli,28-004,1995,13,6,510,5.7,0,0,0,0,0,0,2,0,0.3,0.3,0.1,0.4,2,23,5,0.00,0.00,0.00,0.00,0.00,0.05,0.02,0.07,0.05,0.07,Matches
49136c42,Andrew Gravillon,gp GLP,DF,Torino,25-031,1998,2,0,18,0.2,0,0,0,0,0,0,0,0,0.0,0.0,0.0,0.0,1,0,0,0.00,0.00,0.00,0.00,0.00,0.00,0.00,0.00,0.00,0.00,Matches
f1f1f238,Koray Günter,de GER,DF,Hellas Verona,28-207,1994,13,11,1003,11.1,1,0,1,1,0,0,3,0,0.9,0.9,0.9,1.9,7,36,3,0.09,0.00,0.09,0.09,0.09,0.08,0.08,0.17,0.08,0.17,Matches
f1f1f238,Koray Günter,de GER,MF,Sampdoria,28-207,1994,1,0,56,0.6,0,0,0,0,0,0,0,0,0.0,0.0,0.0,0.0,1,4,0,0.00,0.00,0.00,0.00,0.00,0.00,0.00,0.00,0.00,0.00,Matches
f9758dae,Emmanuel Gyasi,gh GHA,"FW,DF",Spezia,29-059,1994,23,23,1888,21.0,1,0,1,1,0,0,6,0,3.1,3.1,1.0,4.0,21,30,104,0.05,0.00,0.05,0.05,0.05,0.15,0.05,0.20,0.15,0.20,Matches
0be276c6,Norbert Gyömbér,sk SVK,DF,Salernitana,30-251,1992,17,13,974,10.8,0,0,0,0,0,0,3,0,0.3,0.3,0.0,0.4,5,32,1,0.00,0.00,0.00,0.00,0.00,0.03,0.00,0.03,0.03,0.03,Matches
9250bcff,Christian Gytkjær,dk DEN,FW,Monza,32-309,1990,17,3,487,5.4,1,0,1,1,0,0,0,0,2.7,2.7,0.3,3.0,1,5,27,0.18,0.00,0.18,0.18,0.18,0.51,0.05,0.56,0.51,0.56,Matches
fa449bba,Nicolas Haas,ch SUI,MF,Empoli,27-047,1996,17,10,934,10.4,1,0,1,1,0,0,2,0,1.2,1.2,0.6,1.7,9,28,18,0.10,0.00,0.10,0.10,0.10,0.11,0.05,0.16,0.11,0.16,Matches
74419746,Samir Handanović,si SVN,GK,Inter,38-240,1984,10,10,900,10.0,0,0,0,0,0,0,0,0,0.0,0.0,0.0,0.0,0,0,0,0.00,0.00,0.00,0.00,0.00,0.00,0.00,0.00,0.00,0.00,Matches
65fd099c,Abdou Harroui,nl NED,MF,Sassuolo,25-057,1998,15,2,322,3.6,1,0,1,1,0,0,1,0,0.6,0.6,0.0,0.6,7,16,16,0.28,0.00,0.28,0.28,0.28,0.16,0.01,0.16,0.16,0.16,Matches
3b333ac3,Hans Hateboer,nl NED,DF,Atalanta,29-061,1994,17,17,1397,15.5,1,1,2,1,0,0,7,0,1.3,1.3,1.5,2.8,16,56,73,0.06,0.06,0.13,0.06,0.13,0.08,0.10,0.18,0.08,0.18,Matches
d7918b13,Liam Henderson,sct SCO,MF,Empoli,26-320,1996,17,9,761,8.5,0,1,1,0,0,0,7,0,0.3,0.3,1.1,1.5,9,28,23,0.00,0.12,0.12,0.00,0.12,0.04,0.14,0.17,0.04,0.17,Matches
ffed43e3,Jack Hendry,sct SCO,DF,Cremonese,27-308,1995,4,2,220,2.4,0,0,0,0,0,0,1,0,0.0,0.0,0.0,0.0,1,9,0,0.00,0.00,0.00,0.00,0.00,0.00,0.01,0.01,0.00,0.01,Matches
a2d9f138,Matheus Henrique,br BRA,MF,Sassuolo,25-082,1997,17,10,1032,11.5,2,0,2,2,0,0,2,0,0.8,0.8,1.1,1.9,17,59,28,0.17,0.00,0.17,0.17,0.17,0.07,0.09,0.17,0.07,0.17,Matches
9ef42479,Thomas Henry,fr FRA,FW,Hellas Verona,28-172,1994,16,13,1029,11.4,2,0,2,2,0,0,4,0,1.7,1.7,1.1,2.8,3,18,58,0.17,0.00,0.17,0.17,0.17,0.15,0.09,0.24,0.15,0.24,Matches
d4c9725f,Theo Hernández,fr FRA,DF,Milan,25-156,1997,22,22,1919,21.3,3,3,6,2,1,1,5,0,3.6,2.8,2.8,5.7,73,75,93,0.14,0.14,0.28,0.09,0.23,0.17,0.13,0.30,0.13,0.27,Matches
12806697,Isak Hien,se SWE,DF,Hellas Verona,24-057,1999,22,18,1736,19.3,0,0,0,0,0,0,8,0,0.0,0.0,0.1,0.1,13,45,2,0.00,0.00,0.00,0.00,0.00,0.00,0.01,0.01,0.00,0.01,Matches
d4456fb3,Morten Hjulmand,dk DEN,MF,Lecce,23-259,1999,23,23,1984,22.0,0,4,4,0,0,0,6,1,0.3,0.3,1.9,2.2,7,104,6,0.00,0.18,0.18,0.00,0.18,0.02,0.08,0.10,0.02,0.10,Matches
c2357b65,Emil Holm,se SWE,DF,Spezia,22-302,2000,20,17,1393,15.5,1,1,2,1,0,0,4,0,1.2,1.2,1.3,2.5,40,40,82,0.06,0.06,0.13,0.06,0.13,0.08,0.08,0.16,0.08,0.16,Matches
b85bf253,Martin Hongla,cm CMR,MF,Hellas Verona,24-360,1998,9,6,523,5.8,0,0,0,0,0,0,4,0,0.2,0.2,0.3,0.5,6,24,10,0.00,0.00,0.00,0.00,0.00,0.03,0.05,0.08,0.03,0.08,Matches
d8800a46,Petko Hristov,bg BUL,DF,Spezia,24-010,1999,9,4,365,4.1,0,0,0,0,0,0,0,0,0.1,0.1,0.0,0.1,2,8,3,0.00,0.00,0.00,0.00,0.00,0.02,0.00,0.02,0.02,0.02,Matches
1f2d714c,Ajdin Hrustic,au AUS,MF,Hellas Verona,26-249,1996,6,3,226,2.5,0,0,0,0,0,0,0,0,0.3,0.3,0.6,0.9,7,8,12,0.00,0.00,0.00,0.00,0.00,0.13,0.24,0.37,0.13,0.37,Matches
2f3452eb,Elseid Hysaj,al ALB,DF,Lazio,29-019,1994,21,10,989,11.0,0,1,1,0,0,0,2,0,0.0,0.0,0.5,0.6,24,44,29,0.00,0.09,0.09,0.00,0.09,0.00,0.05,0.05,0.00,0.05,Matches
491a433d,Rasmus Højlund,dk DEN,FW,Atalanta,20-035,2003,21,13,1223,13.6,6,1,7,6,0,0,1,0,5.4,5.4,1.1,6.5,25,29,156,0.44,0.07,0.52,0.44,0.52,0.40,0.08,0.48,0.40,0.48,Matches
82efe6fa,Roger Ibanez,br BRA,DF,Roma,24-108,1998,24,24,2160,24.0,3,0,3,3,0,0,7,0,1.9,1.9,0.5,2.3,21,56,8,0.12,0.00,0.12,0.12,0.12,0.08,0.02,0.10,0.08,0.10,Matches
4cde5509,Zlatan Ibrahimović,se SWE,FW,Milan,41-159,1981,2,0,42,0.5,0,0,0,0,0,0,0,0,0.0,0.0,0.0,0.0,0,2,3,0.00,0.00,0.00,0.00,0.00,0.10,0.00,0.10,0.10,0.10,Matches
a4e85758,Igor,br BRA,DF,Fiorentina,25-032,1998,19,15,1362,15.1,0,0,0,0,0,0,8,1,0.5,0.5,0.5,0.9,14,55,2,0.00,0.00,0.00,0.00,0.00,0.03,0.03,0.06,0.03,0.06,Matches
42eaa028,Jonathan Ikone,fr FRA,FW,Fiorentina,24-313,1998,23,16,1440,16.0,2,3,5,2,0,0,3,0,2.3,2.3,2.5,4.7,58,47,126,0.12,0.19,0.31,0.12,0.31,0.14,0.15,0.30,0.14,0.30,Matches
bb376bed,Ivan Ilić,rs SRB,MF,Hellas Verona,21-359,2001,11,10,851,9.5,0,1,1,0,0,0,1,0,0.4,0.4,1.0,1.4,18,39,20,0.00,0.11,0.11,0.00,0.11,0.04,0.10,0.14,0.04,0.14,Matches
bb376bed,Ivan Ilić,rs SRB,MF,Torino,21-359,2001,3,3,269,3.0,0,1,1,0,0,0,0,0,0.0,0.0,0.1,0.1,2,16,7,0.00,0.33,0.33,0.00,0.33,0.01,0.04,0.05,0.01,0.05,Matches
ba492306,Samuel Iling-Junior,eng ENG,"DF,FW",Juventus,19-158,2003,7,0,115,1.3,0,1,1,0,0,0,1,0,0.0,0.0,0.0,0.1,6,4,9,0.00,0.78,0.78,0.00,0.78,0.01,0.04,0.05,0.01,0.05,Matches
a47c6309,Emirhan İlkhan,tr TUR,MF,Torino,18-283,2004,4,1,87,1.0,0,0,0,0,0,0,1,0,0.0,0.0,0.1,0.1,2,8,3,0.00,0.00,0.00,0.00,0.00,0.05,0.10,0.14,0.05,0.14,Matches
a47c6309,Emirhan İlkhan,tr TUR,MF,Sampdoria,18-283,2004,1,0,19,0.2,0,0,0,0,0,0,0,0,0.0,0.0,0.0,0.0,1,0,2,0.00,0.00,0.00,0.00,0.00,0.00,0.00,0.00,0.00,0.00,Matches
4431aed2,Ciro Immobile,it ITA,FW,Lazio,33-019,1990,20,18,1452,16.1,9,3,12,7,2,3,3,0,9.6,7.3,1.2,8.5,30,31,120,0.56,0.19,0.74,0.43,0.62,0.59,0.07,0.67,0.45,0.53,Matches
6b635f5c,Ardian Ismajli,al ALB,DF,Empoli,26-162,1996,18,17,1565,17.4,0,0,0,0,0,0,3,0,0.6,0.6,0.1,0.7,7,25,0,0.00,0.00,0.00,0.00,0.00,0.03,0.01,0.04,0.03,0.04,Matches
89976232,Armando Izzo,it ITA,DF,Monza,31-009,1992,18,17,1466,16.3,1,0,1,1,0,0,4,0,0.8,0.8,0.7,1.5,17,63,14,0.06,0.00,0.06,0.06,0.06,0.05,0.04,0.09,0.05,0.09,Matches
8c65eb5f,Mato Jajalo,ba BIH,MF,Udinese,34-290,1988,3,0,63,0.7,0,0,0,0,0,0,0,0,0.0,0.0,0.0,0.1,0,4,1,0.00,0.00,0.00,0.00,0.00,0.07,0.07,0.14,0.07,0.14,Matches
4a537185,Jesé,es ESP,FW,Sampdoria,30-013,1993,3,1,91,1.0,0,0,0,0,0,0,0,0,0.0,0.0,0.0,0.0,0,0,3,0.00,0.00,0.00,0.00,0.00,0.03,0.00,0.03,0.03,0.03,Matches
79083382,Juan Jesus,br BRA,DF,Napoli,31-274,1991,7,7,599,6.7,1,0,1,1,0,0,2,0,0.2,0.2,0.0,0.2,3,28,1,0.15,0.00,0.15,0.15,0.15,0.03,0.01,0.03,0.03,0.03,Matches
dc765618,Þórir Jóhann Helgason,is ISL,MF,Lecce,22-164,2000,8,2,162,1.8,0,0,0,0,0,0,0,0,0.1,0.1,0.3,0.4,1,2,0,0.00,0.00,0.00,0.00,0.00,0.03,0.19,0.22,0.03,0.22,Matches
4d8cd038,Luka Jović,rs SRB,"FW,MF",Fiorentina,25-078,1997,23,13,1140,12.7,4,0,4,4,0,1,2,0,5.2,4.4,0.6,5.0,4,17,51,0.32,0.00,0.32,0.32,0.32,0.41,0.05,0.46,0.34,0.40,Matches
570bb4b9,Hamed Junior Traorè,ci CIV,"MF,FW",Sassuolo,23-023,2000,11,6,591,6.6,0,3,3,0,0,0,1,0,1.0,1.0,1.8,2.7,14,26,36,0.00,0.46,0.46,0.00,0.46,0.15,0.27,0.41,0.15,0.41,Matches
f95f49d2,Yayah Kallon,sl SLE,"MF,FW",Hellas Verona,21-254,2001,18,6,720,8.0,1,1,2,1,0,0,1,0,1.5,1.5,1.4,2.9,29,18,52,0.12,0.12,0.25,0.12,0.25,0.19,0.18,0.36,0.19,0.36,Matches
85f7d1be,Pierre Kalulu,fr FRA,DF,Milan,22-279,2000,25,20,1940,21.6,1,0,1,1,0,0,3,0,1.4,1.4,1.0,2.4,29,86,21,0.05,0.00,0.05,0.05,0.05,0.06,0.05,0.11,0.06,0.11,Matches
8b66d9cc,Yann Karamoh,fr FRA,"MF,FW",Torino,24-246,1998,12,4,426,4.7,3,0,3,3,0,0,1,0,2.1,2.1,0.2,2.4,13,7,51,0.63,0.00,0.63,0.63,0.63,0.45,0.05,0.50,0.45,0.50,Matches
9f84febe,Rick Karsdorp,nl NED,DF,Roma,28-028,1995,12,8,666,7.4,0,0,0,0,0,0,0,0,0.3,0.3,1.2,1.5,16,24,33,0.00,0.00,0.00,0.00,0.00,0.03,0.17,0.20,0.03,0.20,Matches
7ae36711,Denso Kasius,nl NED,DF,Bologna,20-156,2002,7,4,342,3.8,0,2,2,0,0,0,1,0,0.1,0.1,0.7,0.8,9,9,21,0.00,0.53,0.53,0.00,0.53,0.03,0.18,0.21,0.03,0.21,Matches
2a82aa85,Grigoris Kastanos,cy CYP,"MF,DF",Salernitana,25-040,1998,15,4,473,5.3,1,0,1,1,0,0,3,0,0.6,0.6,0.3,1.0,11,23,27,0.19,0.00,0.19,0.19,0.19,0.12,0.06,0.18,0.12,0.18,Matches
3d50bcdb,Moise Kean,it ITA,FW,Juventus,23-011,2000,23,9,812,9.0,5,0,5,5,0,0,4,1,5.7,5.7,1.1,6.8,23,11,59,0.55,0.00,0.55,0.55,0.55,0.63,0.13,0.75,0.63,0.75,Matches
dc3e663e,Jakub Kiwior,pl POL,DF,Spezia,23-024,2000,17,17,1443,16.0,0,0,0,0,0,0,3,0,0.6,0.6,0.2,0.8,13,37,6,0.00,0.00,0.00,0.00,0.00,0.04,0.01,0.05,0.04,0.05,Matches
8b8a56ce,Simon Kjær,dk DEN,DF,Milan,33-350,1989,11,8,668,7.4,0,0,0,0,0,0,4,0,0.0,0.0,0.0,0.0,0,31,0,0.00,0.00,0.00,0.00,0.00,0.00,0.00,0.00,0.00,0.00,Matches
a26fb8aa,Teun Koopmeiners,nl NED,MF,Atalanta,25-011,1998,24,23,2048,22.8,6,3,9,4,2,4,5,0,5.8,2.4,3.0,5.5,41,145,68,0.26,0.13,0.40,0.18,0.31,0.25,0.13,0.39,0.11,0.24,Matches
b1cd37e6,Filip Kostić,rs SRB,"DF,FW",Juventus,30-130,1992,25,23,1820,20.2,2,7,9,2,0,0,3,0,1.9,1.9,5.4,7.4,71,58,147,0.10,0.35,0.45,0.10,0.45,0.10,0.27,0.36,0.10,0.36,Matches
58e933d2,Christian Kouamé,ci CIV,FW,Fiorentina,25-095,1997,20,17,1437,16.0,2,2,4,2,0,0,3,0,3.8,3.8,2.3,6.1,44,43,171,0.13,0.13,0.25,0.13,0.25,0.24,0.14,0.38,0.24,0.38,Matches
9d60028d,Viktor Kovalenko,ua UKR,MF,Spezia,27-025,1996,13,5,431,4.8,0,0,0,0,0,0,1,0,0.5,0.5,0.3,0.8,1,17,19,0.00,0.00,0.00,0.00,0.00,0.11,0.07,0.18,0.11,0.18,Matches
b804c280,Julian Kristoffersen,no NOR,FW,Salernitana,25-305,1997,1,0,18,0.2,0,0,0,0,0,0,0,0,0.0,0.0,0.0,0.0,0,0,2,0.00,0.00,0.00,0.00,0.00,0.00,0.00,0.00,0.00,0.00,Matches
b4101c2e,Raimonds Krollis,lv LVA,FW,Spezia,21-134,2001,1,0,15,0.2,0,0,0,0,0,0,0,0,0.1,0.1,0.0,0.1,1,1,1,0.00,0.00,0.00,0.00,0.00,0.31,0.00,0.31,0.31,0.31,Matches
817c6964,Rade Krunić,ba BIH,"MF,FW",Milan,29-155,1993,13,10,893,9.9,0,1,1,0,0,0,5,0,0.5,0.5,0.9,1.5,14,40,13,0.00,0.10,0.10,0.00,0.10,0.06,0.09,0.15,0.06,0.15,Matches
a40819d9,Marash Kumbulla,al ALB,DF,Roma,23-031,2000,5,3,201,2.2,0,0,0,0,0,0,1,0,0.0,0.0,0.1,0.1,1,6,0,0.00,0.00,0.00,0.00,0.00,0.01,0.04,0.05,0.01,0.05,Matches
dea88efd,Khvicha Kvaratskhelia,ge GEO,FW,Napoli,22-027,2001,21,20,1551,17.2,10,9,19,9,1,1,0,0,5.9,5.1,6.3,11.4,81,46,177,0.58,0.52,1.10,0.52,1.04,0.34,0.36,0.71,0.30,0.66,Matches
0a483542,Giorgos Kyriakopoulos,gr GRE,"FW,DF",Bologna,27-034,1996,5,1,142,1.6,0,0,0,0,0,0,0,0,0.0,0.0,0.1,0.1,4,9,20,0.00,0.00,0.00,0.00,0.00,0.01,0.05,0.06,0.01,0.06,Matches
0a483542,Giorgos Kyriakopoulos,gr GRE,"FW,DF",Sassuolo,27-034,1996,12,9,766,8.5,1,1,2,1,0,0,3,0,1.1,1.1,1.4,2.5,17,32,46,0.12,0.12,0.23,0.12,0.23,0.13,0.17,0.29,0.13,0.29,Matches
c283ddef,Sam Lammers,nl NED,FW,Sampdoria,25-315,1997,9,9,700,7.8,0,1,1,0,0,0,1,0,1.0,1.0,1.0,2.0,12,10,42,0.00,0.13,0.13,0.00,0.13,0.13,0.13,0.26,0.13,0.26,Matches
c283ddef,Sam Lammers,nl NED,FW,Empoli,25-315,1997,14,10,883,9.8,1,1,2,1,0,0,0,0,2.3,2.3,0.7,2.9,9,19,67,0.10,0.10,0.20,0.10,0.20,0.23,0.07,0.30,0.23,0.30,Matches
09538fdb,Kevin Lasagna,it ITA,"FW,MF",Hellas Verona,30-213,1992,21,13,1236,13.7,1,2,3,1,0,0,1,0,5.3,5.3,1.5,6.8,28,16,88,0.07,0.15,0.22,0.07,0.22,0.39,0.11,0.49,0.39,0.49,Matches
2d22cea7,Armand Lauriente,fr FRA,FW,Sassuolo,24-097,1998,18,18,1490,16.6,5,5,10,4,1,1,7,1,2.7,1.9,5.3,7.2,92,56,168,0.30,0.30,0.60,0.24,0.54,0.16,0.32,0.48,0.12,0.43,Matches
016ff750,Valentino Lazaro,at AUT,DF,Torino,26-352,1996,15,13,1065,11.8,0,2,2,0,0,0,4,0,0.4,0.4,2.3,2.7,38,58,70,0.00,0.17,0.17,0.00,0.17,0.03,0.19,0.23,0.03,0.23,Matches
93088fbb,Marko Lazetić,rs SRB,FW,Milan,19-048,2004,1,0,9,0.1,0,0,0,0,0,0,1,0,0.1,0.1,0.0,0.1,0,0,3,0.00,0.00,0.00,0.00,0.00,0.63,0.00,0.63,0.63,0.63,Matches
5128bde4,Darko Lazović,rs SRB,"DF,MF",Hellas Verona,32-177,1990,21,20,1638,18.2,3,4,7,3,0,0,0,0,2.8,2.8,4.7,7.5,58,60,132,0.16,0.22,0.38,0.16,0.38,0.15,0.26,0.41,0.15,0.41,Matches
02caf6e0,Manuel Lazzari,it ITA,DF,Lazio,29-102,1993,19,16,1301,14.5,0,0,0,0,0,0,5,0,0.1,0.1,0.5,0.7,62,39,47,0.00,0.00,0.00,0.00,0.00,0.01,0.04,0.05,0.01,0.05,Matches
20730eae,Rafael Leão,pt POR,"FW,MF",Milan,23-274,1999,23,19,1689,18.8,8,6,14,8,0,0,7,1,7.0,7.0,5.2,12.3,86,81,155,0.43,0.32,0.75,0.43,0.75,0.37,0.28,0.65,0.37,0.65,Matches
7d3cbc67,Mehdi Léris,dz ALG,"DF,MF",Sampdoria,24-292,1998,22,19,1625,18.1,0,1,1,0,0,0,11,0,2.1,2.1,1.1,3.2,36,40,109,0.00,0.06,0.06,0.00,0.06,0.12,0.06,0.18,0.12,0.18,Matches
d023d70f,Karol Linetty,pl POL,MF,Torino,28-037,1995,24,17,1493,16.6,1,0,1,1,0,0,6,0,0.9,0.9,0.8,1.7,21,58,29,0.06,0.00,0.06,0.06,0.06,0.05,0.05,0.10,0.05,0.10,Matches
a3695ac2,Marcin Listkowski,pl POL,"MF,FW",Lecce,25-029,1998,5,0,77,0.9,0,0,0,0,0,0,0,0,0.1,0.1,0.0,0.1,6,1,4,0.00,0.00,0.00,0.00,0.00,0.06,0.00,0.06,0.06,0.06,Matches
bba30585,Diego Llorente,es ESP,DF,Roma,29-207,1993,1,0,1,0.0,0,0,0,0,0,0,0,0,0.0,0.0,0.0,0.0,0,0,0,0.00,0.00,0.00,0.00,0.00,0.00,0.00,0.00,0.00,0.00,Matches
e1cbb531,Stanislav Lobotka,sk SVK,MF,Napoli,28-106,1994,25,23,2091,23.2,1,1,2,1,0,0,1,0,0.4,0.4,0.7,1.2,29,113,25,0.04,0.04,0.09,0.04,0.09,0.02,0.03,0.05,0.02,0.05,Matches
a8a874f1,Manuel Locatelli,it ITA,MF,Juventus,25-062,1998,21,20,1656,18.4,0,0,0,0,0,0,6,0,1.0,1.0,0.9,1.9,19,89,22,0.00,0.00,0.00,0.00,0.00,0.06,0.05,0.10,0.06,0.10,Matches
c8ad0857,Luka Lochoshvili,ge GEO,DF,Cremonese,24-286,1998,16,14,1197,13.3,0,1,1,0,0,0,3,0,0.3,0.3,1.0,1.3,14,61,4,0.00,0.08,0.08,0.00,0.08,0.02,0.08,0.10,0.02,0.10,Matches
7c104bb7,Ademola Lookman,ng NGA,"FW,MF",Atalanta,25-142,1997,24,19,1519,16.9,12,4,16,9,3,3,2,0,8.0,5.7,5.6,11.3,65,64,160,0.71,0.24,0.95,0.53,0.77,0.48,0.33,0.81,0.34,0.67,Matches
20094685,Maxime Lopez,fr FRA,MF,Sassuolo,25-097,1997,18,14,1361,15.1,0,0,0,0,0,0,7,0,0.6,0.6,1.5,2.1,32,123,23,0.00,0.00,0.00,0.00,0.00,0.04,0.10,0.14,0.04,0.14,Matches
5fa57166,Matteo Lovato,it ITA,DF,Salernitana,23-025,2000,9,4,410,4.6,0,0,0,0,0,0,0,0,0.0,0.0,0.0,0.0,1,7,1,0.00,0.00,0.00,0.00,0.00,0.00,0.00,0.00,0.00,0.00,Matches
966eea58,Sandi Lovrić,si SVN,MF,Udinese,24-348,1998,24,16,1360,15.1,3,2,5,3,0,0,3,0,2.4,2.4,1.9,4.3,27,70,60,0.20,0.13,0.33,0.20,0.33,0.16,0.13,0.28,0.16,0.28,Matches
a69e4806,Hirving Lozano,mx MEX,FW,Napoli,27-224,1995,24,14,1215,13.5,3,3,6,2,1,1,3,0,4.7,3.9,2.9,6.8,68,42,145,0.22,0.22,0.44,0.15,0.37,0.35,0.21,0.56,0.29,0.51,Matches
80490d7f,Jhon Lucumí,co COL,DF,Bologna,24-258,1998,21,21,1820,20.2,0,1,1,0,0,0,6,0,0.5,0.5,0.2,0.7,17,50,3,0.00,0.05,0.05,0.00,0.05,0.03,0.01,0.04,0.03,0.04,Matches
921f6058,José Luis Palomino,ar ARG,DF,Atalanta,33-065,1990,8,5,415,4.6,1,0,1,1,0,0,0,0,0.2,0.2,0.3,0.5,3,18,2,0.22,0.00,0.22,0.22,0.22,0.04,0.06,0.10,0.04,0.10,Matches
5eae500a,Romelu Lukaku,be BEL,FW,Inter,29-302,1993,14,8,698,7.8,3,1,4,1,2,2,1,0,2.6,1.8,1.1,2.9,6,14,61,0.39,0.13,0.52,0.13,0.26,0.38,0.16,0.54,0.26,0.43,Matches
c6e8cf1f,Saša Lukić,rs SRB,MF,Torino,26-210,1996,16,13,1195,13.3,2,0,2,1,1,1,4,0,1.7,0.9,1.4,2.3,26,44,33,0.15,0.00,0.15,0.08,0.08,0.13,0.11,0.23,0.07,0.18,Matches
997fff07,Sebastiano Luperto,it ITA,DF,Empoli,26-186,1996,23,23,1984,22.0,1,0,1,1,0,0,3,2,0.6,0.6,0.6,1.2,11,50,3,0.05,0.00,0.05,0.05,0.05,0.03,0.03,0.06,0.03,0.06,Matches
5efc5389,Charalambos Lykogiannis,gr GRE,DF,Bologna,29-140,1993,17,11,984,10.9,1,0,1,1,0,0,3,0,0.6,0.6,1.3,1.9,29,52,38,0.09,0.00,0.09,0.09,0.09,0.05,0.12,0.17,0.05,0.17,Matches
957e4c87,Giulio Maggiore,it ITA,MF,Salernitana,24-364,1998,12,9,724,8.0,0,0,0,0,0,0,2,0,0.5,0.5,0.5,1.0,5,49,11,0.00,0.00,0.00,0.00,0.00,0.07,0.06,0.12,0.07,0.12,Matches
cce9f582,Giangiacomo Magnani,it ITA,DF,Hellas Verona,27-158,1995,13,8,715,7.9,0,0,0,0,0,0,4,1,0.3,0.3,0.1,0.4,1,13,0,0.00,0.00,0.00,0.00,0.00,0.04,0.01,0.05,0.04,0.05,Matches
fcb38f57,Mike Maignan,fr FRA,GK,Milan,27-251,1995,9,9,810,9.0,0,0,0,0,0,0,0,0,0.0,0.0,0.0,0.0,0,0,0,0.00,0.00,0.00,0.00,0.00,0.00,0.00,0.00,0.00,0.00,Matches
22bfb57e,Jean-Victor Makengo,fr FRA,MF,Udinese,24-272,1998,16,11,805,8.9,0,1,1,0,0,0,2,0,0.4,0.4,0.5,0.8,18,36,31,0.00,0.11,0.11,0.00,0.11,0.04,0.05,0.09,0.04,0.09,Matches
2bffcbf2,Lorenzo Malagrida,it ITA,"DF,MF",Sampdoria,19-138,2003,2,0,40,0.4,0,0,0,0,0,0,2,0,0.1,0.1,0.0,0.1,0,1,2,0.00,0.00,0.00,0.00,0.00,0.18,0.00,0.18,0.18,0.18,Matches
801831fe,Daniel Maldini,it ITA,"FW,MF",Spezia,21-151,2001,13,1,395,4.4,2,0,2,2,0,0,0,0,0.7,0.7,0.1,0.8,7,5,21,0.46,0.00,0.46,0.46,0.46,0.19,0.03,0.22,0.19,0.22,Matches
4c8845f7,Youssef Maleh,it ITA,MF,Fiorentina,24-201,1998,7,4,297,3.3,0,0,0,0,0,0,2,0,0.6,0.6,0.6,1.2,3,11,17,0.00,0.00,0.00,0.00,0.00,0.17,0.20,0.36,0.17,0.36,Matches
4c8845f7,Youssef Maleh,it ITA,MF,Lecce,24-201,1998,8,5,383,4.3,0,0,0,0,0,0,2,0,0.3,0.3,0.1,0.4,5,10,11,0.00,0.00,0.00,0.00,0.00,0.07,0.03,0.10,0.07,0.10,Matches
48d5bd33,Ruslan Malinovskyi,ua UKR,"MF,FW",Atalanta,29-311,1993,15,5,553,6.1,1,2,3,1,0,0,2,0,0.6,0.6,2.0,2.6,19,50,36,0.16,0.33,0.49,0.16,0.49,0.10,0.33,0.43,0.10,0.43,Matches
5aa53281,Gianluca Mancini,it ITA,DF,Roma,26-328,1996,25,25,2091,23.2,1,2,3,1,0,0,4,0,1.4,1.4,1.3,2.6,12,62,11,0.04,0.09,0.13,0.04,0.13,0.06,0.05,0.11,0.06,0.11,Matches
c7259b83,Rolando Mandragora,it ITA,MF,Fiorentina,25-255,1997,18,13,1186,13.2,1,2,3,1,0,0,5,0,1.0,1.0,2.2,3.2,14,92,37,0.08,0.15,0.23,0.08,0.23,0.08,0.17,0.25,0.08,0.25,Matches
f794b426,Federico Marchetti,it ITA,GK,Spezia,40-032,1983,1,0,66,0.7,0,0,0,0,0,0,0,1,0.0,0.0,0.0,0.0,0,0,0,0.00,0.00,0.00,0.00,0.00,0.00,0.00,0.00,0.00,0.00,Matches
91d0fabf,Riccardo Marchizza,it ITA,DF,Sassuolo,24-350,1998,5,2,173,1.9,0,1,1,0,0,0,0,0,0.0,0.0,0.4,0.4,2,7,8,0.00,0.52,0.52,0.00,0.52,0.00,0.19,0.19,0.00,0.19,Matches
8650af85,Gian Marco Ferrari,it ITA,DF,Sassuolo,31-024,1992,21,17,1534,17.0,1,0,1,1,0,0,5,0,1.1,1.1,0.0,1.1,8,55,1,0.06,0.00,0.06,0.06,0.06,0.07,0.00,0.07,0.07,0.07,Matches
aa54ec6f,Pablo Marí,es ESP,DF,Monza,29-192,1993,18,16,1492,16.6,1,0,1,1,0,0,3,0,0.4,0.4,0.0,0.4,2,35,1,0.06,0.00,0.06,0.06,0.06,0.02,0.00,0.03,0.02,0.03,Matches
7fac99d4,Răzvan Marin,ro ROU,MF,Empoli,26-292,1996,24,19,1773,19.7,2,2,4,2,0,0,6,0,1.0,1.0,1.9,2.9,27,80,17,0.10,0.10,0.20,0.10,0.20,0.05,0.10,0.15,0.05,0.15,Matches
cdf65d12,Marlon,br BRA,DF,Monza,27-185,1995,19,15,1215,13.5,0,0,0,0,0,0,5,0,0.1,0.1,0.3,0.4,14,48,10,0.00,0.00,0.00,0.00,0.00,0.01,0.02,0.03,0.01,0.03,Matches
ea468ea8,Luca Marrone,it ITA,DF,Monza,32-348,1990,2,2,135,1.5,0,0,0,0,0,0,0,0,0.1,0.1,0.0,0.1,0,4,0,0.00,0.00,0.00,0.00,0.00,0.07,0.00,0.07,0.07,0.07,Matches
f7036e1c,Lautaro Martínez,ar ARG,FW,Inter,25-201,1997,26,23,2040,22.7,14,3,17,13,1,2,2,0,11.5,10.7,3.5,14.2,37,63,127,0.62,0.13,0.75,0.57,0.71,0.53,0.16,0.69,0.49,0.66,Matches
3ec3c1c9,Lucas Martínez Quarta,ar ARG,DF,Fiorentina,26-305,1996,18,16,1451,16.1,1,1,2,1,0,0,3,0,2.1,2.1,0.4,2.5,16,81,5,0.06,0.06,0.12,0.06,0.12,0.13,0.02,0.15,0.13,0.15,Matches
d4535821,Adam Marušić,me MNE,DF,Lazio,30-145,1992,25,24,2188,24.3,0,2,2,0,0,0,5,0,0.7,0.7,1.2,1.8,34,89,37,0.00,0.08,0.08,0.00,0.08,0.03,0.05,0.08,0.03,0.08,Matches
de0f152c,Adam Masina,ma MAR,DF,Udinese,29-068,1994,7,5,480,5.3,1,0,1,1,0,0,1,0,0.0,0.0,0.1,0.1,3,13,2,0.19,0.00,0.19,0.19,0.19,0.01,0.02,0.03,0.01,0.03,Matches
eb7822d7,Nemanja Matić,rs SRB,MF,Roma,34-222,1988,24,12,1341,14.9,1,1,2,1,0,0,3,0,0.7,0.7,1.2,1.9,35,84,13,0.07,0.07,0.13,0.07,0.13,0.05,0.08,0.13,0.05,0.13,Matches
3318286e,Luís Maximiano,pt POR,GK,Lazio,24-065,1999,1,1,5,0.1,0,0,0,0,0,0,0,1,0.0,0.0,0.0,0.0,0,0,0,0.00,0.00,0.00,0.00,0.00,0.00,0.00,0.00,0.00,0.00,Matches
eb0ec070,Pasquale Mazzocchi,it ITA,DF,Salernitana,27-227,1995,17,15,1271,14.1,2,2,4,2,0,0,2,0,0.9,0.9,2.3,3.3,48,40,74,0.14,0.14,0.28,0.14,0.28,0.07,0.17,0.23,0.07,0.23,Matches
01c3aff5,Weston McKennie,us USA,"MF,DF",Juventus,24-195,1998,15,13,1052,11.7,1,1,2,1,0,0,0,0,0.9,0.9,0.7,1.6,19,39,54,0.09,0.09,0.17,0.09,0.17,0.08,0.06,0.14,0.08,0.14,Matches
563a68ad,Gary Medel,cl CHI,"MF,DF",Bologna,35-220,1987,20,16,1295,14.4,0,1,1,0,0,0,5,0,0.1,0.1,0.3,0.3,1,49,5,0.00,0.07,0.07,0.00,0.07,0.00,0.02,0.02,0.00,0.02,Matches
5cec2c74,Soualiho Meïté,fr FRA,MF,Cremonese,28-359,1994,18,16,1284,14.3,0,1,1,0,0,0,5,0,0.3,0.3,0.3,0.6,13,53,16,0.00,0.07,0.07,0.00,0.07,0.02,0.02,0.04,0.02,0.04,Matches
9413b19f,Alex Meret,it ITA,GK,Napoli,25-354,1997,25,25,2250,25.0,0,0,0,0,0,0,0,0,0.0,0.0,0.0,0.0,0,0,0,0.00,0.00,0.00,0.00,0.00,0.00,0.00,0.00,0.00,0.00,Matches
c730da00,Yıldırım Mert Çetin,tr TUR,DF,Lecce,26-069,1997,1,1,20,0.2,0,0,0,0,0,0,0,0,0.0,0.0,0.0,0.0,0,0,0,0.00,0.00,0.00,0.00,0.00,0.00,0.00,0.00,0.00,0.00,Matches
f49c4ae9,Junior Messias,br BRA,"FW,DF",Milan,31-302,1991,18,14,1103,12.3,4,2,6,4,0,0,2,0,1.9,1.9,0.5,2.5,30,38,91,0.33,0.16,0.49,0.33,0.49,0.16,0.04,0.20,0.16,0.20,Matches
b2561711,Tommaso Milanese,it ITA,MF,Cremonese,20-223,2002,2,0,27,0.3,0,0,0,0,0,0,0,0,0.0,0.0,0.2,0.2,2,2,1,0.00,0.00,0.00,0.00,0.00,0.00,0.63,0.63,0.00,0.63,Matches
bee704fc,Nikola Milenković,rs SRB,DF,Fiorentina,25-150,1997,18,16,1417,15.7,2,1,3,2,0,0,2,0,1.7,1.7,0.5,2.2,7,55,2,0.13,0.06,0.19,0.13,0.19,0.11,0.03,0.14,0.11,0.14,Matches
85613cf0,Arkadiusz Milik,pl POL,FW,Juventus,29-011,1994,17,10,986,11.0,6,1,7,6,0,0,3,1,4.2,4.2,1.1,5.3,8,20,53,0.55,0.09,0.64,0.55,0.64,0.39,0.10,0.49,0.39,0.49,Matches
4e6dbac4,Sergej Milinković-Savić,rs SRB,MF,Lazio,28-012,1995,23,22,1920,21.3,4,8,12,4,0,0,7,0,2.9,2.9,6.1,9.1,33,113,77,0.19,0.37,0.56,0.19,0.56,0.14,0.29,0.42,0.14,0.42,Matches
9fa26bc2,Vanja Milinković-Savić,rs SRB,GK,Torino,26-019,1997,25,25,2250,25.0,0,0,0,0,0,0,2,0,0.0,0.0,0.0,0.0,0,0,0,0.00,0.00,0.00,0.00,0.00,0.00,0.00,0.00,0.00,0.00,Matches
e0f8151c,Kim Min-jae,kr KOR,DF,Napoli,26-116,1996,24,24,2115,23.5,2,1,3,2,0,0,4,0,1.0,1.0,1.6,2.6,23,111,6,0.09,0.04,0.13,0.09,0.13,0.04,0.07,0.11,0.04,0.11,Matches
a9aa0d1d,Aleksei Miranchuk,ru RUS,MF,Torino,27-145,1995,19,17,1432,15.9,4,3,7,4,0,0,0,0,2.3,2.3,3.1,5.4,35,75,76,0.25,0.19,0.44,0.25,0.44,0.15,0.19,0.34,0.15,0.34,Matches
34693494,Fabio Miretti,it ITA,"MF,FW",Juventus,19-220,2003,18,9,829,9.2,0,1,1,0,0,0,1,0,1.4,1.4,1.0,2.4,21,35,67,0.00,0.11,0.11,0.00,0.11,0.15,0.10,0.26,0.15,0.26,Matches
dd0daf32,Henrikh Mkhitaryan,am ARM,MF,Inter,34-049,1989,23,18,1518,16.9,3,1,4,3,0,0,3,0,1.6,1.6,1.9,3.5,35,95,53,0.18,0.06,0.24,0.18,0.24,0.10,0.12,0.22,0.10,0.22,Matches
54ab971f,Salvatore Molina,it ITA,DF,Monza,31-069,1992,5,1,229,2.5,0,0,0,0,0,0,1,0,0.0,0.0,0.1,0.1,9,7,22,0.00,0.00,0.00,0.00,0.00,0.02,0.04,0.05,0.02,0.05,Matches
ca73910d,Daniele Montevago,it ITA,FW,Sampdoria,19-358,2003,6,3,231,2.6,0,0,0,0,0,0,1,0,0.5,0.5,0.2,0.7,1,0,10,0.00,0.00,0.00,0.00,0.00,0.19,0.09,0.28,0.19,0.28,Matches
c1d95617,Lorenzo Montipò,it ITA,GK,Hellas Verona,27-019,1996,24,24,2160,24.0,0,0,0,0,0,0,0,0,0.0,0.0,0.0,0.0,0,0,0,0.00,0.00,0.00,0.00,0.00,0.00,0.00,0.00,0.00,0.00,Matches
ff579c7e,Nikola Moro,hr CRO,MF,Bologna,24-364,1998,13,5,541,6.0,0,2,2,0,0,0,0,0,0.3,0.3,0.7,1.0,8,43,19,0.00,0.33,0.33,0.00,0.33,0.04,0.12,0.17,0.04,0.17,Matches
efc9e31f,Dany Mota,pt POR,"FW,MF",Monza,24-313,1998,18,12,1146,12.7,3,0,3,3,0,0,1,0,3.7,3.7,1.4,5.1,41,19,99,0.24,0.00,0.24,0.24,0.24,0.29,0.11,0.40,0.29,0.40,Matches
a0aee24e,João Moutinho,pt POR,"DF,FW",Spezia,25-058,1998,4,0,58,0.6,0,0,0,0,0,0,0,0,0.0,0.0,0.0,0.0,0,1,2,0.00,0.00,0.00,0.00,0.00,0.00,0.05,0.05,0.00,0.05,Matches
1295552e,Mert Müldür,tr TUR,DF,Sassuolo,23-342,1999,1,1,6,0.1,0,0,0,0,0,0,0,0,0.0,0.0,0.0,0.0,0,0,0,0.00,0.00,0.00,0.00,0.00,0.00,0.00,0.00,0.00,0.00,Matches
eb2fe5b6,Luis Muriel,co COL,FW,Atalanta,31-329,1991,16,6,652,7.2,1,2,3,0,1,1,2,2,1.4,0.7,2.5,3.1,38,43,77,0.14,0.28,0.41,0.00,0.28,0.20,0.34,0.54,0.09,0.43,Matches
b233e8e4,Jeison Murillo,co COL,DF,Sampdoria,30-288,1992,13,10,820,9.1,0,0,0,0,0,0,3,0,0.0,0.0,0.0,0.0,8,31,3,0.00,0.00,0.00,0.00,0.00,0.00,0.00,0.00,0.00,0.00,Matches
d183e9d6,Nicola Murru,it ITA,DF,Sampdoria,28-085,1994,12,3,474,5.3,0,0,0,0,0,0,2,0,0.0,0.0,0.1,0.1,4,17,9,0.00,0.00,0.00,0.00,0.00,0.01,0.01,0.02,0.01,0.02,Matches
a111cf41,Juan Musso,ar ARG,GK,Atalanta,28-309,1994,19,19,1627,18.1,0,0,0,0,0,0,1,0,0.0,0.0,0.1,0.1,0,0,0,0.00,0.00,0.00,0.00,0.00,0.00,0.00,0.00,0.00,0.00,Matches
c459a650,Joakim Mæhle,dk DEN,"DF,MF",Atalanta,25-295,1997,22,15,1320,14.7,2,1,3,2,0,0,3,1,2.9,2.9,1.9,4.8,52,93,133,0.14,0.07,0.20,0.14,0.20,0.19,0.13,0.33,0.19,0.33,Matches
599d91d0,Michel Ndary Adopo,fr FRA,"MF,DF",Torino,22-235,2000,7,3,245,2.7,0,0,0,0,0,0,1,0,0.1,0.1,0.0,0.1,2,8,3,0.00,0.00,0.00,0.00,0.00,0.03,0.02,0.04,0.03,0.04,Matches
5cdddffa,Tanguy Ndombele,fr FRA,MF,Napoli,26-073,1996,23,6,576,6.4,0,0,0,0,0,0,3,0,0.5,0.5,0.4,1.0,16,47,27,0.00,0.00,0.00,0.00,0.00,0.08,0.07,0.15,0.08,0.15,Matches
b1236c63,Ilija Nestorovski,mk MKD,"FW,MF",Udinese,32-364,1990,11,0,116,1.3,1,1,2,1,0,0,2,0,0.3,0.3,0.3,0.6,0,5,4,0.78,0.78,1.55,0.78,1.55,0.20,0.27,0.48,0.20,0.48,Matches
2b8360f1,Cyril Ngonge,be BEL,"MF,FW",Hellas Verona,22-289,2000,6,5,316,3.5,2,0,2,2,0,0,1,0,1.0,1.0,0.3,1.3,8,11,16,0.57,0.00,0.57,0.57,0.57,0.29,0.08,0.38,0.29,0.38,Matches
b136c945,Hans Nicolussi Caviglia,it ITA,MF,Salernitana,22-266,2000,7,5,456,5.1,1,0,1,1,0,0,1,0,0.1,0.1,0.0,0.1,2,17,1,0.20,0.00,0.20,0.20,0.20,0.02,0.01,0.03,0.02,0.03,Matches
cf961d8d,Dimitris Nikolaou,gr GRE,DF,Spezia,24-210,1998,24,23,2049,22.8,0,0,0,0,0,0,8,1,0.3,0.3,0.5,0.7,16,74,7,0.00,0.00,0.00,0.00,0.00,0.01,0.02,0.03,0.01,0.03,Matches
e33f36d5,Bram Nuytinck,nl NED,DF,Udinese,32-311,1990,6,3,385,4.3,0,0,0,0,0,0,1,0,0.0,0.0,0.0,0.0,1,4,0,0.00,0.00,0.00,0.00,0.00,0.01,0.00,0.01,0.01,0.01,Matches
e33f36d5,Bram Nuytinck,nl NED,DF,Sampdoria,32-311,1990,10,10,815,9.1,0,0,0,0,0,0,3,0,0.2,0.2,0.0,0.2,2,13,0,0.00,0.00,0.00,0.00,0.00,0.03,0.00,0.03,0.03,0.03,Matches
a4948e67,M'Bala Nzola,ao ANG,FW,Spezia,26-205,1996,22,21,1897,21.1,12,2,14,9,3,3,4,0,8.2,6.6,1.5,8.1,30,37,144,0.57,0.09,0.66,0.43,0.52,0.41,0.08,0.48,0.33,0.40,Matches
ba1e04b3,Pedro Obiang,gq EQG,MF,Sassuolo,30-349,1992,14,9,679,7.5,0,1,1,0,0,0,2,0,0.3,0.3,0.2,0.4,0,27,2,0.00,0.13,0.13,0.00,0.13,0.04,0.02,0.06,0.04,0.06,Matches
1e9bde92,Guillermo Ochoa,mx MEX,GK,Salernitana,37-241,1985,8,8,720,8.0,0,0,0,0,0,0,0,0,0.0,0.0,0.0,0.0,0,0,0,0.00,0.00,0.00,0.00,0.00,0.00,0.00,0.00,0.00,0.00,Matches
d125f22f,David Okereke,ng NGA,"FW,MF",Cremonese,25-194,1997,23,20,1678,18.6,5,0,5,4,1,1,4,0,3.6,2.8,1.0,3.8,38,60,112,0.27,0.00,0.27,0.21,0.21,0.19,0.05,0.25,0.15,0.21,Matches
8ec109e6,Caleb Okoli,it ITA,DF,Atalanta,21-241,2001,13,9,845,9.4,0,0,0,0,0,0,3,0,0.3,0.3,0.0,0.3,2,13,3,0.00,0.00,0.00,0.00,0.00,0.03,0.00,0.03,0.03,0.03,Matches
41c12f75,Mathías Olivera,uy URU,DF,Napoli,25-131,1997,19,7,751,8.3,1,1,2,1,0,0,1,0,0.4,0.4,1.3,1.7,33,42,37,0.12,0.12,0.24,0.12,0.24,0.05,0.15,0.20,0.05,0.20,Matches
e9c0c1b2,André Onana,cm CMR,GK,Inter,26-343,1996,16,16,1440,16.0,0,0,0,0,0,0,1,0,0.0,0.0,0.0,0.0,0,2,0,0.00,0.00,0.00,0.00,0.00,0.00,0.00,0.00,0.00,0.00,Matches
43a166b4,Divock Origi,be BEL,FW,Milan,27-327,1995,17,6,654,7.3,2,1,3,2,0,0,1,0,1.4,1.4,0.9,2.3,12,9,53,0.28,0.14,0.41,0.28,0.41,0.19,0.12,0.31,0.19,0.31,Matches
e14ec482,Riccardo Orsolini,it ITA,FW,Bologna,26-046,1997,22,16,1507,16.7,7,3,10,6,1,1,3,1,6.5,5.7,2.0,7.7,38,48,143,0.42,0.18,0.60,0.36,0.54,0.39,0.12,0.51,0.34,0.46,Matches
8c90fd7a,Victor Osimhen,ng NGA,FW,Napoli,24-072,1998,21,20,1748,19.4,19,3,22,19,0,0,3,0,14.7,14.7,1.8,16.5,30,18,120,0.98,0.15,1.13,0.98,1.13,0.76,0.09,0.85,0.76,0.85,Matches
ea02beaf,Remi Oudin,fr FRA,FW,Lecce,26-113,1996,18,2,413,4.6,0,0,0,0,0,0,1,0,0.4,0.4,0.5,0.9,9,24,26,0.00,0.00,0.00,0.00,0.00,0.08,0.12,0.20,0.08,0.20,Matches
ed90babd,Adam Ounas,dz ALG,FW,Napoli,26-120,1996,2,0,15,0.2,0,0,0,0,0,0,0,0,0.0,0.0,0.0,0.0,3,4,1,0.00,0.00,0.00,0.00,0.00,0.23,0.00,0.23,0.23,0.23,Matches
8daee720,Simone Pafundi,it ITA,MF,Udinese,17-025,2006,2,0,11,0.1,0,0,0,0,0,0,0,0,0.0,0.0,0.0,0.0,0,1,1,0.00,0.00,0.00,0.00,0.00,0.23,0.00,0.23,0.23,0.23,Matches
3d6cee81,Flavio Paoletti,it ITA,MF,Sampdoria,20-054,2003,5,0,88,1.0,0,0,0,0,0,0,0,0,0.0,0.0,0.0,0.0,4,4,3,0.00,0.00,0.00,0.00,0.00,0.00,0.04,0.04,0.00,0.04,Matches
dff153a4,Leandro Paredes,ar ARG,MF,Juventus,28-255,1994,16,5,590,6.6,0,0,0,0,0,0,2,0,0.3,0.3,0.7,1.0,7,40,8,0.00,0.00,0.00,0.00,0.00,0.05,0.10,0.15,0.05,0.15,Matches
0967845b,Fabiano Parisi,it ITA,DF,Empoli,22-122,2000,22,22,1866,20.7,2,0,2,2,0,0,6,1,1.5,1.5,1.2,2.7,61,100,41,0.10,0.00,0.10,0.10,0.10,0.07,0.06,0.13,0.07,0.13,Matches
e599253a,Mario Pašalić,hr CRO,"MF,FW",Atalanta,28-030,1995,20,12,1051,11.7,2,2,4,2,0,0,2,0,2.9,2.9,1.7,4.6,11,56,51,0.17,0.17,0.34,0.17,0.34,0.25,0.15,0.39,0.25,0.39,Matches
f7223718,Patric,es ESP,DF,Lazio,29-328,1993,14,12,1075,11.9,0,0,0,0,0,0,1,0,0.0,0.0,0.0,0.1,0,22,2,0.00,0.00,0.00,0.00,0.00,0.00,0.00,0.01,0.00,0.01,Matches
79b0d6a0,Rui Patrício,pt POR,GK,Roma,35-024,1988,25,25,2250,25.0,0,0,0,0,0,0,1,0,0.0,0.0,0.0,0.0,0,0,0,0.00,0.00,0.00,0.00,0.00,0.00,0.00,0.00,0.00,0.00,Matches
3ca7254a,Pedro,es ESP,FW,Lazio,35-226,1987,23,11,1284,14.3,3,2,5,3,0,0,1,0,2.3,2.3,1.5,3.8,48,40,103,0.21,0.14,0.35,0.21,0.35,0.16,0.10,0.27,0.16,0.27,Matches
f058ed1f,Gianluca Pegolo,it ITA,GK,Sassuolo,41-351,1981,2,2,180,2.0,0,0,0,0,0,0,0,0,0.0,0.0,0.0,0.0,0,0,0,0.00,0.00,0.00,0.00,0.00,0.00,0.00,0.00,0.00,0.00,Matches
a44d3a3c,Pietro Pellegri,it ITA,FW,Torino,21-359,2001,11,4,369,4.1,1,0,1,1,0,0,2,0,0.4,0.4,0.5,0.9,2,5,25,0.24,0.00,0.24,0.24,0.24,0.10,0.11,0.21,0.10,0.21,Matches
4a5a45c7,Lorenzo Pellegrini,it ITA,MF,Roma,26-265,1996,21,21,1757,19.5,2,5,7,0,2,3,2,0,5.4,3.0,5.0,8.0,45,74,81,0.10,0.26,0.36,0.00,0.26,0.28,0.26,0.53,0.15,0.41,Matches
7afb1573,Pepín,gq EQG,MF,Monza,26-209,1996,14,8,752,8.4,0,1,1,0,0,0,4,0,0.4,0.4,1.1,1.5,14,53,24,0.00,0.12,0.12,0.00,0.12,0.04,0.14,0.18,0.04,0.18,Matches
75f2c59f,Roberto Pereyra,ar ARG,"DF,MF",Udinese,32-063,1991,22,21,1767,19.6,3,6,9,3,0,0,4,0,3.1,3.1,3.4,6.5,48,104,140,0.15,0.31,0.46,0.15,0.46,0.16,0.17,0.33,0.16,0.33,Matches
f7c491f1,Nehuén Pérez,ar ARG,DF,Udinese,22-260,2000,22,22,1838,20.4,1,0,1,1,0,0,4,1,0.9,0.9,0.4,1.2,21,84,24,0.05,0.00,0.05,0.05,0.05,0.04,0.02,0.06,0.04,0.06,Matches
b9e11c1d,Simone Perilli,it ITA,GK,Hellas Verona,28-063,1995,1,1,90,1.0,0,0,0,0,0,0,0,0,0.0,0.0,0.0,0.0,0,0,0,0.00,0.00,0.00,0.00,0.00,0.00,0.00,0.00,0.00,0.00,Matches
4c62d0c8,Mattia Perin,it ITA,GK,Juventus,30-121,1992,8,7,678,7.5,0,0,0,0,0,0,0,0,0.0,0.0,0.0,0.0,0,1,0,0.00,0.00,0.00,0.00,0.00,0.00,0.00,0.00,0.00,0.00,Matches
00a17eba,Samuele Perisan,it ITA,GK,Empoli,25-202,1997,1,1,90,1.0,0,0,0,0,0,0,0,0,0.0,0.0,0.0,0.0,0,0,0,0.00,0.00,0.00,0.00,0.00,0.00,0.00,0.00,0.00,0.00,Matches
780e3631,Matteo Pessina,it ITA,MF,Monza,25-324,1997,23,22,1883,20.9,3,2,5,1,2,2,4,0,3.3,1.7,1.4,3.1,56,130,63,0.14,0.10,0.24,0.05,0.14,0.16,0.07,0.22,0.08,0.15,Matches
03f946ed,Andrea Petagna,it ITA,FW,Monza,27-254,1995,20,13,1092,12.1,2,4,6,1,1,1,1,0,3.5,2.7,3.0,5.7,16,21,86,0.16,0.33,0.49,0.08,0.41,0.29,0.25,0.54,0.22,0.47,Matches
149c5f5d,Giuseppe Pezzella,it ITA,DF,Lecce,25-102,1997,11,8,737,8.2,0,1,1,0,0,0,1,0,0.1,0.1,0.5,0.6,18,53,30,0.00,0.12,0.12,0.00,0.12,0.01,0.06,0.07,0.01,0.07,Matches
17f3620a,Krzysztof Piątek,pl POL,FW,Salernitana,27-253,1995,21,16,1438,16.0,3,2,5,2,1,1,4,0,6.4,5.7,1.2,6.9,22,25,86,0.19,0.13,0.31,0.13,0.25,0.40,0.08,0.47,0.36,0.43,Matches
1cadaf34,Roberto Piccoli,it ITA,FW,Hellas Verona,22-043,2001,7,2,192,2.1,0,0,0,0,0,0,0,0,0.4,0.4,0.2,0.6,2,0,8,0.00,0.00,0.00,0.00,0.00,0.19,0.08,0.27,0.19,0.27,Matches
1cadaf34,Roberto Piccoli,it ITA,"FW,MF",Empoli,22-043,2001,5,1,134,1.5,0,0,0,0,0,0,0,0,0.4,0.4,0.0,0.4,2,2,12,0.00,0.00,0.00,0.00,0.00,0.28,0.00,0.28,0.28,0.28,Matches
f71ad8cb,Charles Pickel,ch SUI,MF,Cremonese,25-300,1997,23,21,1712,19.0,1,0,1,1,0,0,7,0,1.3,1.3,1.0,2.3,10,82,41,0.05,0.00,0.05,0.05,0.05,0.07,0.05,0.12,0.07,0.12,Matches
08aa9cd1,Andrea Pinamonti,it ITA,FW,Sassuolo,23-296,1999,21,17,1473,16.4,3,0,3,2,1,1,2,0,4.6,3.8,1.1,4.9,10,19,112,0.18,0.00,0.18,0.12,0.12,0.28,0.07,0.35,0.23,0.30,Matches
caec77da,Lorenzo Pirola,it ITA,DF,Salernitana,21-019,2002,13,10,923,10.3,0,0,0,0,0,0,3,0,0.4,0.4,0.5,0.9,8,22,1,0.00,0.00,0.00,0.00,0.00,0.04,0.05,0.09,0.04,0.09,Matches
2c38b327,Marko Pjaca,hr CRO,"MF,FW",Empoli,27-309,1995,12,5,442,4.9,0,0,0,0,0,0,0,0,0.6,0.6,0.3,0.9,18,16,25,0.00,0.00,0.00,0.00,0.00,0.13,0.06,0.19,0.13,0.19,Matches
55a1cac2,Tommaso Pobega,it ITA,MF,Milan,23-239,1999,13,6,574,6.4,1,0,1,1,0,0,2,0,0.8,0.8,0.2,1.0,7,18,17,0.16,0.00,0.16,0.16,0.16,0.12,0.03,0.15,0.12,0.15,Matches
867239d3,Paul Pogba,fr FRA,"MF,DF",Juventus,29-361,1993,2,0,36,0.4,0,0,0,0,0,0,0,0,0.1,0.1,0.0,0.1,1,0,5,0.00,0.00,0.00,0.00,0.00,0.26,0.00,0.26,0.26,0.26,Matches
5e861944,Matteo Politano,it ITA,FW,Napoli,29-220,1993,21,11,904,10.0,3,3,6,1,2,3,1,0,3.8,1.4,3.2,4.6,64,54,112,0.30,0.30,0.60,0.10,0.40,0.38,0.32,0.69,0.14,0.46,Matches
2a6cd437,Marin Pongračić,hr CRO,DF,Lecce,25-181,1997,9,9,790,8.8,0,0,0,0,0,0,2,0,0.0,0.0,0.1,0.1,3,19,1,0.00,0.00,0.00,0.00,0.00,0.00,0.01,0.01,0.00,0.01,Matches
7f609bfc,Stefan Posch,at AUT,DF,Bologna,25-301,1997,18,18,1538,17.1,4,1,5,4,0,0,1,0,1.5,1.5,1.4,2.9,28,96,38,0.23,0.06,0.29,0.23,0.29,0.09,0.08,0.17,0.09,0.17,Matches
277da414,Ivan Provedel,it ITA,GK,Lazio,28-359,1994,25,24,2243,24.9,0,0,0,0,0,0,0,0,0.0,0.0,0.0,0.0,0,0,0,0.00,0.00,0.00,0.00,0.00,0.00,0.00,0.00,0.00,0.00,Matches
62437b4f,Ignacio Pussetto,ar ARG,"MF,DF",Sampdoria,27-080,1995,5,1,152,1.7,0,0,0,0,0,0,1,0,0.2,0.2,0.2,0.3,2,1,17,0.00,0.00,0.00,0.00,0.00,0.09,0.11,0.20,0.09,0.20,Matches
88f53b75,Niklas Pyyhtiä,fi FIN,MF,Bologna,19-167,2003,3,0,37,0.4,0,0,0,0,0,0,0,0,0.1,0.1,0.0,0.1,1,0,3,0.00,0.00,0.00,0.00,0.00,0.22,0.00,0.22,0.22,0.22,Matches
ee4f2f3b,Fabio Quagliarella,it ITA,FW,Sampdoria,40-039,1983,17,2,396,4.4,0,0,0,0,0,0,2,0,1.6,1.6,0.3,1.9,3,14,42,0.00,0.00,0.00,0.00,0.00,0.37,0.06,0.44,0.37,0.44,Matches
1b9c7401,Giacomo Quagliata,it ITA,DF,Cremonese,23-020,2000,13,4,493,5.5,0,0,0,0,0,0,0,0,0.5,0.5,0.4,0.9,13,23,37,0.00,0.00,0.00,0.00,0.00,0.09,0.07,0.16,0.09,0.16,Matches
8794e251,Adrien Rabiot,fr FRA,MF,Juventus,27-342,1995,21,20,1758,19.5,5,2,7,5,0,0,4,0,3.5,3.5,1.5,5.0,34,85,59,0.26,0.10,0.36,0.26,0.36,0.18,0.08,0.26,0.18,0.26,Matches
0630eb63,Nemanja Radonjić,rs SRB,"MF,FW",Torino,27-024,1996,22,10,974,10.8,2,1,3,2,0,0,1,0,3.0,3.0,1.5,4.5,55,28,113,0.18,0.09,0.28,0.18,0.28,0.28,0.14,0.42,0.28,0.42,Matches
023937a9,Ivan Radovanović,rs SRB,"MF,DF",Salernitana,34-194,1988,10,7,671,7.5,0,0,0,0,0,0,1,1,0.2,0.2,0.0,0.2,2,16,2,0.00,0.00,0.00,0.00,0.00,0.03,0.00,0.03,0.03,0.03,Matches
67f649be,Ionuț Radu,ro ROU,GK,Cremonese,25-287,1997,9,9,810,9.0,0,0,0,0,0,0,0,0,0.0,0.0,0.4,0.4,0,0,0,0.00,0.00,0.00,0.00,0.00,0.00,0.04,0.04,0.00,0.04,Matches
ce1a6c7e,Antonio Raimondo,it ITA,FW,Bologna,18-358,2004,2,0,15,0.2,0,0,0,0,0,0,0,0,0.0,0.0,0.0,0.0,1,0,1,0.00,0.00,0.00,0.00,0.00,0.00,0.00,0.00,0.00,0.00,Matches
8c63fae5,Luca Ranieri,it ITA,DF,Fiorentina,23-322,1999,4,3,282,3.1,0,0,0,0,0,0,0,0,0.0,0.0,0.0,0.0,2,5,0,0.00,0.00,0.00,0.00,0.00,0.00,0.01,0.01,0.00,0.01,Matches
539230cf,Andrea Ranocchia,it ITA,DF,Monza,35-023,1988,1,1,47,0.5,0,0,0,0,0,0,0,0,0.0,0.0,0.0,0.0,0,0,0,0.00,0.00,0.00,0.00,0.00,0.00,0.00,0.00,0.00,0.00,Matches
d9ebed1c,Filippo Ranocchia,it ITA,MF,Monza,21-301,2001,13,5,504,5.6,1,0,1,1,0,0,1,0,1.0,1.0,0.4,1.4,11,24,12,0.18,0.00,0.18,0.18,0.18,0.19,0.07,0.25,0.19,0.25,Matches
6e058f06,Giacomo Raspadori,it ITA,"FW,MF",Napoli,23-021,2000,15,7,580,6.4,1,0,1,1,0,0,1,0,2.4,2.4,0.6,3.0,8,17,52,0.16,0.00,0.16,0.16,0.16,0.38,0.09,0.47,0.38,0.47,Matches
6e058f06,Giacomo Raspadori,it ITA,FW,Sassuolo,23-021,2000,1,0,45,0.5,0,0,0,0,0,0,0,0,0.0,0.0,0.0,0.0,0,2,4,0.00,0.00,0.00,0.00,0.00,0.00,0.00,0.00,0.00,0.00,Matches
536cebe5,Ante Rebić,hr CRO,"FW,MF",Milan,29-171,1993,16,6,594,6.6,3,2,5,3,0,0,4,0,2.4,2.4,1.6,4.0,11,17,47,0.45,0.30,0.76,0.45,0.76,0.36,0.25,0.61,0.36,0.61,Matches
6213fd82,Arkadiusz Reca,pl POL,DF,Spezia,27-267,1995,21,19,1610,17.9,1,1,2,1,0,0,5,0,0.7,0.7,1.1,1.8,64,58,66,0.06,0.06,0.11,0.06,0.11,0.04,0.06,0.10,0.04,0.10,Matches
4bd00a50,Panagiotis Retsos,gr GRE,DF,Hellas Verona,24-214,1998,2,1,122,1.4,0,0,0,0,0,0,0,0,0.1,0.1,0.0,0.1,2,2,0,0.00,0.00,0.00,0.00,0.00,0.05,0.02,0.06,0.05,0.06,Matches
f61c7c4e,Franck Ribéry,fr FRA,MF,Salernitana,39-338,1983,1,0,37,0.4,0,0,0,0,0,0,0,0,0.0,0.0,0.0,0.0,1,1,4,0.00,0.00,0.00,0.00,0.00,0.00,0.00,0.00,0.00,0.00,Matches
9823be92,Samuele Ricci,it ITA,MF,Torino,21-202,2001,16,13,1214,13.5,1,1,2,1,0,0,5,0,0.7,0.7,1.0,1.8,25,64,13,0.07,0.07,0.15,0.07,0.15,0.05,0.08,0.13,0.05,0.13,Matches
f1cfc209,Tomás Rincón,ve VEN,MF,Sampdoria,35-057,1988,22,18,1568,17.4,0,2,2,0,0,0,4,1,0.5,0.5,1.1,1.6,22,85,33,0.00,0.11,0.11,0.00,0.11,0.03,0.06,0.09,0.03,0.09,Matches
1d4e63b6,Pablo Rodríguez,es ESP,"FW,MF",Lecce,21-219,2001,4,0,54,0.6,0,0,0,0,0,0,0,0,0.0,0.0,0.0,0.0,2,3,7,0.00,0.00,0.00,0.00,0.00,0.00,0.04,0.04,0.00,0.04,Matches
7f78ad23,Ricardo Rodríguez,ch SUI,DF,Torino,30-198,1992,22,17,1610,17.9,0,0,0,0,0,0,1,0,0.3,0.3,1.0,1.3,23,86,22,0.00,0.00,0.00,0.00,0.00,0.01,0.06,0.07,0.01,0.07,Matches
10e7f486,Rogério,br BRA,DF,Sassuolo,25-057,1998,23,22,1918,21.3,0,2,2,0,0,0,5,0,0.4,0.4,1.1,1.5,58,110,60,0.00,0.09,0.09,0.00,0.09,0.02,0.05,0.07,0.02,0.07,Matches
3ead85f9,Alessio Romagnoli,it ITA,DF,Lazio,28-058,1995,22,21,1862,20.7,1,0,1,1,0,0,1,0,0.5,0.5,0.1,0.6,3,35,2,0.05,0.00,0.05,0.05,0.05,0.02,0.01,0.03,0.02,0.03,Matches
09899de8,Simone Romagnoli,it ITA,DF,Lecce,33-030,1990,1,0,26,0.3,0,0,0,0,0,0,0,0,0.0,0.0,0.0,0.0,0,1,0,0.00,0.00,0.00,0.00,0.00,0.00,0.00,0.00,0.00,0.00,Matches
ca6edaa0,Luka Romero,ar ARG,FW,Lazio,18-113,2004,6,1,151,1.7,1,0,1,1,0,0,0,0,0.9,0.9,0.1,0.9,4,4,21,0.60,0.00,0.60,0.60,0.60,0.52,0.04,0.55,0.52,0.55,Matches
2a1beb34,Marten de Roon,nl NED,MF,Atalanta,31-347,1991,22,21,1794,19.9,0,1,1,0,0,0,5,0,0.6,0.6,0.4,0.9,8,88,11,0.00,0.05,0.05,0.00,0.05,0.03,0.02,0.05,0.03,0.05,Matches
e58cbfd5,Nicolò Rovella,it ITA,MF,Monza,21-097,2001,14,12,1038,11.5,0,0,0,0,0,0,3,1,0.5,0.5,1.0,1.5,15,65,12,0.00,0.00,0.00,0.00,0.00,0.04,0.09,0.13,0.04,0.13,Matches
e58cbfd5,Nicolò Rovella,it ITA,MF,Juventus,21-097,2001,3,0,27,0.3,0,0,0,0,0,0,1,0,0.1,0.1,0.0,0.1,1,1,2,0.00,0.00,0.00,0.00,0.00,0.30,0.00,0.30,0.30,0.30,Matches
4b3e1a38,Amir Rrahmani,xk KVX,DF,Napoli,29-015,1994,18,17,1566,17.4,1,1,2,1,0,0,1,0,1.4,1.4,0.7,2.2,11,77,2,0.06,0.06,0.11,0.06,0.11,0.08,0.04,0.12,0.08,0.12,Matches
a378a02a,Ruan,br BRA,DF,Sassuolo,23-277,1999,12,10,866,9.6,0,0,0,0,0,0,4,1,0.4,0.4,0.0,0.4,2,8,1,0.00,0.00,0.00,0.00,0.00,0.05,0.00,0.05,0.05,0.05,Matches
14b8fcdf,Daniele Rugani,it ITA,DF,Juventus,28-225,1994,4,4,348,3.9,0,0,0,0,0,0,0,0,0.3,0.3,0.0,0.3,2,5,0,0.00,0.00,0.00,0.00,0.00,0.08,0.00,0.08,0.08,0.08,Matches
ae9898c5,Matteo Ruggeri,it ITA,"DF,MF",Atalanta,20-243,2002,12,5,559,6.2,0,0,0,0,0,0,1,0,0.4,0.4,0.4,0.8,13,37,42,0.00,0.00,0.00,0.00,0.00,0.06,0.07,0.13,0.06,0.13,Matches
0b5a292a,Mário Rui,pt POR,DF,Napoli,31-288,1991,19,18,1495,16.6,0,6,6,0,0,0,2,1,0.5,0.5,3.5,4.1,48,132,80,0.00,0.36,0.36,0.00,0.36,0.03,0.21,0.24,0.03,0.24,Matches
4830e0af,Abdelhamid Sabiri,ma MAR,MF,Sampdoria,26-103,1996,16,12,1006,11.2,2,0,2,1,1,2,4,0,2.9,1.3,1.4,2.7,6,48,53,0.18,0.00,0.18,0.09,0.09,0.26,0.13,0.39,0.11,0.24,Matches
ee251371,Alexis Saelemaekers,be BEL,"FW,DF",Milan,23-257,1999,17,8,733,8.1,0,2,2,0,0,0,1,0,0.7,0.7,1.1,1.9,25,25,67,0.00,0.25,0.25,0.00,0.25,0.09,0.14,0.23,0.09,0.23,Matches
da5a981b,Jacopo Sala,it ITA,MF,Spezia,31-096,1991,6,1,112,1.2,0,0,0,0,0,0,1,0,0.0,0.0,0.0,0.0,2,6,3,0.00,0.00,0.00,0.00,0.00,0.00,0.01,0.01,0.00,0.01,Matches
217c93a1,Lazar Samardzic,de GER,MF,Udinese,21-015,2002,24,8,973,10.8,4,2,6,4,0,0,0,0,1.9,1.9,2.6,4.5,22,64,34,0.37,0.18,0.55,0.37,0.55,0.18,0.24,0.41,0.18,0.41,Matches
24eb7ed6,Junior Sambia,fr FRA,DF,Salernitana,26-185,1996,14,5,477,5.3,0,0,0,0,0,0,2,0,0.5,0.5,0.8,1.3,16,24,20,0.00,0.00,0.00,0.00,0.00,0.10,0.15,0.24,0.10,0.24,Matches
0a447501,Antonio Sanabria,py PAR,FW,Torino,27-007,1996,20,15,1358,15.1,6,2,8,5,1,1,4,0,5.6,4.8,2.0,6.8,8,27,82,0.40,0.13,0.53,0.33,0.46,0.37,0.13,0.50,0.32,0.45,Matches
4295f19c,Leandro Sanca,pt POR,"FW,MF",Spezia,23-066,2000,4,0,32,0.4,0,0,0,0,0,0,0,0,0.0,0.0,0.0,0.0,1,0,3,0.00,0.00,0.00,0.00,0.00,0.00,0.00,0.00,0.00,0.00,Matches
0d82903c,Alex Sandro,br BRA,DF,Juventus,32-044,1991,21,17,1455,16.2,0,1,1,0,0,0,4,1,0.2,0.2,0.9,1.1,40,85,20,0.00,0.06,0.06,0.00,0.06,0.01,0.05,0.07,0.01,0.07,Matches
7eb97a8e,Nicola Sansone,it ITA,FW,Bologna,31-182,1991,10,5,421,4.7,1,0,1,1,0,0,2,0,1.6,1.6,0.0,1.6,14,6,42,0.21,0.00,0.21,0.21,0.21,0.34,0.01,0.35,0.34,0.35,Matches
3bb7af3b,Riccardo Saponara,it ITA,FW,Fiorentina,31-080,1991,20,8,801,8.9,2,2,4,2,0,0,3,0,1.4,1.4,2.9,4.4,38,38,89,0.22,0.22,0.45,0.22,0.45,0.16,0.33,0.49,0.16,0.49,Matches
86383d0e,Martin Satriano,uy URU,FW,Empoli,22-019,2001,23,18,1437,16.0,2,1,3,2,0,0,3,0,3.3,3.3,1.2,4.5,26,19,106,0.13,0.06,0.19,0.13,0.19,0.21,0.07,0.28,0.21,0.28,Matches
1e9aa637,Giorgio Scalvini,it ITA,DF,Atalanta,19-090,2003,19,16,1314,14.6,2,0,2,2,0,0,5,0,1.0,1.0,0.1,1.1,12,92,15,0.14,0.00,0.14,0.14,0.14,0.07,0.01,0.07,0.07,0.07,Matches
2cfae697,Jerdy Schouten,nl NED,MF,Bologna,26-058,1997,21,17,1490,16.6,0,2,2,0,0,0,3,0,0.3,0.3,1.1,1.4,6,73,15,0.00,0.12,0.12,0.00,0.12,0.02,0.07,0.09,0.02,0.09,Matches
e613313c,Perr Schuurs,nl NED,DF,Torino,23-105,1999,19,18,1446,16.1,0,2,2,0,0,0,4,0,0.4,0.4,0.4,0.7,7,39,0,0.00,0.12,0.12,0.00,0.12,0.02,0.02,0.05,0.02,0.05,Matches
16463a79,Demba Seck,sn SEN,"FW,MF",Torino,22-029,2001,13,5,382,4.2,0,0,0,0,0,0,0,0,0.4,0.4,0.2,0.6,17,12,35,0.00,0.00,0.00,0.00,0.00,0.09,0.05,0.15,0.09,0.15,Matches
3cb132e6,Jacopo Segre,it ITA,DF,Torino,26-022,1997,1,0,21,0.2,0,0,0,0,0,0,0,0,0.0,0.0,0.0,0.0,0,0,0,0.00,0.00,0.00,0.00,0.00,0.00,0.00,0.00,0.00,0.00,Matches
b6baba31,Vivaldo Semedo,pt POR,FW,Udinese,18-042,2005,1,0,1,0.0,0,0,0,0,0,0,0,0,0.0,0.0,0.0,0.0,0,0,0,0.00,0.00,0.00,0.00,0.00,0.00,0.00,0.00,0.00,0.00,Matches
b70bde8f,Stefano Sensi,it ITA,MF,Monza,27-218,1995,18,15,1152,12.8,2,0,2,2,0,0,5,0,0.7,0.7,1.0,1.8,18,114,18,0.16,0.00,0.16,0.16,0.16,0.06,0.08,0.14,0.06,0.14,Matches
343f753a,Luigi Sepe,it ITA,GK,Salernitana,31-307,1991,17,17,1530,17.0,0,0,0,0,0,0,3,0,0.0,0.0,0.0,0.0,0,0,0,0.00,0.00,0.00,0.00,0.00,0.00,0.00,0.00,0.00,0.00,Matches
dd7febd8,Leonardo Sernicola,it ITA,DF,Cremonese,25-224,1997,21,19,1684,18.7,1,1,2,1,0,0,6,0,1.0,1.0,1.1,2.2,46,49,75,0.05,0.05,0.11,0.05,0.11,0.05,0.06,0.11,0.05,0.11,Matches
d3aaad90,Stephan El Shaarawy,it ITA,"DF,MF",Roma,30-135,1992,18,6,823,9.1,3,0,3,3,0,0,2,0,3.3,3.3,0.7,4.0,34,37,65,0.33,0.00,0.33,0.33,0.33,0.36,0.08,0.43,0.36,0.43,Matches
57469b2d,Eldor Shomurodov,uz UZB,FW,Spezia,27-255,1995,6,4,345,3.8,0,0,0,0,0,0,1,0,1.2,1.2,0.5,1.7,2,10,18,0.00,0.00,0.00,0.00,0.00,0.37,0.15,0.52,0.37,0.52,Matches
57469b2d,Eldor Shomurodov,uz UZB,FW,Roma,27-255,1995,6,1,119,1.3,0,0,0,0,0,0,0,0,0.6,0.6,0.0,0.6,3,4,15,0.00,0.00,0.00,0.00,0.00,0.45,0.00,0.45,0.45,0.45,Matches
0d422df7,Marco Silvestri,it ITA,GK,Udinese,32-009,1991,25,25,2250,25.0,0,0,0,0,0,0,0,0,0.0,0.0,0.0,0.0,0,0,0,0.00,0.00,0.00,0.00,0.00,0.00,0.00,0.00,0.00,0.00,Matches
343c0d52,Giovanni Simeone,ar ARG,FW,Napoli,27-249,1995,15,0,202,2.2,3,0,3,3,0,0,1,0,0.7,0.7,0.8,1.4,9,8,23,1.34,0.00,1.34,1.34,1.34,0.30,0.34,0.64,0.30,0.64,Matches
8b609c34,Wilfried Singo,ci CIV,DF,Torino,22-076,2000,19,13,1257,14.0,1,1,2,1,0,0,3,0,1.3,1.3,0.8,2.1,30,45,60,0.07,0.07,0.14,0.07,0.14,0.09,0.06,0.15,0.09,0.15,Matches
b35a7399,Leo Skiri Østigård,no NOR,DF,Napoli,23-103,1999,4,2,220,2.4,0,0,0,0,0,0,1,0,0.0,0.0,0.0,0.0,3,9,1,0.00,0.00,0.00,0.00,0.00,0.01,0.00,0.01,0.01,0.01,Matches
ab4449d6,Łukasz Skorupski,pl POL,GK,Bologna,31-310,1991,25,25,2250,25.0,0,0,0,0,0,0,3,0,0.0,0.0,0.0,0.0,0,0,0,0.00,0.00,0.00,0.00,0.00,0.00,0.00,0.00,0.00,0.00,Matches
30f5ffa9,Milan Škriniar,sk SVK,DF,Inter,28-028,1995,21,20,1769,19.7,0,0,0,0,0,0,5,1,0.8,0.8,0.3,1.1,16,81,10,0.00,0.00,0.00,0.00,0.00,0.04,0.01,0.05,0.04,0.05,Matches
b6964eb6,Chris Smalling,eng ENG,DF,Roma,33-109,1989,24,23,2133,23.7,3,0,3,3,0,0,5,0,1.2,1.2,0.2,1.4,4,33,7,0.13,0.00,0.13,0.13,0.13,0.05,0.01,0.06,0.05,0.06,Matches
78f13530,Ola Solbakken,no NOR,"MF,FW",Roma,24-185,1998,5,1,104,1.2,1,0,1,1,0,0,0,0,0.3,0.3,0.0,0.3,2,6,15,0.87,0.00,0.87,0.87,0.87,0.23,0.00,0.23,0.23,0.23,Matches
28f66c2e,Brandon Soppy,fr FRA,DF,Udinese,21-018,2002,1,1,90,1.0,0,0,0,0,0,0,1,0,0.1,0.1,0.2,0.3,4,4,4,0.00,0.00,0.00,0.00,0.00,0.07,0.19,0.27,0.07,0.27,Matches
28f66c2e,Brandon Soppy,fr FRA,DF,Atalanta,21-018,2002,11,7,568,6.3,0,3,3,0,0,0,2,0,0.3,0.3,1.3,1.6,22,30,32,0.00,0.48,0.48,0.00,0.48,0.05,0.20,0.25,0.05,0.25,Matches
9d4c45d6,Roberto Soriano,it ITA,"FW,MF",Bologna,32-031,1991,23,14,1228,13.6,1,3,4,1,0,0,1,0,0.6,0.6,2.5,3.1,27,55,61,0.07,0.22,0.29,0.07,0.29,0.04,0.18,0.23,0.04,0.23,Matches
50841bef,Joaquin Sosa,uy URU,DF,Bologna,21-060,2002,9,6,598,6.6,0,0,0,0,0,0,2,0,0.0,0.0,0.0,0.0,5,8,1,0.00,0.00,0.00,0.00,0.00,0.00,0.00,0.00,0.00,0.00,Matches
94816803,Riccardo Sottil,it ITA,FW,Fiorentina,23-281,1999,8,5,433,4.8,0,2,2,0,0,0,1,0,0.6,0.6,0.9,1.5,36,18,72,0.00,0.42,0.42,0.00,0.42,0.12,0.19,0.31,0.12,0.31,Matches
c13ddd3e,Matìas Soulé,ar ARG,"MF,DF",Juventus,19-330,2003,9,2,238,2.6,0,0,0,0,0,0,0,0,0.3,0.3,0.4,0.6,9,8,27,0.00,0.00,0.00,0.00,0.00,0.10,0.14,0.24,0.10,0.24,Matches
7b075c75,Adama Soumaoro,fr FRA,DF,Bologna,30-266,1992,15,14,1232,13.7,0,0,0,0,0,0,5,1,0.3,0.3,0.0,0.3,6,29,1,0.00,0.00,0.00,0.00,0.00,0.02,0.00,0.02,0.02,0.02,Matches
3626daea,Leonardo Spinazzola,it ITA,DF,Roma,29-351,1993,16,12,1077,12.0,1,2,3,1,0,0,1,0,0.9,0.9,1.2,2.1,68,36,58,0.08,0.17,0.25,0.08,0.25,0.08,0.10,0.17,0.08,0.17,Matches
ac4003af,Marco Sportiello,it ITA,GK,Atalanta,30-305,1992,7,6,623,6.9,0,0,0,0,0,0,0,0,0.0,0.0,0.0,0.0,0,2,0,0.00,0.00,0.00,0.00,0.00,0.00,0.00,0.00,0.00,0.00,Matches
13b44b02,Petar Stojanović,si SVN,DF,Empoli,27-155,1995,20,14,1288,14.3,0,1,1,0,0,0,3,0,0.2,0.2,1.0,1.2,40,78,38,0.00,0.07,0.07,0.00,0.07,0.02,0.07,0.08,0.02,0.08,Matches
674cfc5a,Gabriel Strefezza,br BRA,"FW,MF",Lecce,25-327,1997,23,20,1604,17.8,7,1,8,6,1,1,3,0,3.4,2.7,2.3,4.9,49,62,110,0.39,0.06,0.45,0.34,0.39,0.19,0.13,0.32,0.15,0.28,Matches
2cb9486d,Dávid Strelec,sk SVK,FW,Spezia,21-341,2001,7,1,169,1.9,0,0,0,0,0,0,0,0,0.5,0.5,0.1,0.6,2,1,14,0.00,0.00,0.00,0.00,0.00,0.28,0.05,0.33,0.28,0.33,Matches
f573a8bf,Isaac Success,ng NGA,FW,Udinese,27-063,1996,25,16,1456,16.2,0,5,5,0,0,0,3,0,2.7,2.7,3.4,6.1,28,44,174,0.00,0.31,0.31,0.00,0.31,0.16,0.21,0.37,0.16,0.37,Matches
230c3f3a,Ibrahim Sulemana,gh GHA,MF,Hellas Verona,19-293,2003,11,3,357,4.0,0,0,0,0,0,0,3,0,0.3,0.3,0.2,0.5,3,11,5,0.00,0.00,0.00,0.00,0.00,0.08,0.05,0.13,0.08,0.13,Matches
01b8a2b2,Wojciech Szczęsny,pl POL,GK,Juventus,32-327,1990,18,18,1572,17.5,0,0,0,0,0,0,0,0,0.0,0.0,0.0,0.0,0,0,0,0.00,0.00,0.00,0.00,0.00,0.00,0.00,0.00,0.00,0.00,Matches
eb3022c3,Benjamin Tahirovic,se SWE,MF,Roma,20-008,2003,5,1,136,1.5,0,0,0,0,0,0,1,0,0.0,0.0,0.1,0.1,0,1,2,0.00,0.00,0.00,0.00,0.00,0.00,0.05,0.05,0.00,0.05,Matches
8da74c05,Adrien Tameze,cm CMR,MF,Hellas Verona,29-035,1994,24,22,1922,21.4,0,0,0,0,0,0,2,0,0.7,0.7,0.6,1.4,17,77,38,0.00,0.00,0.00,0.00,0.00,0.03,0.03,0.07,0.03,0.07,Matches
b056e3da,Ciprian Tătărușanu,ro ROU,GK,Milan,37-030,1986,16,16,1440,16.0,0,1,1,0,0,0,0,0,0.0,0.0,0.5,0.5,0,0,0,0.00,0.06,0.06,0.00,0.06,0.00,0.03,0.03,0.00,0.03,Matches
5cbb5ad6,Filippo Terracciano,it ITA,"DF,MF",Hellas Verona,20-031,2003,13,4,534,5.9,0,0,0,0,0,0,1,0,0.1,0.1,0.9,1.0,11,24,17,0.00,0.00,0.00,0.00,0.00,0.02,0.15,0.17,0.02,0.17,Matches
e1b0a70d,Pietro Terracciano,it ITA,GK,Fiorentina,33-003,1990,22,22,1980,22.0,0,0,0,0,0,0,1,0,0.0,0.0,0.0,0.0,0,0,0,0.00,0.00,0.00,0.00,0.00,0.00,0.00,0.00,0.00,0.00,Matches
3ef0a2d7,Aleksa Terzić,rs SRB,DF,Fiorentina,23-206,1999,14,4,503,5.6,0,0,0,0,0,0,0,0,0.2,0.2,1.1,1.3,27,27,36,0.00,0.00,0.00,0.00,0.00,0.04,0.19,0.23,0.04,0.23,Matches
2b9fdeea,Florian Thauvin,fr FRA,FW,Udinese,30-044,1993,5,1,175,1.9,0,0,0,0,0,0,0,0,0.2,0.2,0.3,0.5,8,9,16,0.00,0.00,0.00,0.00,0.00,0.08,0.16,0.25,0.08,0.25,Matches
ff5ea0bf,Malick Thiaw,de GER,DF,Milan,21-215,2001,9,6,504,5.6,0,0,0,0,0,0,3,0,0.4,0.4,0.2,0.6,1,11,2,0.00,0.00,0.00,0.00,0.00,0.08,0.03,0.10,0.08,0.10,Matches
76ff8d0d,Kristian Thorstvedt,no NOR,MF,Sassuolo,23-363,1999,22,11,944,10.5,2,1,3,2,0,0,4,0,1.9,1.9,0.7,2.6,26,47,47,0.19,0.10,0.29,0.19,0.29,0.18,0.07,0.25,0.18,0.25,Matches
a96e5dc0,Jeremy Toljan,de GER,DF,Sassuolo,28-215,1994,19,18,1679,18.7,0,1,1,0,0,0,2,0,0.4,0.4,2.1,2.5,31,94,65,0.00,0.05,0.05,0.00,0.05,0.02,0.11,0.13,0.02,0.13,Matches
c56dc39e,Rafael Tolói,it ITA,DF,Atalanta,32-152,1990,20,20,1718,19.1,1,1,2,1,0,0,4,0,2.2,2.2,1.0,3.2,15,91,23,0.05,0.05,0.10,0.05,0.10,0.12,0.05,0.17,0.12,0.17,Matches
7edfbb8a,Fikayo Tomori,eng ENG,DF,Milan,25-082,1997,22,21,1847,20.5,1,0,1,1,0,0,2,0,1.2,1.2,0.4,1.6,18,74,8,0.05,0.00,0.05,0.05,0.05,0.06,0.02,0.08,0.06,0.08,Matches
0db169ae,Sandro Tonali,it ITA,MF,Milan,22-307,2000,22,20,1833,20.4,2,4,6,2,0,0,6,0,2.0,2.0,3.1,5.2,40,86,50,0.10,0.20,0.29,0.10,0.29,0.10,0.15,0.25,0.10,0.25,Matches
7ed4921e,William Troost-Ekong,ng NGA,DF,Salernitana,29-191,1993,3,3,262,2.9,0,0,0,0,0,0,0,0,0.0,0.0,0.0,0.0,0,4,0,0.00,0.00,0.00,0.00,0.00,0.00,0.00,0.00,0.00,0.00,Matches
0588a092,Frank Tsadjout,it ITA,"FW,MF",Cremonese,23-226,1999,11,6,484,5.4,2,1,3,2,0,0,1,0,1.1,1.1,0.3,1.3,5,10,29,0.37,0.19,0.56,0.37,0.56,0.20,0.05,0.24,0.20,0.24,Matches
26c54058,Alessandro Tuia,it ITA,DF,Lecce,32-276,1990,6,5,420,4.7,0,0,0,0,0,0,0,0,0.1,0.1,0.0,0.1,1,17,0,0.00,0.00,0.00,0.00,0.00,0.02,0.01,0.03,0.02,0.03,Matches
7cd520e8,Iyenoma Udogie,it ITA,DF,Udinese,20-103,2002,21,21,1823,20.3,3,2,5,3,0,0,4,0,2.1,2.1,2.8,4.9,70,74,106,0.15,0.10,0.25,0.15,0.25,0.10,0.14,0.24,0.10,0.24,Matches
3eed9821,Samuel Umtiti,fr FRA,DF,Lecce,29-117,1993,13,12,1033,11.5,0,0,0,0,0,0,4,0,0.3,0.3,0.0,0.3,7,26,1,0.00,0.00,0.00,0.00,0.00,0.03,0.00,0.03,0.03,0.03,Matches
71005acd,Diego Valencia,cl CHI,"MF,FW",Salernitana,23-056,2000,12,0,231,2.6,0,0,0,0,0,0,1,0,0.1,0.1,0.1,0.2,1,5,21,0.00,0.00,0.00,0.00,0.00,0.05,0.05,0.09,0.05,0.09,Matches
ec52b661,Emanuele Valeri,it ITA,"DF,FW",Cremonese,24-094,1998,24,21,1805,20.1,2,2,4,2,0,0,2,0,1.4,1.4,2.4,3.8,73,60,101,0.10,0.10,0.20,0.10,0.20,0.07,0.12,0.19,0.07,0.19,Matches
c414df9d,Mattia Valoti,it ITA,MF,Monza,29-186,1993,9,2,261,2.9,0,0,0,0,0,0,1,0,0.1,0.1,0.0,0.1,3,12,7,0.00,0.00,0.00,0.00,0.00,0.04,0.01,0.05,0.04,0.05,Matches
5eaed77a,Johan Vásquez,mx MEX,DF,Cremonese,24-140,1998,13,9,875,9.7,0,0,0,0,0,0,6,0,0.4,0.4,0.1,0.5,11,23,6,0.00,0.00,0.00,0.00,0.00,0.04,0.01,0.05,0.04,0.05,Matches
44ac04e9,Matías Vecino,uy URU,MF,Lazio,31-199,1991,23,11,1172,13.0,2,0,2,2,0,0,4,0,2.1,2.1,0.1,2.2,18,66,15,0.15,0.00,0.15,0.15,0.15,0.16,0.01,0.17,0.16,0.17,Matches
ab1ca213,Miguel Veloso,pt POR,MF,Hellas Verona,36-304,1986,15,10,845,9.4,0,0,0,0,0,0,4,0,0.4,0.4,1.7,2.1,12,63,16,0.00,0.00,0.00,0.00,0.00,0.05,0.18,0.23,0.05,0.23,Matches
983ff2c7,Lorenzo Venuti,it ITA,DF,Fiorentina,27-333,1995,10,6,601,6.7,0,1,1,0,0,0,0,0,0.3,0.3,0.3,0.6,17,36,24,0.00,0.15,0.15,0.00,0.15,0.05,0.04,0.09,0.05,0.09,Matches
d3298c99,Daniele Verde,it ITA,"FW,MF",Spezia,26-264,1996,15,8,678,7.5,2,0,2,1,1,1,1,0,2.0,1.2,1.0,2.2,8,24,34,0.27,0.00,0.27,0.13,0.13,0.26,0.14,0.40,0.16,0.29,Matches
0375723e,Simone Verdi,it ITA,MF,Hellas Verona,30-242,1992,13,5,533,5.9,1,0,1,1,0,0,2,0,0.8,0.8,1.1,1.9,20,24,27,0.17,0.00,0.17,0.17,0.17,0.14,0.19,0.33,0.14,0.33,Matches
33ecf462,Valerio Verre,it ITA,MF,Sampdoria,29-059,1994,18,6,677,7.5,0,0,0,0,0,0,5,0,0.6,0.6,1.1,1.7,16,45,27,0.00,0.00,0.00,0.00,0.00,0.08,0.14,0.22,0.08,0.22,Matches
77d6fd4d,Guglielmo Vicario,it ITA,GK,Empoli,26-155,1996,24,24,2160,24.0,0,0,0,0,0,0,3,0,0.0,0.0,0.0,0.0,0,0,0,0.00,0.00,0.00,0.00,0.00,0.00,0.00,0.00,0.00,0.00,Matches
75e60d75,Ronaldo Vieira,gw GNB,MF,Torino,24-235,1998,1,0,15,0.2,0,0,0,0,0,0,0,0,,,,,,,,0.00,0.00,0.00,0.00,0.00,,,,,,Matches
75e60d75,Ronaldo Vieira,gw GNB,MF,Sampdoria,24-235,1998,16,8,815,9.1,0,0,0,0,0,0,3,0,,,,,,,,0.00,0.00,0.00,0.00,0.00,,,,,,Matches
ec5dae45,Emanuel Vignato,it ITA,"MF,FW",Bologna,22-199,2000,8,2,242,2.7,0,1,1,0,0,0,1,0,0.1,0.1,0.4,0.5,3,9,4,0.00,0.37,0.37,0.00,0.37,0.03,0.14,0.17,0.03,0.17,Matches
ec5dae45,Emanuel Vignato,it ITA,"FW,MF",Empoli,22-199,2000,3,0,24,0.3,1,0,1,1,0,0,0,0,0.2,0.2,0.1,0.3,0,4,2,3.75,0.00,3.75,3.75,3.75,0.67,0.45,1.12,0.67,1.12,Matches
a14d0ab0,Samuele Vignato,it ITA,"FW,MF",Monza,19-015,2004,3,0,18,0.2,0,0,0,0,0,0,0,0,0.0,0.0,0.0,0.0,1,0,2,0.00,0.00,0.00,0.00,0.00,0.00,0.00,0.00,0.00,0.00,Matches
c7069d87,Tonny Vilhena,nl NED,MF,Salernitana,28-067,1995,22,19,1545,17.2,3,1,4,3,0,0,4,0,2.2,2.2,1.6,3.8,23,61,51,0.17,0.06,0.23,0.17,0.23,0.13,0.09,0.22,0.13,0.22,Matches
bdc74a8f,Gonzalo Villar,es ESP,MF,Sampdoria,24-353,1998,15,8,696,7.7,0,0,0,0,0,0,2,0,0.0,0.0,0.0,0.0,9,26,2,0.00,0.00,0.00,0.00,0.00,0.00,0.00,0.00,0.00,0.00,Matches
08eb3b58,Matías Viña,uy URU,DF,Roma,25-122,1997,3,1,55,0.6,0,0,0,0,0,0,0,0,0.0,0.0,0.1,0.1,2,2,4,0.00,0.00,0.00,0.00,0.00,0.00,0.18,0.18,0.00,0.18,Matches
79443529,Dušan Vlahović,rs SRB,FW,Juventus,23-042,2000,16,15,1281,14.2,8,2,10,6,2,2,0,0,6.4,4.8,1.5,6.3,17,27,76,0.56,0.14,0.70,0.42,0.56,0.45,0.10,0.55,0.34,0.44,Matches
aa8e289e,Nikola Vlašić,hr CRO,"MF,FW",Torino,25-158,1997,22,20,1844,20.5,4,2,6,4,0,0,1,0,3.7,3.7,2.4,6.2,55,69,146,0.20,0.10,0.29,0.20,0.29,0.18,0.12,0.30,0.18,0.30,Matches
b3ef6517,Joel Voelkerling Persson,se SWE,FW,Lecce,20-055,2003,4,0,55,0.6,0,0,0,0,0,0,0,0,0.0,0.0,0.0,0.0,0,2,5,0.00,0.00,0.00,0.00,0.00,0.00,0.03,0.03,0.00,0.03,Matches
be2706c0,Mërgim Vojvoda,xk KVX,DF,Torino,28-038,1995,19,11,1114,12.4,0,4,4,0,0,0,3,0,0.9,0.9,1.6,2.5,16,84,54,0.00,0.32,0.32,0.00,0.32,0.07,0.13,0.20,0.07,0.20,Matches
72f87f25,Cristian Volpato,it ITA,MF,Roma,19-116,2003,5,2,191,2.1,1,1,2,1,0,0,0,0,0.4,0.4,1.2,1.5,7,15,19,0.47,0.47,0.94,0.47,0.94,0.17,0.55,0.72,0.17,0.72,Matches
f052fb01,Lukáš Vorlický,cz CZE,"MF,FW",Atalanta,21-052,2002,3,0,24,0.3,0,0,0,0,0,0,0,0,0.0,0.0,0.0,0.0,2,4,3,0.00,0.00,0.00,0.00,0.00,0.18,0.00,0.18,0.18,0.18,Matches
f86cd5df,Aster Vranckx,be BEL,MF,Milan,20-158,2002,7,0,76,0.8,0,0,0,0,0,0,0,0,0.0,0.0,0.3,0.3,2,2,4,0.00,0.00,0.00,0.00,0.00,0.00,0.33,0.33,0.00,0.33,Matches
d0d8dd44,Stefan de Vrij,nl NED,DF,Inter,31-034,1992,15,14,1220,13.6,1,0,1,1,0,0,2,0,0.8,0.8,0.2,1.0,7,37,0,0.07,0.00,0.07,0.07,0.07,0.06,0.01,0.07,0.06,0.07,Matches
26db8853,Walace,br BRA,MF,Udinese,27-341,1995,25,25,2169,24.1,0,0,0,0,0,0,4,0,1.0,1.0,0.9,1.9,38,123,28,0.00,0.00,0.00,0.00,0.00,0.04,0.04,0.08,0.04,0.08,Matches
217875a4,Sebastian Walukiewicz,pl POL,DF,Empoli,22-340,2000,4,1,149,1.7,0,0,0,0,0,0,0,0,0.2,0.2,0.0,0.2,0,3,0,0.00,0.00,0.00,0.00,0.00,0.15,0.00,0.15,0.15,0.15,Matches
eb58eef0,Georginio Wijnaldum,nl NED,MF,Roma,32-120,1990,5,2,187,2.1,0,0,0,0,0,0,0,0,0.3,0.3,0.1,0.3,6,7,4,0.00,0.00,0.00,0.00,0.00,0.12,0.04,0.17,0.12,0.17,Matches
2f7acede,Harry Winks,eng ENG,MF,Sampdoria,27-037,1996,8,7,659,7.3,0,0,0,0,0,0,0,0,0.2,0.2,0.5,0.7,10,41,5,0.00,0.00,0.00,0.00,0.00,0.03,0.07,0.10,0.03,0.10,Matches
1bfe5ac9,Przemysław Wiśniewski,pl POL,DF,Spezia,24-227,1998,3,1,97,1.1,0,0,0,0,0,0,0,0,0.2,0.2,0.0,0.2,0,0,0,0.00,0.00,0.00,0.00,0.00,0.15,0.00,0.15,0.15,0.15,Matches
ee9040b4,Gerard Yepes,es ESP,MF,Sampdoria,20-198,2002,5,2,198,2.2,0,0,0,0,0,0,2,0,0.1,0.1,0.0,0.1,3,7,6,0.00,0.00,0.00,0.00,0.00,0.03,0.01,0.04,0.03,0.04,Matches
d85c238b,Mattia Zaccagni,it ITA,"FW,MF",Lazio,27-268,1995,22,21,1722,19.1,8,4,12,7,1,1,5,0,5.3,4.5,2.1,6.5,67,48,159,0.42,0.21,0.63,0.37,0.57,0.27,0.11,0.38,0.23,0.34,Matches
384d58d9,Denis Zakaria,ch SUI,MF,Juventus,26-111,1996,2,1,123,1.4,0,0,0,0,0,0,0,0,0.0,0.0,0.0,0.0,2,3,3,0.00,0.00,0.00,0.00,0.00,0.00,0.00,0.00,0.00,0.00,Matches
45191c29,Nicola Zalewski,pl POL,DF,Roma,21-047,2002,21,15,1278,14.2,0,1,1,0,0,0,2,0,0.7,0.7,0.8,1.5,47,55,66,0.00,0.07,0.07,0.00,0.07,0.05,0.05,0.11,0.05,0.11,Matches
6bb2c084,Andre-Frank Zambo Anguissa,cm CMR,MF,Napoli,27-115,1995,23,23,1920,21.3,2,4,6,2,0,0,2,0,3.2,3.2,1.8,5.0,34,123,86,0.09,0.19,0.28,0.09,0.28,0.15,0.09,0.23,0.15,0.23,Matches
5e834dce,Luca Zanimacchia,it ITA,"MF,FW",Cremonese,24-235,1998,15,9,746,8.3,0,0,0,0,0,0,2,0,1.2,1.2,0.8,2.0,22,26,70,0.00,0.00,0.00,0.00,0.00,0.14,0.10,0.24,0.14,0.24,Matches
9907b1c8,Nicolò Zaniolo,it ITA,"MF,FW",Roma,23-252,1999,13,12,890,9.9,1,0,1,1,0,0,4,0,2.9,2.9,0.9,3.8,33,19,69,0.10,0.00,0.10,0.10,0.10,0.29,0.09,0.39,0.29,0.39,Matches
3b12b11f,Alessandro Zanoli,it ITA,DF,Sampdoria,22-159,2000,9,3,431,4.8,0,0,0,0,0,0,0,0,0.1,0.1,0.5,0.6,14,12,19,0.00,0.00,0.00,0.00,0.00,0.01,0.11,0.13,0.01,0.13,Matches
3b12b11f,Alessandro Zanoli,it ITA,DF,Napoli,22-159,2000,1,0,12,0.1,0,0,0,0,0,0,0,0,0.1,0.1,0.0,0.1,1,0,2,0.00,0.00,0.00,0.00,0.00,0.47,0.00,0.47,0.47,0.47,Matches
875d65d1,Mattia Zanotti,it ITA,DF,Inter,20-059,2003,1,0,1,0.0,0,0,0,0,0,0,0,0,0.0,0.0,0.1,0.1,0,1,0,0.00,0.00,0.00,0.00,0.00,0.00,6.12,6.12,0.00,6.12,Matches
d3de9af0,Duván Zapata,co COL,FW,Atalanta,31-344,1991,15,8,670,7.4,1,1,2,1,0,0,1,0,2.2,2.2,0.5,2.8,16,21,62,0.13,0.13,0.27,0.13,0.27,0.30,0.07,0.37,0.30,0.37,Matches
7fe90ccd,Davide Zappacosta,it ITA,"DF,MF",Atalanta,30-273,1992,8,6,444,4.9,1,1,2,1,0,0,3,0,0.4,0.4,0.5,0.9,16,21,31,0.20,0.20,0.41,0.20,0.41,0.08,0.09,0.18,0.08,0.18,Matches
2f45300d,Karim Zedadka,fr FRA,DF,Napoli,22-275,2000,1,0,1,0.0,0,0,0,0,0,0,0,0,0.0,0.0,0.0,0.0,0,0,0,0.00,0.00,0.00,0.00,0.00,0.00,0.00,0.00,0.00,0.00,Matches
58a2e9f6,Deyovaisio Zeefuik,nl NED,DF,Hellas Verona,25-000,1998,1,0,10,0.1,0,0,0,0,0,0,0,0,0.0,0.0,0.0,0.0,1,0,1,0.00,0.00,0.00,0.00,0.00,0.00,0.00,0.00,0.00,0.00,Matches
d19ef4ef,Alessio Zerbin,it ITA,"FW,MF",Napoli,24-008,1999,5,0,61,0.7,0,0,0,0,0,0,1,0,0.0,0.0,0.0,0.0,0,0,4,0.00,0.00,0.00,0.00,0.00,0.06,0.00,0.06,0.06,0.06,Matches
a5296e55,Piotr Zieliński,pl POL,MF,Napoli,28-295,1994,25,19,1587,17.6,3,6,9,3,0,0,2,0,2.6,2.6,5.3,7.8,44,77,86,0.17,0.34,0.51,0.17,0.51,0.15,0.30,0.44,0.15,0.44,Matches
acf7e795,David Zima,cz CZE,DF,Torino,22-123,2000,9,4,406,4.5,0,0,0,0,0,0,0,0,0.8,0.8,0.1,0.9,3,12,5,0.00,0.00,0.00,0.00,0.00,0.17,0.02,0.19,0.17,0.19,Matches
028e70b9,Joshua Zirkzee,nl NED,FW,Bologna,21-293,2001,10,4,498,5.5,1,1,2,1,0,0,1,0,1.9,1.9,1.0,2.8,5,9,37,0.18,0.18,0.36,0.18,0.36,0.34,0.17,0.51,0.34,0.51,Matches
cc1a0c57,Jeroen Zoet,nl NED,GK,Spezia,32-064,1991,3,2,154,1.7,0,0,0,0,0,0,0,0,0.0,0.0,0.0,0.0,0,0,0,0.00,0.00,0.00,0.00,0.00,0.00,0.00,0.00,0.00,0.00,Matches
82598b71,Nadir Zortea,it ITA,"DF,MF",Atalanta,23-265,1999,9,1,222,2.5,1,0,1,1,0,0,1,0,0.1,0.1,0.6,0.7,11,9,13,0.41,0.00,0.41,0.41,0.41,0.05,0.23,0.28,0.05,0.28,Matches
82598b71,Nadir Zortea,it ITA,DF,Sassuolo,23-265,1999,5,5,450,5.0,0,0,0,0,0,0,3,0,0.1,0.1,0.4,0.5,15,24,17,0.00,0.00,0.00,0.00,0.00,0.02,0.09,0.11,0.02,0.11,Matches
54f6afe3,Petar Zovko,ba BIH,GK,Spezia,20-351,2002,1,0,74,0.8,0,0,0,0,0,0,0,0,0.0,0.0,0.0,0.0,0,0,0,0.00,0.00,0.00,0.00,0.00,0.00,0.00,0.00,0.00,0.00,Matches
4e1d5e59,Szymon Żurkowski,pl POL,MF,Fiorentina,25-167,1997,2,0,32,0.4,0,1,1,0,0,0,0,0,0.1,0.1,0.0,0.1,3,1,4,0.00,2.81,2.81,0.00,2.81,0.33,0.06,0.40,0.33,0.40,Matches
4e1d5e59,Szymon Żurkowski,pl POL,MF,Spezia,25-167,1997,3,1,80,0.9,0,0,0,0,0,0,1,0,0.0,0.0,0.0,0.0,2,0,2,0.00,0.00,0.00,0.00,0.00,0.04,0.00,0.04,0.04,0.04,Matches
405f6586,Milan Đurić,ba BIH,FW,Hellas Verona,32-293,1990,16,7,703,7.8,1,0,1,1,0,0,3,0,0.5,0.5,0.9,1.4,1,18,43,0.13,0.00,0.13,0.13,0.13,0.07,0.11,0.18,0.07,0.18,Matches
eccbe56a,Filip Đuričić,rs SRB,"MF,FW",Sampdoria,31-040,1992,22,19,1487,16.5,2,0,2,2,0,0,7,0,1.4,1.4,1.6,3.0,29,56,57,0.12,0.00,0.12,0.12,0.12,0.09,0.10,0.18,0.09,0.18,Matches
