id,Player,Nation,Pos,Squad,Age,Born,MP,Min,Mn/MP,Min%,90s,Starts,Mn/Start,Compl,Subs,Mn/Sub,unSub,PPM,onG,onGA,+/-,+/-90,On-Off,onxG,onxGA,xG+/-,xG+/-90,On-Off.1,Matches
4cd41883,Paxten Aaronson,us USA,MF,Eint Frankfurt,19-220,2003,1,8,8,0.3,0.1,0,,0,1,8,4,0.00,0,0,0,0.00,-0.39,0.1,0.0,+0.1,+0.93,+0.65,Matches
22919e97,Sargis Adamyan,am ARM,"FW,MF",Köln,29-315,1993,22,633,29,28.1,7.0,4,62,0,18,22,3,1.05,11,16,-5,-0.71,-0.38,11.0,11.5,-0.5,-0.07,-0.14,Matches
501055d8,Karim Adeyemi,de GER,"FW,MF",Dortmund,21-075,2002,16,799,50,34.1,8.9,12,58,0,4,27,1,2.13,22,10,+12,+1.35,+0.77,15.1,10.8,+4.3,+0.49,0.00,Matches
dcfb17f4,Amine Adli,fr FRA,"FW,MF",Leverkusen,22-328,2000,18,988,55,42.2,11.0,10,77,1,8,27,1,1.89,21,13,+8,+0.73,+0.73,18.3,10.1,+8.2,+0.74,+0.76,Matches
cb6d81b3,Felix Agu,de GER,"DF,FW",Werder Bremen,23-188,1999,3,49,16,2.2,0.5,0,,0,3,16,9,1.33,1,2,-1,-1.84,-1.51,0.4,2.4,-2.0,-3.53,-3.21,Matches
a6c58494,Naouirou Ahamada,fr FRA,MF,Stuttgart,21-005,2002,17,1398,82,59.7,15.5,17,82,6,0,,0,0.94,17,26,-9,-0.58,+0.09,19.5,18.4,+1.1,+0.07,+0.21,Matches
54507986,Antonis Aidonis,de GER,DF,Stuttgart,21-316,2001,0,,,,,0,,0,0,,5,,,,,,,,,,,,Matches
462475ed,Ludovic Ajorque,fr FRA,FW,Mainz 05,29-037,1994,10,736,74,31.5,8.2,9,81,2,1,11,0,2.00,18,9,+9,+1.10,+1.21,12.2,11.6,+0.6,+0.07,+0.17,Matches
6ec6fde0,Kevin Akpoguma,ng NGA,DF,Hoffenheim,27-349,1995,21,1381,66,61.4,15.3,14,81,10,7,35,3,0.90,14,22,-8,-0.52,-0.11,19.8,22.4,-2.6,-0.17,-0.40,Matches
834d0be5,Lucas Alario,ar ARG,"FW,MF",Eint Frankfurt,30-177,1992,18,307,17,13.1,3.4,2,78,1,16,10,7,1.33,4,8,-4,-1.17,-1.79,5.6,3.2,+2.4,+0.69,+0.48,Matches
00f518d8,Faride Alidou,de GER,"DF,MF",Eint Frankfurt,21-259,2001,11,135,12,5.8,1.5,0,,0,11,12,10,1.36,2,4,-2,-1.33,-1.82,2.7,2.4,+0.3,+0.17,-0.11,Matches
8ce30c57,Éder Álvarez Balanta,co COL,"MF,FW",Schalke 04,30-034,1993,6,238,40,10.2,2.6,3,50,0,3,29,2,1.50,2,3,-1,-0.38,+0.74,2.7,4.7,-2.0,-0.75,-0.40,Matches
cd682b6b,Lukáš Ambros,cz CZE,MF,Wolfsburg,18-302,2004,1,17,17,0.7,0.2,0,,0,1,17,3,0.00,0,2,-2,-10.59,-11.13,0.0,1.0,-1.0,-5.36,-5.44,Matches
555d5edd,Nadiem Amiri,de GER,"MF,FW",Leverkusen,26-158,1996,19,721,38,30.8,8.0,6,77,2,13,20,4,1.58,17,15,+2,+0.25,-0.08,11.3,9.3,+2.1,+0.26,-0.06,Matches
e0b113a7,Robert Andrich,de GER,MF,Leverkusen,28-193,1994,24,1956,82,83.6,21.7,23,84,19,1,15,0,1.54,44,35,+9,+0.41,+0.65,34.8,29.5,+5.2,+0.24,-0.38,Matches
30941e96,Angeliño,es ESP,DF,Hoffenheim,26-089,1997,24,1891,79,84.0,21.0,21,88,18,3,13,0,0.92,25,41,-16,-0.76,-1.76,28.8,33.0,-4.2,-0.20,-1.14,Matches
5e66fa06,Waldemar Anton,de GER,DF,Stuttgart,26-257,1996,26,2234,86,95.5,24.8,26,86,20,0,,0,0.77,28,42,-14,-0.56,+1.13,30.9,32.5,-1.7,-0.07,-1.18,Matches
0a3f6cde,Christopher Antwi-Adjei,gh GHA,"FW,MF",Bochum,29-055,1994,21,1306,62,55.8,14.5,14,79,5,7,29,2,1.24,21,27,-6,-0.41,+1.59,18.4,25.4,-7.0,-0.48,+0.90,Matches
56413b1f,Charles Aránguiz,cl CHI,MF,Leverkusen,33-351,1989,10,493,49,21.1,5.5,4,60,0,6,42,0,0.80,7,10,-3,-0.55,-1.08,7.4,8.6,-1.2,-0.22,-0.67,Matches
86e119e0,Maximilian Arnold,de GER,MF,Wolfsburg,28-311,1994,25,2178,87,93.1,24.2,25,87,19,0,,0,1.52,42,31,+11,+0.45,-0.10,33.7,32.0,+1.7,+0.07,+0.34,Matches
13ddc856,Takuma Asano,jp JPN,"FW,MF",Bochum,28-144,1994,17,1088,64,46.5,12.1,14,72,2,3,29,0,0.76,14,27,-13,-1.08,+0.07,15.4,24.7,-9.3,-0.77,+0.21,Matches
35f67a30,Fisnik Asllani,xk KVX,FW,Hoffenheim,20-238,2002,7,143,20,6.4,1.6,0,,0,7,20,2,0.00,1,2,-1,-0.63,-0.16,3.0,2.3,+0.7,+0.45,+0.50,Matches
dbd1b101,Noah Atubolu,de GER,GK,Freiburg,20-313,2002,0,,,,,0,,0,0,,5,,,,,,,,,,,,Matches
fe46e261,Mehmet Aydin,de GER,"DF,FW",Schalke 04,21-053,2002,14,482,34,20.6,5.4,3,78,1,11,22,8,0.86,5,10,-5,-0.93,+0.13,7.8,7.4,+0.3,+0.06,+0.57,Matches
ce81d82d,Ayman Azhil,ma MAR,MF,Leverkusen,21-358,2001,1,1,1,0.0,0.0,0,,0,1,1,4,3.00,0,0,0,0.00,-0.31,0.0,0.0,0.0,0.00,-0.30,Matches
10549b49,Sardar Azmoun,ir IRN,"FW,MF",Leverkusen,28-092,1995,15,582,39,24.9,6.5,5,82,2,10,17,3,1.20,10,11,-1,-0.15,-0.62,12.6,8.7,+3.9,+0.60,+0.39,Matches
f582d5c1,Sanoussy Ba,de GER,DF,RB Leipzig,19-088,2004,1,1,1,0.0,0.0,0,,0,1,1,14,3.00,0,0,0,0.00,-0.62,0.0,0.0,0.0,0.00,-0.61,Matches
6bcf5582,Elias Bakatukanda,de GER,MF,Köln,18-355,2004,0,,,,,0,,0,0,,2,,,,,,,,,,,,Matches
a8567629,Mitchel Bakker,nl NED,"DF,MF",Leverkusen,22-287,2000,21,1163,55,49.7,12.9,13,81,7,8,14,3,1.57,27,19,+8,+0.62,+0.62,19.5,15.4,+4.1,+0.32,+0.02,Matches
442b56fa,Ridle Baku,de GER,DF,Wolfsburg,24-360,1998,26,2075,80,88.7,23.1,23,86,19,3,29,0,1.50,41,33,+8,+0.35,-1.01,32.3,31.9,+0.4,+0.02,-0.26,Matches
a2a85828,Aymen Barkok,ma MAR,MF,Mainz 05,24-317,1998,17,412,24,17.6,4.6,2,83,0,15,16,8,1.71,9,7,+2,+0.44,+0.20,7.0,6.4,+0.6,+0.14,+0.23,Matches
00242b75,Leandro Barreiro Martins,lu LUX,MF,Mainz 05,23-090,2000,24,1589,66,67.9,17.7,18,81,9,6,21,2,1.54,32,22,+10,+0.57,+0.93,25.7,27.0,-1.4,-0.08,-0.09,Matches
e61bdd69,Gil Bastião Dias,pt POR,FW,Stuttgart,26-187,1996,7,398,57,17.0,4.4,6,59,0,1,45,1,0.57,3,8,-5,-1.13,-0.62,3.6,4.5,-1.0,-0.22,-0.25,Matches
44a20f0c,Maximilian Bauer,de GER,DF,Augsburg,23-053,2000,20,1323,66,56.5,14.7,15,83,13,5,15,5,1.30,19,28,-9,-0.61,-0.26,16.1,27.6,-11.5,-0.78,-0.32,Matches
47064058,Oliver Baumann,de GER,GK,Hoffenheim,32-305,1990,25,2250,90,100.0,25.0,25,90,25,0,,0,0.88,33,45,-12,-0.48,,36.5,37.0,-0.5,-0.02,,Matches
bd7d2e6d,Timo Baumgartl,de GER,DF,Union Berlin,27-030,1996,7,517,74,22.1,5.7,6,82,3,1,28,7,1.57,6,8,-2,-0.35,-1.09,6.7,7.1,-0.3,-0.06,+0.02,Matches
69374ff5,Julian Baumgartlinger,at AUT,MF,Augsburg,35-091,1988,13,464,36,19.8,5.2,3,90,3,10,19,10,0.69,9,16,-7,-1.36,-1.07,7.5,9.1,-1.7,-0.33,+0.39,Matches
437f2b00,Christoph Baumgartner,at AUT,"MF,FW",Hoffenheim,23-245,1999,24,1910,80,84.9,21.2,24,80,12,0,,0,0.92,29,41,-12,-0.57,-0.57,32.7,33.0,-0.3,-0.02,+0.02,Matches
fbbc8e15,Noah Joel Sarenren Bazee,ng NGA,FW,Augsburg,26-225,1996,1,9,9,0.4,0.1,0,,0,1,9,4,3.00,0,0,0,0.00,+0.50,0.1,0.0,0.0,+0.27,+0.92,Matches
a53b661f,Ihlas Bebou,tg TOG,FW,Hoffenheim,28-345,1994,10,636,64,28.3,7.1,8,70,1,2,39,0,0.40,7,13,-6,-0.85,-0.51,8.6,11.2,-2.7,-0.38,-0.50,Matches
8eb55dbb,Sheraldo Becker,sr SUR,FW,Union Berlin,28-053,1995,26,1873,72,80.0,20.8,25,74,0,1,33,0,1.96,31,23,+8,+0.38,-0.58,21.0,25.1,-4.2,-0.20,-0.61,Matches
30ae134d,Kevin Behrens,de GER,FW,Union Berlin,32-059,1991,26,1025,39,43.8,11.4,10,69,0,16,21,0,1.96,22,15,+7,+0.61,+0.20,11.8,13.6,-1.8,-0.16,-0.14,Matches
857a5abe,Stefan Bell,de GER,DF,Mainz 05,31-222,1991,22,1680,76,71.8,18.7,18,87,15,4,30,2,1.64,32,22,+10,+0.54,+0.94,25.4,26.2,-0.8,-0.04,+0.02,Matches
bee0bab1,Karim Bellarabi,de GER,FW,Leverkusen,32-360,1990,6,82,14,3.5,0.9,1,45,0,5,7,5,1.50,0,1,-1,-1.10,-1.46,1.5,1.7,-0.2,-0.26,-0.59,Matches
57d88cf9,Jude Bellingham,eng ENG,MF,Dortmund,19-278,2003,25,2165,87,92.5,24.1,24,89,23,1,25,0,2.00,52,33,+19,+0.79,-0.75,43.3,32.3,+11.0,+0.46,-0.49,Matches
378825c7,Ramy Bensebaini,dz ALG,DF,M'Gladbach,27-352,1995,21,1874,89,83.3,20.8,21,89,17,0,,0,1.38,35,32,+3,+0.14,+1.82,31.4,27.3,+4.1,+0.20,+1.09,Matches
7ffce688,Tom Berger,de GER,MF,Werder Bremen,21-246,2001,0,,,,,0,,0,0,,6,,,,,,,,,,,,Matches
eb6e14be,Mergim Berisha,de GER,FW,Augsburg,24-327,1998,20,1577,79,67.4,17.5,19,82,9,1,23,0,1.25,23,27,-4,-0.23,+0.83,20.7,24.6,-3.9,-0.22,+1.30,Matches
9af1f9ff,Jordan Beyer,de GER,DF,M'Gladbach,22-319,2000,0,,,,,0,,0,0,,2,,,,,,,,,,,,Matches
763b8b37,Bartosz Bialek,pl POL,FW,Wolfsburg,21-143,2001,0,,,,,0,,0,0,,1,,,,,,,,,,,,Matches
7aac47fe,Ermin Bičakčić,ba BIH,DF,Hoffenheim,33-069,1990,6,171,29,7.6,1.9,0,,0,6,29,4,0.50,2,8,-6,-3.16,-2.90,2.5,5.2,-2.7,-1.40,-1.49,Matches
07d3bfec,Tom Bischof,de GER,"MF,FW",Hoffenheim,17-279,2005,7,263,38,11.7,2.9,3,62,0,4,20,6,0.14,3,6,-3,-1.03,-0.62,3.5,5.5,-2.0,-0.68,-0.75,Matches
dc62fbee,Leonardo Bittencourt,de GER,"MF,DF",Werder Bremen,29-105,1993,16,1017,64,45.2,11.3,14,69,3,2,23,1,1.44,18,21,-3,-0.27,+0.17,11.4,16.7,-5.2,-0.46,-0.13,Matches
663e080e,Janis Blaswich,de GER,GK,RB Leipzig,31-336,1991,19,1710,90,73.1,19.0,19,90,19,0,,6,1.79,37,23,+14,+0.74,+0.45,35.3,21.1,+14.2,+0.75,+0.49,Matches
691bef82,Daley Blind,nl NED,"DF,MF",Bayern Munich,33-025,1990,4,134,34,5.7,1.5,1,90,1,3,15,7,2.25,3,5,-2,-1.34,-3.34,2.8,3.6,-0.8,-0.55,-1.67,Matches
f4ec4fd0,Kevin-Prince Boateng,gh GHA,MF,Hertha BSC,36-028,1987,12,237,20,10.1,2.6,2,61,0,10,12,11,0.50,1,6,-5,-1.90,-1.34,2.7,3.6,-0.8,-0.31,+0.10,Matches
4f380a04,Ben Bobzien,de GER,FW,Mainz 05,19-339,2003,0,,,,,0,,0,0,,6,,,,,,,,,,,,Matches
635f2732,Jean-Paul Boëtius,nl NED,MF,Hertha BSC,29-012,1994,18,851,47,36.4,9.5,8,71,2,10,29,1,1.00,11,19,-8,-0.85,-0.24,10.1,15.9,-5.8,-0.62,-0.33,Matches
6ebbc28a,Tarsis Bonga,de GER,MF,Bochum,26-083,1997,0,,,,,0,,0,0,,2,,,,,,,,,,,,Matches
36578017,Yvandro Borges Sanches,lu LUX,"FW,MF",M'Gladbach,18-314,2004,3,28,9,1.2,0.3,0,,0,3,9,10,1.33,1,2,-1,-3.21,-3.09,0.6,0.7,-0.1,-0.17,-0.18,Matches
01834aa0,Sebastiaan Bornauw,be BEL,DF,Wolfsburg,24-012,1999,19,1343,71,57.4,14.9,16,82,12,3,11,6,1.58,32,20,+12,+0.80,+0.80,21.5,21.0,+0.5,+0.03,-0.03,Matches
c68da769,Rafael Borré,co COL,"FW,MF",Eint Frankfurt,27-200,1995,25,786,31,33.6,8.7,7,70,2,18,16,1,1.60,10,15,-5,-0.57,-1.44,13.2,13.3,-0.1,-0.01,-0.42,Matches
a167537f,Julian Brandt,de GER,"MF,FW",Dortmund,26-336,1996,24,1802,75,77.0,20.0,21,82,10,3,27,0,2.04,45,24,+21,+1.05,+0.88,36.2,23.6,+12.6,+0.63,+0.59,Matches
d28339cb,Fabian Bredlow,de GER,GK,Stuttgart,28-032,1995,7,630,90,26.9,7.0,7,90,7,0,,18,0.57,7,11,-4,-0.57,+0.06,7.9,9.0,-1.1,-0.16,-0.20,Matches
d4a2533d,Josip Brekalo,hr CRO,"MF,FW",Wolfsburg,24-284,1998,6,271,45,11.6,3.0,3,74,0,3,17,6,1.17,2,5,-3,-1.00,-1.65,2.1,4.5,-2.4,-0.79,-0.94,Matches
e27da244,John Brooks,us USA,DF,Hoffenheim,30-065,1993,6,540,90,24.0,6.0,6,90,6,0,,2,0.50,8,16,-8,-1.33,-1.12,7.8,9.0,-1.2,-0.19,-0.23,Matches
bbd79358,Moritz Broschinski,de GER,"FW,MF",Bochum,22-192,2000,6,107,18,4.6,1.2,0,,0,6,18,2,1.17,1,2,-1,-0.84,+0.29,1.3,2.8,-1.6,-1.31,-0.45,Matches
ca591488,Maximilian Brüll,de GER,GK,M'Gladbach,20-220,2002,0,,,,,0,,0,0,,1,,,,,,,,,,,,Matches
f0a37d36,Cédric Brunner,ch SUI,DF,Schalke 04,29-045,1994,22,1852,84,79.1,20.6,22,84,15,0,,0,0.68,13,41,-28,-1.36,-1.55,21.9,31.5,-9.6,-0.47,-0.38,Matches
4e204552,Jacob Bruun Larsen,dk DEN,FW,Hoffenheim,24-196,1998,11,294,27,13.1,3.3,3,67,0,8,12,4,1.27,4,7,-3,-0.92,-0.50,5.4,5.0,+0.4,+0.13,+0.17,Matches
45e95f21,Lee Buchanan,eng ENG,"DF,FW",Werder Bremen,22-027,2001,16,328,21,14.6,3.6,1,87,0,15,16,6,1.00,11,6,+5,+1.37,+2.03,7.6,6.2,+1.5,+0.40,+0.93,Matches
ab5b7dc1,Marius Bülter,de GER,"FW,MF",Schalke 04,30-005,1993,26,2011,77,85.9,22.3,23,83,16,3,34,0,0.81,18,43,-25,-1.12,-0.57,25.8,31.3,-5.5,-0.25,+0.99,Matches
05e2d5ea,Delano Burgzorg,nl NED,"FW,MF",Mainz 05,24-147,1998,11,212,19,9.1,2.4,0,,0,11,19,5,1.27,3,4,-1,-0.42,-0.76,2.5,3.5,-1.0,-0.44,-0.43,Matches
05f99a4a,Jonathan Burkardt,de GER,"MF,FW",Mainz 05,22-266,2000,11,533,48,22.8,5.9,7,59,0,4,29,0,1.18,7,12,-5,-0.84,-1.44,8.5,9.8,-1.3,-0.22,-0.23,Matches
f631c17f,Oliver Burke,sct SCO,"FW,MF",Werder Bremen,25-361,1997,15,268,18,11.9,3.0,1,58,0,14,15,3,1.20,11,7,+4,+1.34,+1.93,7.0,8.0,-0.9,-0.31,+0.09,Matches
bb13d261,Jakob Busk,dk DEN,GK,Union Berlin,29-203,1993,0,,,,,0,,0,0,,5,,,,,,,,,,,,Matches
b4705807,Aurélio Buta,pt POR,DF,Eint Frankfurt,26-052,1997,10,677,68,28.9,7.5,7,85,5,3,26,1,1.10,11,8,+3,+0.40,+0.02,11.1,9.4,+1.7,+0.23,-0.06,Matches
10745192,Jamie Bynoe-Gittens,eng ENG,"FW,MF",Dortmund,18-238,2004,13,489,38,20.9,5.4,4,59,0,9,28,1,2.62,17,4,+13,+2.39,+1.96,11.8,7.8,+4.0,+0.73,+0.30,Matches
0118c54c,Anthony Caci,fr FRA,DF,Mainz 05,25-276,1997,23,1528,66,65.3,17.0,17,84,11,6,16,3,1.43,32,25,+7,+0.41,+0.41,24.4,24.4,0.0,0.00,+0.13,Matches
d1db4b83,Kerim Calhanoglu,de GER,DF,Schalke 04,20-220,2002,3,63,21,2.7,0.7,0,,0,3,21,1,0.33,0,2,-2,-2.86,-1.87,0.6,2.5,-1.8,-2.63,-2.30,Matches
d1273f09,Daniel Caligiuri,it ITA,"DF,MF",Augsburg,35-078,1988,12,264,22,11.3,2.9,2,74,1,10,12,14,0.92,2,10,-8,-2.73,-2.51,1.3,7.6,-6.3,-2.15,-1.69,Matches
a65ce836,Emre Can,de GER,MF,Dortmund,29-081,1994,19,1180,62,50.4,13.1,12,84,9,7,24,5,1.84,29,21,+8,+0.61,-0.48,22.5,18.1,+4.4,+0.34,-0.31,Matches
bd6351cd,João Cancelo,pt POR,"DF,FW",Bayern Munich,28-311,1994,7,371,53,15.9,4.1,4,68,1,3,33,1,2.14,13,7,+6,+1.46,-0.42,6.1,7.3,-1.2,-0.30,-1.57,Matches
5e080f73,Irvin Cardona,fr FRA,"MF,FW",Augsburg,25-238,1997,4,136,34,5.8,1.5,0,,0,4,34,1,0.50,4,6,-2,-1.32,-0.87,2.9,5.2,-2.2,-1.46,-0.87,Matches
db401046,Koen Casteels,be BEL,GK,Wolfsburg,30-282,1992,26,2340,90,100.0,26.0,26,90,26,0,,0,1.50,46,34,+12,+0.46,,36.7,35.5,+1.2,+0.05,,Matches
ae7058f9,Julian Chabot,de GER,DF,Köln,25-050,1998,12,993,83,44.1,11.0,12,83,9,0,,5,1.17,14,14,0,0.00,+0.79,13.9,12.2,+1.7,+0.15,+0.23,Matches
b3b7f5a6,Timothy Chandler,us USA,DF,Eint Frankfurt,33-005,1990,4,79,20,3.4,0.9,0,,0,4,20,19,2.25,1,5,-4,-4.56,-5.11,1.2,1.7,-0.4,-0.50,-0.81,Matches
3c569f37,Justin Che,us USA,DF,Hoffenheim,19-136,2003,0,,,,,0,,0,0,,2,,,,,,,,,,,,Matches
48780156,Fabio Chiarodia,it ITA,DF,Werder Bremen,17-302,2005,3,66,22,2.9,0.7,1,62,0,2,2,14,1.33,0,1,-1,-1.36,-1.03,0.3,2.9,-2.6,-3.52,-3.22,Matches
af104654,Oliver Christensen,dk DEN,GK,Hertha BSC,24-012,1999,26,2340,90,100.0,26.0,26,90,26,0,,0,0.85,31,49,-18,-0.69,,30.2,40.7,-10.5,-0.40,,Matches
c6608135,Darko Churlinov,mk MKD,FW,Stuttgart,22-266,2000,1,27,27,1.2,0.3,0,,0,1,27,0,1.00,0,0,0,0.00,+0.62,0.1,1.1,-1.1,-3.52,-3.55,Matches
6e17c802,Tolga Ciğerci,tr TUR,MF,Hertha BSC,31-011,1992,8,541,68,23.1,6.0,7,71,1,1,45,0,1.00,7,12,-5,-0.83,-0.18,7.6,7.8,-0.2,-0.03,+0.49,Matches
6e327d0d,Caden Clark,us USA,MF,RB Leipzig,19-311,2003,0,,,,,0,,0,0,,4,,,,,,,,,,,,Matches
dd5bbe0d,David Čolina,hr CRO,"DF,MF",Augsburg,22-258,2000,3,66,22,2.8,0.7,0,,0,3,22,1,0.00,1,2,-1,-1.36,-0.89,2.1,1.8,+0.3,+0.39,+1.06,Matches
042e8a49,Kingsley Coman,fr FRA,"FW,MF",Bayern Munich,26-294,1996,18,998,55,42.6,11.1,10,72,2,8,35,1,2.17,34,9,+25,+2.25,+0.78,25.2,9.9,+15.3,+1.38,+0.62,Matches
5ddb8f9f,Danny da Costa,de GER,DF,Mainz 05,29-264,1993,17,980,58,41.9,10.9,11,75,3,6,26,3,1.71,19,13,+6,+0.55,+0.48,12.3,15.3,-3.0,-0.27,-0.38,Matches
9dff291c,Soumaïla Coulibaly,fr FRA,DF,Dortmund,19-171,2003,0,,,,,0,,0,0,,9,,,,,,,,,,,,Matches
05ba9d7c,Tanguy Coulibaly,fr FRA,"FW,DF",Stuttgart,22-044,2001,8,227,28,9.7,2.5,0,,0,8,28,6,0.50,4,4,0,0.00,+0.68,3.1,3.3,-0.2,-0.07,-0.06,Matches
8f325097,Nicolas Cozza,fr FRA,DF,Wolfsburg,24-085,1999,1,16,16,0.7,0.2,0,,0,1,16,6,1.00,2,0,+2,+11.25,+10.86,1.2,0.0,+1.2,+6.68,+6.68,Matches
eac044ad,Moanes Dabbur,il ISR,FW,Hoffenheim,30-324,1992,16,661,41,29.4,7.3,5,77,1,11,25,5,1.31,14,12,+2,+0.27,+1.07,12.5,8.5,+4.0,+0.55,+0.81,Matches
dee3013b,Finn Dahmen,de GER,GK,Mainz 05,25-007,1998,6,540,90,23.1,6.0,6,90,6,0,,20,1.67,14,10,+4,+0.67,+0.52,10.0,9.5,+0.6,+0.09,+0.18,Matches
db4ed67b,Mahmoud Dahoud,de GER,MF,Dortmund,27-092,1996,9,337,37,14.4,3.7,4,65,1,5,15,4,2.11,10,3,+7,+1.87,+1.20,7.7,4.0,+3.7,+0.98,+0.57,Matches
d3d77413,Muhammed Damar,de GER,MF,Hoffenheim,18-359,2004,6,159,27,7.1,1.8,1,45,0,5,23,8,0.33,2,5,-3,-1.70,-1.31,2.9,2.4,+0.5,+0.28,+0.32,Matches
41bff4fa,Márton Dárdai,de GER,DF,Hertha BSC,21-050,2002,11,533,48,22.8,5.9,5,88,4,6,15,9,1.27,6,9,-3,-0.51,+0.24,8.3,8.0,+0.3,+0.05,+0.59,Matches
3eb0f2df,Vladimír Darida,cz CZE,MF,Hertha BSC,32-238,1990,3,31,10,1.3,0.3,0,,0,3,10,7,0.67,1,1,0,0.00,+0.70,0.1,0.5,-0.4,-1.14,-0.75,Matches
d781d855,Alphonso Davies,ca CAN,DF,Bayern Munich,22-152,2000,23,1913,83,81.8,21.3,22,85,16,1,45,0,2.00,58,24,+34,+1.60,-1.14,43.3,23.7,+19.5,+0.92,-0.56,Matches
fe641c1a,Thomas Delaney,dk DEN,MF,Hoffenheim,31-212,1991,5,284,57,12.6,3.2,4,69,1,1,8,2,0.60,2,10,-8,-2.54,-2.35,2.0,6.1,-4.1,-1.30,-1.47,Matches
54b4dc4e,Kerem Demirbay,de GER,MF,Leverkusen,29-274,1993,21,1184,56,50.6,13.2,13,75,3,8,26,5,1.33,20,23,-3,-0.23,-1.08,21.4,17.6,+3.8,+0.29,-0.03,Matches
ed79b7d3,Ermedin Demirović,ba BIH,"FW,MF",Augsburg,25-009,1998,24,1854,77,79.2,20.6,24,77,12,0,,0,1.04,27,39,-12,-0.58,-0.40,22.6,32.3,-9.8,-0.47,+0.83,Matches
7bf9400b,Sepp van den Berg,nl NED,DF,Schalke 04,21-104,2001,4,322,81,13.8,3.6,4,81,3,0,,0,1.00,5,5,0,0.00,+1.20,4.2,3.8,+0.3,+0.10,+0.56,Matches
aeed5c06,Moussa Diaby,fr FRA,"FW,MF",Leverkusen,23-270,1999,25,2039,82,87.1,22.7,25,82,12,0,,0,1.60,41,31,+10,+0.44,+1.04,35.9,27.3,+8.6,+0.38,+0.58,Matches
fc62f087,Abdou Diallo,sn SEN,"DF,MF",RB Leipzig,26-334,1996,5,436,87,18.6,4.8,5,87,4,0,,7,2.60,11,4,+7,+1.44,+1.02,7.9,4.6,+3.3,+0.68,+0.08,Matches
d82a310a,Justin Diehl,de GER,"MF,FW",Köln,18-127,2004,2,17,9,0.8,0.2,0,,0,2,9,2,1.50,0,0,0,0.00,+0.44,1.2,0.0,+1.2,+6.25,+6.27,Matches
d2a40856,Tim-Justin Dietrich,de GER,MF,Werder Bremen,20-146,2002,0,,,,,0,,0,0,,5,,,,,,,,,,,,Matches
8779ddf8,Florian Dietz,de GER,FW,Köln,24-243,1998,11,395,36,17.6,4.4,4,62,0,7,21,0,1.27,9,10,-1,-0.23,+0.26,8.4,6.6,+1.9,+0.43,+0.48,Matches
cb83822a,Florian Dimmer,de GER,GK,M'Gladbach,18-078,2005,0,,,,,0,,0,0,,3,,,,,,,,,,,,Matches
95bb6ddc,Junior Dina Ebimbe,fr FRA,"DF,MF",Eint Frankfurt,22-133,2000,11,780,71,33.3,8.7,8,85,4,3,34,3,2.27,19,12,+7,+0.81,+0.63,17.6,9.1,+8.5,+0.98,+1.06,Matches
4ccd8957,Eren Dinkçi,de GER,"FW,MF",Werder Bremen,21-111,2001,12,177,15,7.9,2.0,0,,0,12,15,6,0.83,3,7,-4,-2.03,-1.82,2.1,3.8,-1.7,-0.88,-0.53,Matches
d01bbb6f,Ritsu Doan,jp JPN,"FW,MF",Freiburg,24-291,1998,26,1860,72,79.5,20.7,23,76,2,3,34,0,1.81,36,26,+10,+0.48,+1.61,31.8,24.9,+6.9,+0.33,+1.33,Matches
f67c9d29,Danilho Doekhi,nl NED,DF,Union Berlin,24-277,1998,17,1496,88,63.9,16.6,17,88,15,0,,4,2.06,27,16,+11,+0.66,+0.45,18.4,22.8,-4.4,-0.27,-0.52,Matches
cc83b74d,Kasper Dolberg,dk DEN,"FW,MF",Hoffenheim,25-179,1997,8,342,43,15.2,3.8,4,60,1,4,26,0,0.13,4,13,-9,-2.37,-2.23,4.8,6.7,-1.9,-0.49,-0.56,Matches
7f73bdf4,Niklas Dorsch,de GER,MF,Augsburg,25-078,1998,6,187,31,8.0,2.1,2,54,0,4,20,1,1.50,2,3,-1,-0.48,+0.02,1.8,3.3,-1.5,-0.73,-0.09,Matches
640134d6,Damion Downs,de GER,FW,Köln,18-271,2004,0,,,,,0,,0,0,,2,,,,,,,,,,,,Matches
9a2e3a23,Dion Drena Beljo,hr CRO,"FW,MF",Augsburg,21-033,2002,10,564,56,24.1,6.3,8,67,0,2,16,1,1.40,11,14,-3,-0.48,+0.03,7.1,12.7,-5.7,-0.91,-0.35,Matches
809940aa,Dominick Drexler,de GER,"MF,FW",Schalke 04,32-312,1990,19,1059,56,45.3,11.8,13,69,2,6,28,0,0.74,9,22,-13,-1.10,-0.12,11.4,16.9,-5.5,-0.46,-0.14,Matches
638a4d71,Marvin Ducksch,de GER,FW,Werder Bremen,29-027,1994,25,2090,84,92.9,23.2,25,84,14,0,,0,1.24,32,45,-13,-0.56,-2.81,27.9,37.4,-9.6,-0.41,-0.28,Matches
79ca3e23,Ondrej Duda,sk SVK,MF,Köln,28-119,1994,13,689,53,30.6,7.7,9,62,0,4,33,2,1.08,11,15,-4,-0.52,-0.12,11.3,11.5,-0.2,-0.02,-0.07,Matches
beb882a8,Maximilian Eggestein,de GER,MF,Freiburg,26-116,1996,25,1919,77,82.0,21.3,21,87,12,4,25,0,1.76,30,29,+1,+0.05,-0.59,26.6,29.6,-3.0,-0.14,-1.09,Matches
2f7fec15,Lilian Egloff,de GER,"MF,FW",Stuttgart,20-226,2002,10,241,24,10.3,2.7,2,63,0,8,15,10,0.90,6,6,0,0.00,+0.69,5.7,3.9,+1.9,+0.70,+0.80,Matches
76b2817e,Kingsley Ehizibue,nl NED,DF,Köln,27-313,1995,1,61,61,2.7,0.7,1,61,0,0,,1,1.00,1,2,-1,-1.48,-1.06,1.1,0.8,+0.3,+0.44,+0.43,Matches
943b9602,Julian Eitschberger,de GER,MF,Hertha BSC,19-029,2004,0,,,,,0,,0,0,,2,,,,,,,,,,,,Matches
e7f3e8a7,Chidera Ejuke,ng NGA,"FW,MF",Hertha BSC,25-091,1998,15,790,53,33.8,8.8,9,69,1,6,28,0,0.93,9,8,+1,+0.11,+1.22,9.8,11.7,-1.9,-0.22,+0.28,Matches
48035304,Nico Elvedi,ch SUI,DF,M'Gladbach,26-185,1996,23,2025,88,90.0,22.5,23,88,22,0,,0,1.17,37,42,-5,-0.22,-0.62,35.4,35.1,+0.3,+0.01,-0.01,Matches
c149016b,Wataru Endo,jp JPN,MF,Stuttgart,30-053,1993,25,2202,88,94.1,24.5,25,88,22,0,,0,0.80,27,42,-15,-0.61,+0.04,31.4,30.3,+1.1,+0.04,+0.98,Matches
554bcc91,Arne Engels,be BEL,MF,Augsburg,19-207,2003,11,915,83,39.1,10.2,11,83,8,0,,0,1.27,14,19,-5,-0.49,+0.01,10.3,17.6,-7.3,-0.72,-0.12,Matches
3f6c3ae0,Tjark Ernst,de GER,GK,Hertha BSC,20-019,2003,0,,,,,0,,0,0,,24,,,,,,,,,,,,Matches
83e0eeb4,Michael Esser,de GER,GK,Bochum,35-132,1987,0,,,,,0,,0,0,,18,,,,,,,,,,,,Matches
56e6a1c9,Kimberly Ezekwem,de GER,DF,Freiburg,21-288,2001,0,,,,,0,,0,0,,1,,,,,,,,,,,,Matches
1e43fad8,Ralf Fährmann,de GER,GK,Schalke 04,34-188,1988,9,810,90,34.6,9.0,9,90,9,0,,15,1.33,7,7,0,0.00,+1.59,10.5,11.2,-0.6,-0.07,+0.48,Matches
677da306,Ohis Felix Uduokhai,de GER,DF,Augsburg,25-206,1997,13,976,75,41.7,10.8,10,90,10,3,25,0,1.00,12,19,-7,-0.65,-0.25,12.6,17.2,-4.6,-0.42,+0.38,Matches
3bb625ac,Edimilson Fernandes,ch SUI,DF,Mainz 05,26-353,1996,24,1775,74,75.9,19.7,20,85,12,4,20,2,1.63,36,27,+9,+0.46,+0.77,28.2,26.5,+1.6,+0.08,+0.54,Matches
25877714,Lasse Finn Rieß,de GER,GK,Mainz 05,21-250,2001,0,,,,,0,,0,0,,5,,,,,,,,,,,,Matches
79f7302a,Kilian Fischer,de GER,DF,Wolfsburg,22-173,2000,6,375,63,16.0,4.2,4,88,2,2,13,13,2.67,6,2,+4,+0.96,+0.59,3.9,4.3,-0.4,-0.09,-0.16,Matches
a92ab7be,Mark Flekken,nl NED,GK,Freiburg,29-294,1993,26,2340,90,100.0,26.0,26,90,26,0,,0,1.81,39,35,+4,+0.15,,36.9,35.4,+1.5,+0.06,,Matches
9642c929,Florian Flick,de GER,MF,Schalke 04,22-337,2000,8,512,64,21.9,5.7,5,85,4,3,30,7,0.63,6,12,-6,-1.05,-0.02,6.7,7.8,-1.1,-0.19,+0.25,Matches
9a2e0ccc,Emil Forsberg,se SWE,"MF,FW",RB Leipzig,31-162,1991,23,1186,52,50.7,13.2,12,75,2,11,26,3,1.65,22,22,0,0.00,-1.25,20.5,19.4,+1.1,+0.08,-1.08,Matches
76fa965f,Philipp Förster,de GER,MF,Bochum,28-058,1995,20,1024,51,43.8,11.4,12,72,2,8,20,5,1.05,16,22,-6,-0.53,+1.05,13.2,17.6,-4.3,-0.38,+0.88,Matches
a9142dc3,Timothy Fosu-Mensah,nl NED,DF,Leverkusen,25-091,1998,9,176,20,7.5,2.0,1,53,0,8,15,13,2.11,3,2,+1,+0.51,+0.22,2.1,1.7,+0.4,+0.19,-0.12,Matches
626fab5f,Raphael Framberger,de GER,"DF,FW",Augsburg,27-209,1995,3,176,59,7.5,2.0,2,80,0,1,17,8,0.33,2,6,-4,-2.05,-1.67,1.0,3.9,-2.9,-1.46,-0.88,Matches
697dc00a,Bartol Franjić,hr CRO,MF,Wolfsburg,23-079,2000,5,227,45,9.7,2.5,3,71,0,2,7,7,1.80,3,5,-2,-0.79,-1.39,2.4,4.0,-1.6,-0.63,-0.75,Matches
458e3479,Oscar Fraulo,dk DEN,MF,M'Gladbach,19-118,2003,1,1,1,0.0,0.0,0,,0,1,1,10,0.00,0,0,0,0.00,+0.16,0.0,0.0,0.0,0.00,-0.01,Matches
33182cb8,Michael Frey,ch SUI,FW,Schalke 04,28-258,1994,11,674,61,28.8,7.5,8,76,1,3,22,0,1.09,6,12,-6,-0.80,+0.33,9.3,11.0,-1.8,-0.23,+0.21,Matches
f86ad3f5,Marco Friedl,at AUT,DF,Werder Bremen,25-018,1998,21,1784,85,79.3,19.8,21,85,18,0,,0,1.29,33,38,-5,-0.25,+0.52,24.3,29.5,-5.2,-0.26,+0.62,Matches
b77f44a4,Marvin Friedrich,de GER,DF,M'Gladbach,27-111,1995,15,964,64,42.8,10.7,10,90,10,5,13,9,1.27,21,22,-1,-0.09,+0.12,16.2,17.5,-1.2,-0.12,-0.23,Matches
74f2e748,Jeremie Frimpong,nl NED,"DF,MF",Leverkusen,22-114,2000,26,2009,77,85.9,22.3,24,80,9,2,41,0,1.54,42,32,+10,+0.45,+0.99,36.3,27.3,+9.0,+0.40,+0.70,Matches
0cf778df,Chris Führich,de GER,"FW,MF",Stuttgart,25-084,1998,25,1529,61,65.3,17.0,17,74,1,8,34,0,0.68,20,29,-9,-0.53,+0.25,20.2,22.1,-1.9,-0.11,-0.29,Matches
4b96c347,Angelo Fulgini,fr FRA,MF,Mainz 05,26-226,1996,16,525,33,22.4,5.8,5,56,0,11,22,2,1.19,5,11,-6,-1.03,-1.67,6.4,10.2,-3.7,-0.64,-0.77,Matches
4f16405e,Niclas Füllkrug,de GER,FW,Werder Bremen,30-053,1993,24,2117,88,94.1,23.5,24,88,22,0,,0,1.29,37,40,-3,-0.13,+3.93,28.3,35.0,-6.7,-0.29,+1.81,Matches
f27680d9,Cristian Gamboa,cr CRC,DF,Bochum,33-161,1989,15,1272,85,54.4,14.1,15,85,8,0,,0,0.87,13,32,-19,-1.34,-0.50,13.3,28.8,-15.5,-1.10,-0.48,Matches
6c731625,Silvère Ganvoula M'Boussy,cg CGO,"FW,MF",Bochum,26-285,1996,15,237,16,10.1,2.6,0,,0,15,16,3,0.80,3,9,-6,-2.28,-1.29,2.1,6.0,-3.9,-1.46,-0.65,Matches
ad2b068c,Linus Gechter,de GER,DF,Hertha BSC,19-035,2004,0,,,,,0,,0,0,,1,,,,,,,,,,,,Matches
37f606f0,Dennis Geiger,de GER,MF,Hoffenheim,24-297,1998,20,1429,71,63.5,15.9,20,71,4,0,,0,1.05,22,29,-7,-0.44,+0.11,24.2,25.1,-0.9,-0.06,-0.11,Matches
62ab9184,Yannick Gerhardt,de GER,MF,Wolfsburg,29-021,1994,21,1472,70,62.9,16.4,18,80,11,3,14,0,1.76,34,17,+17,+1.04,+1.56,25.8,20.5,+5.3,+0.33,+0.75,Matches
7242b495,Niko Gießelmann,de GER,DF,Union Berlin,31-189,1991,21,1199,57,51.2,13.3,13,82,6,8,17,3,1.95,22,11,+11,+0.83,+0.67,14.4,13.9,+0.5,+0.04,+0.24,Matches
17376543,Rafał Gikiewicz,pl POL,GK,Augsburg,35-159,1987,22,1980,90,84.6,22.0,22,90,22,0,,0,1.23,27,38,-11,-0.50,0.00,23.5,37.0,-13.5,-0.61,+0.21,Matches
f521b80a,Matthias Ginter,de GER,DF,Freiburg,29-074,1994,26,2340,90,100.0,26.0,26,90,26,0,,0,1.81,39,35,+4,+0.15,,36.9,35.4,+1.5,+0.06,,Matches
b76d296b,Nicolas Glaus,ch SUI,GK,Stuttgart,20-328,2002,0,,,,,0,,0,0,,1,,,,,,,,,,,,Matches
88e357ef,Serge Gnabry,de GER,"FW,MF",Bayern Munich,27-263,1995,26,1342,52,57.4,14.9,15,70,4,11,27,0,2.12,46,17,+29,+1.94,+0.32,33.4,17.0,+16.4,+1.10,+0.19,Matches
d5980989,Benjamin Goller,de GER,"FW,MF",Werder Bremen,24-092,1999,0,,,,,0,,0,0,,7,,,,,,,,,,,,Matches
83b9c48f,Jacek Góralski,pl POL,MF,Bochum,30-194,1992,4,146,37,6.2,1.6,2,60,0,2,14,1,0.00,0,5,-5,-3.08,-2.10,1.0,5.1,-4.1,-2.51,-1.74,Matches
cc86b9a3,Leon Goretzka,de GER,MF,Bayern Munich,28-056,1995,20,1408,70,60.2,15.6,18,76,6,2,16,1,2.05,43,18,+25,+1.60,-0.53,31.7,20.8,+10.9,+0.70,-0.81,Matches
ee7cdd0c,Felix Götze,de GER,"DF,MF",Augsburg,25-051,1998,0,,,,,0,,0,0,,1,,,,,,,,,,,,Matches
9efa1d25,Mario Götze,de GER,MF,Eint Frankfurt,30-304,1992,25,2119,85,90.6,23.5,25,85,16,0,,0,1.64,45,30,+15,+0.64,+2.67,37.5,27.3,+10.3,+0.44,+1.69,Matches
1025db8e,Jeffrey Gouweleeuw,nl NED,DF,Augsburg,31-267,1991,25,2165,87,92.5,24.1,25,87,23,0,,0,1.16,32,41,-9,-0.37,+1.68,26.3,41.6,-15.3,-0.64,+0.12,Matches
f26dee6b,Jens Grahl,de GER,GK,Eint Frankfurt,34-193,1988,0,,,,,0,,0,0,,3,,,,,,,,,,,,Matches
b8e740fb,Ryan Gravenberch,nl NED,MF,Bayern Munich,20-322,2002,16,323,20,13.8,3.6,1,45,0,15,19,8,2.31,10,7,+3,+0.84,-1.13,5.8,4.4,+1.3,+0.37,-0.76,Matches
8e235926,Michael Gregoritsch,at AUT,FW,Freiburg,28-350,1994,24,1781,74,76.1,19.8,23,76,1,1,24,0,1.88,31,21,+10,+0.51,+1.47,31.7,22.2,+9.5,+0.48,+1.77,Matches
f9dfb7ae,Leo Greiml,at AUT,DF,Schalke 04,21-274,2001,6,313,52,13.4,3.5,3,90,3,3,14,8,1.00,2,11,-9,-2.59,-1.79,3.7,8.7,-5.1,-1.45,-1.23,Matches
54e4866f,Vincenzo Grifo,it ITA,"FW,MF",Freiburg,29-361,1993,25,1772,71,75.7,19.7,22,78,1,3,18,0,1.88,34,19,+15,+0.76,+2.50,31.2,22.9,+8.3,+0.42,+1.50,Matches
37998008,Lennart Grill,de GER,GK,Union Berlin,24-068,1999,5,450,90,19.2,5.0,5,90,5,0,,21,1.40,7,11,-4,-0.80,-1.61,6.2,7.3,-1.1,-0.21,-0.16,Matches
14a7af33,Christian Groß,de GER,MF,Werder Bremen,34-054,1989,19,1377,72,61.2,15.3,17,78,4,2,26,1,1.53,25,32,-7,-0.46,-0.25,19.2,22.2,-3.0,-0.20,+0.50,Matches
ae9b998d,Brajan Gruda,de GER,MF,Mainz 05,18-307,2004,2,4,2,0.2,0.0,0,,0,2,2,2,0.00,0,1,-1,-22.50,-22.81,0.4,0.7,-0.3,-7.83,-7.80,Matches
1fc4f3d1,Ilia Gruev,bg BUL,MF,Werder Bremen,22-332,2000,23,1306,57,58.0,14.5,15,78,4,8,18,1,1.30,21,31,-10,-0.69,-0.78,17.5,28.5,-11.0,-0.76,-0.87,Matches
f2dd9a21,Carlos Gruezo,ec ECU,MF,Augsburg,27-349,1995,13,961,74,41.1,10.7,12,79,7,1,11,1,1.08,15,17,-2,-0.19,+0.53,11.7,20.0,-8.3,-0.77,-0.22,Matches
048a1cbc,Raphaël Guerreiro,pt POR,"DF,MF",Dortmund,29-102,1993,20,1750,88,74.8,19.4,20,88,15,0,,3,1.75,44,32,+12,+0.62,-0.91,37.4,26.1,+11.3,+0.58,+0.34,Matches
e6c43eec,Josuha Guilavogui,fr FRA,"MF,DF",Wolfsburg,32-196,1990,15,630,42,26.9,7.0,5,81,4,10,23,9,1.27,7,10,-3,-0.43,-1.22,7.2,11.0,-3.8,-0.55,-0.81,Matches
923f4dda,Sehrou Guirassy,gn GUI,FW,Stuttgart,27-022,1996,14,1003,72,42.9,11.1,12,81,7,2,18,1,0.71,13,24,-11,-0.99,-0.65,14.4,15.2,-0.8,-0.08,-0.11,Matches
bcb2ccd8,Péter Gulácsi,hu HUN,GK,RB Leipzig,32-332,1990,6,540,90,23.1,6.0,6,90,6,0,,0,1.33,10,10,0,0.00,-0.80,9.6,8.8,+0.8,+0.13,-0.63,Matches
25ab9c9c,Manuel Gulde,de GER,DF,Freiburg,32-050,1991,11,418,38,17.9,4.6,5,74,3,6,8,7,1.91,4,8,-4,-0.86,-1.24,4.0,6.8,-2.8,-0.59,-0.79,Matches
1df0c0b9,Robert Gumny,pl POL,DF,Augsburg,24-303,1998,22,1776,81,75.9,19.7,20,87,17,2,20,1,1.27,26,33,-7,-0.35,+0.60,21.3,33.2,-11.9,-0.60,+0.17,Matches
8593f88c,Christian Günter,de GER,"DF,MF",Freiburg,30-034,1993,25,2215,89,94.7,24.6,25,89,24,0,,0,1.84,37,32,+5,+0.20,+0.92,36.1,31.8,+4.2,+0.17,+2.14,Matches
5ad50391,Joško Gvardiol,hr CRO,DF,RB Leipzig,21-070,2002,24,1736,72,74.2,19.3,19,83,16,5,32,2,1.71,35,27,+8,+0.41,-0.78,34.4,24.0,+10.3,+0.54,-0.30,Matches
70dcf94d,Janik Haberer,de GER,MF,Union Berlin,29-001,1994,24,1602,67,68.5,17.8,22,72,0,2,14,0,1.96,28,18,+10,+0.56,+0.20,19.0,18.6,+0.4,+0.02,+0.32,Matches
a5ec3ede,Alexander Hack,de GER,DF,Mainz 05,29-207,1993,18,1124,62,48.0,12.5,14,77,10,4,12,6,1.56,17,19,-2,-0.16,-0.83,16.7,17.6,-0.9,-0.07,-0.05,Matches
1b9a46d1,Eduardo Dos Santos Haesler,de GER,GK,Werder Bremen,24-052,1999,0,,,,,0,,0,0,,1,,,,,,,,,,,,Matches
cd82452e,André Hahn,de GER,"FW,MF",Augsburg,32-233,1990,7,391,56,16.7,4.3,4,82,3,3,21,0,1.71,6,6,0,0.00,+0.60,4.7,8.2,-3.5,-0.80,-0.19,Matches
92432bc6,Amadou Haidara,ml MLI,MF,RB Leipzig,25-062,1998,24,948,40,40.5,10.5,8,77,2,16,21,2,1.71,24,12,+12,+1.14,+0.88,21.4,12.5,+9.0,+0.85,+0.40,Matches
ba115a40,Sébastien Haller,ci CIV,FW,Dortmund,28-285,1994,11,622,57,26.6,6.9,7,68,0,4,36,0,2.55,23,9,+14,+2.03,+1.61,15.0,8.6,+6.4,+0.93,+0.59,Matches
8ff2354e,Marcel Halstenberg,de GER,DF,RB Leipzig,31-188,1991,23,1270,55,54.3,14.1,14,78,3,9,20,1,1.78,26,17,+9,+0.64,+0.05,23.9,14.0,+9.9,+0.70,+0.19,Matches
2e77d607,Andreas Hanche-Olsen,no NOR,DF,Mainz 05,26-076,1997,10,867,87,37.1,9.6,10,87,9,0,,1,2.00,21,11,+10,+1.04,+1.22,15.2,13.4,+1.8,+0.19,+0.37,Matches
f24ea523,Genki Haraguchi,jp JPN,MF,Stuttgart,31-329,1991,8,668,84,28.5,7.4,8,84,3,0,,0,0.50,7,13,-6,-0.81,-0.27,8.3,9.4,-1.1,-0.15,-0.20,Matches
f24ea523,Genki Haraguchi,jp JPN,MF,Union Berlin,31-329,1991,11,498,45,21.3,5.5,6,70,0,5,16,5,2.18,8,7,+1,+0.18,-0.41,5.8,5.8,0.0,+0.01,+0.11,Matches
9ab16552,Makoto Hasebe,jp JPN,DF,Eint Frankfurt,39-075,1984,11,823,75,35.2,9.1,9,88,7,2,14,8,1.27,14,11,+3,+0.33,-0.09,10.5,12.0,-1.6,-0.17,-0.69,Matches
50871bcc,Thorgan Hazard,be BEL,"FW,DF",Dortmund,30-005,1993,14,464,33,19.8,5.2,2,77,1,12,26,1,1.79,6,8,-2,-0.39,-1.54,8.2,7.5,+0.7,+0.13,-0.45,Matches
c2009df3,Jonas Hector,de GER,DF,Köln,32-311,1990,23,2014,88,89.5,22.4,23,88,21,0,,0,1.13,32,40,-8,-0.36,+0.79,31.2,29.0,+2.2,+0.10,+0.70,Matches
309ff595,Justin Heekeren,de GER,GK,Schalke 04,22-127,2000,0,,,,,0,,0,0,,2,,,,,,,,,,,,Matches
699fb8db,Dominique Heintz,de GER,DF,Bochum,29-231,1993,7,502,72,21.5,5.6,5,85,3,2,39,6,1.00,4,15,-11,-1.97,-1.09,6.0,15.6,-9.6,-1.72,-1.07,Matches
0a89e877,Benjamin Henrichs,de GER,"DF,MF",RB Leipzig,26-039,1997,23,1703,74,72.8,18.9,18,85,13,5,34,2,1.65,31,30,+1,+0.05,-2.07,30.7,24.8,+5.9,+0.31,-1.10,Matches
c3ee18ef,Lucas Hernández,fr FRA,DF,Bayern Munich,27-048,1996,7,476,68,20.3,5.3,6,75,2,1,27,2,2.71,19,3,+16,+3.03,+1.53,16.0,4.2,+11.8,+2.23,+1.51,Matches
dfb6490a,Patrick Herrmann,de GER,"FW,MF",M'Gladbach,32-050,1991,18,149,8,6.6,1.7,0,,0,18,8,5,1.33,5,8,-3,-1.81,-1.77,3.4,4.6,-1.3,-0.77,-0.84,Matches
0c7a48f8,Piero Hincapié,ec ECU,DF,Leverkusen,21-084,2002,23,1843,80,78.8,20.5,20,86,12,3,39,0,1.65,39,26,+13,+0.63,+1.54,30.6,25.2,+5.4,+0.26,-0.19,Matches
5521f419,Adam Hložek,cz CZE,"FW,MF",Leverkusen,20-252,2002,22,1024,47,43.8,11.4,13,65,0,9,20,3,1.41,20,15,+5,+0.44,+0.23,17.6,14.0,+3.5,+0.31,+0.01,Matches
5d8e331f,Nicolas Höfler,de GER,MF,Freiburg,33-025,1990,25,2192,88,93.7,24.4,25,88,21,0,,0,1.76,36,32,+4,+0.16,+0.16,35.0,32.3,+2.6,+0.11,+0.80,Matches
2903a856,Jonas Hofmann,de GER,"FW,MF",M'Gladbach,30-263,1992,22,1941,88,86.3,21.6,22,88,11,0,,0,1.41,33,36,-3,-0.14,+0.15,33.4,32.2,+1.2,+0.06,+0.32,Matches
877bc844,Philipp Hofmann,de GER,FW,Bochum,30-004,1993,26,1987,76,84.9,22.1,23,83,11,3,29,0,1.00,24,47,-23,-1.04,+0.49,24.7,39.6,-14.9,-0.68,+1.34,Matches
ca618d23,Lucas Höler,de GER,"FW,MF",Freiburg,28-267,1994,18,816,45,34.9,9.1,8,81,1,10,17,0,1.67,11,14,-3,-0.33,-0.74,9.5,15.5,-6.0,-0.66,-1.10,Matches
2979c05a,Gerrit Holtmann,ph PHI,FW,Bochum,28-009,1995,18,854,47,36.5,9.5,8,71,2,10,28,4,0.89,6,23,-17,-1.79,-1.06,7.8,21.7,-13.9,-1.47,-0.92,Matches
70b20322,Mattis Hoppe,de GER,DF,Stuttgart,19-254,2003,0,,,,,0,,0,0,,1,,,,,,,,,,,,Matches
2b83fa49,Jannes Horn,de GER,"DF,FW",Bochum,26-056,1997,2,59,30,2.5,0.7,1,45,0,1,14,8,1.50,0,2,-2,-3.05,-1.99,0.2,1.4,-1.2,-1.84,-0.98,Matches
3cd9e95a,Timo Horn,de GER,GK,Köln,29-326,1993,0,,,,,0,,0,0,,23,,,,,,,,,,,,Matches
ad3389d5,Lukáš Hrádecký,fi FIN,GK,Leverkusen,33-130,1989,25,2249,90,96.1,25.0,25,90,24,0,,0,1.60,47,38,+9,+0.36,+1.35,38.6,32.6,+5.9,+0.24,-1.73,Matches
94302c52,Timo Hübers,de GER,DF,Köln,26-257,1996,20,1749,87,77.7,19.4,19,90,19,1,39,0,1.15,28,35,-7,-0.36,+0.36,25.5,25.1,+0.4,+0.02,-0.03,Matches
15f3ec41,Callum Hudson-Odoi,eng ENG,"FW,MF",Leverkusen,22-147,2000,14,605,43,25.9,6.7,7,68,0,7,18,4,1.50,12,13,-1,-0.15,-0.62,9.8,8.7,+1.0,+0.15,-0.20,Matches
05d548d8,Mats Hummels,de GER,DF,Dortmund,34-108,1988,22,1404,64,60.0,15.6,16,83,12,6,13,3,2.14,31,18,+13,+0.83,-0.03,27.9,20.6,+7.3,+0.47,-0.06,Matches
b116c6e3,Denis Huseinbasic,de GER,"MF,FW",Köln,21-274,2001,16,683,43,30.4,7.6,7,67,2,9,24,4,1.13,14,14,0,0.00,+0.63,10.6,8.6,+1.9,+0.26,+0.33,Matches
054849d2,Iago,br BRA,"DF,MF",Augsburg,26-011,1997,19,1413,74,60.4,15.7,16,83,10,3,28,0,1.21,22,24,-2,-0.13,+0.94,18.0,25.0,-7.0,-0.45,+0.50,Matches
f5c4fd91,Arijon Ibrahimović,de GER,MF,Bayern Munich,17-113,2005,1,14,14,0.6,0.2,0,,0,1,14,3,3.00,0,0,0,0.00,-1.82,0.9,0.0,+0.9,+5.71,+4.72,Matches
271b8617,Marcus Ingvartsen,dk DEN,"FW,MF",Mainz 05,27-089,1996,20,1015,51,43.4,11.3,13,68,1,7,18,2,1.55,22,10,+12,+1.06,+1.40,15.6,13.5,+2.1,+0.19,+0.41,Matches
97d545ae,Ko Itakura,jp JPN,DF,M'Gladbach,26-066,1997,16,1315,82,58.4,14.6,15,87,14,1,3,0,1.25,19,24,-5,-0.34,-0.44,21.8,21.5,+0.4,+0.03,+0.03,Matches
204dded0,Hiroki Ito,jp JPN,DF,Stuttgart,23-326,1999,24,2021,84,86.4,22.5,23,87,21,1,16,1,0.83,23,35,-12,-0.53,+0.59,28.1,27.9,+0.2,+0.01,+0.16,Matches
8bf58a80,Andreas Ivan,ro ROU,MF,Schalke 04,28-083,1995,1,46,46,2.0,0.5,0,,0,1,46,2,0.00,1,2,-1,-1.96,-0.94,0.7,0.8,-0.1,-0.28,+0.11,Matches
34b0387f,Lee Jae-sung,kr KOR,MF,Mainz 05,30-236,1992,26,1479,57,63.2,16.4,19,69,2,7,24,0,1.54,29,20,+9,+0.55,+0.76,21.0,19.5,+1.5,+0.09,+0.38,Matches
a93b6f4e,Paul Jaeckel,de GER,DF,Union Berlin,24-255,1998,12,890,74,38.0,9.9,9,90,9,3,27,8,1.92,16,8,+8,+0.81,+0.50,11.0,8.1,+2.9,+0.29,+0.60,Matches
a8ee54ad,Kristijan Jakić,hr CRO,"DF,MF",Eint Frankfurt,25-324,1997,22,1354,62,57.9,15.0,15,82,11,7,18,3,1.68,36,17,+19,+1.26,+2.08,27.0,14.8,+12.3,+0.81,+1.28,Matches
fa4cabd1,Jan Jakob Olschowsky,de GER,GK,M'Gladbach,21-136,2001,2,180,90,8.0,2.0,2,90,2,0,,10,1.50,5,4,+1,+0.50,+0.72,2.9,5.0,-2.1,-1.07,-1.18,Matches
689c9cf4,Saidy Janko,gm GAM,DF,Bochum,27-163,1995,15,806,54,34.4,9.0,9,76,4,6,21,5,0.87,12,26,-14,-1.56,-0.68,11.0,18.9,-8.0,-0.89,-0.02,Matches
34b54da7,Tony Jantschke,de GER,"DF,MF",M'Gladbach,32-361,1990,6,89,15,4.0,1.0,1,79,0,5,2,13,2.17,2,3,-1,-1.01,-0.89,1.1,1.5,-0.4,-0.42,-0.45,Matches
27d2618c,Rune Jarstein,no NOR,GK,Hertha BSC,38-186,1984,0,,,,,0,,0,0,,1,,,,,,,,,,,,Matches
3eeb80e0,Fredrik Jensen,fi FIN,"FW,MF",Augsburg,25-206,1997,18,792,44,33.8,8.8,7,77,1,11,23,3,1.33,11,14,-3,-0.34,+0.24,10.4,15.4,-5.0,-0.57,+0.11,Matches
ee644761,Moritz Jenz,de GER,DF,Schalke 04,23-338,1999,8,720,90,30.8,8.0,8,90,8,0,,0,1.50,7,4,+3,+0.37,+2.04,9.4,8.4,+1.0,+0.12,+0.73,Matches
d0975397,Marko Johansson,se SWE,GK,Bochum,24-221,1998,0,,,,,0,,0,0,,8,,,,,,,,,,,,Matches
f36c432f,Stevan Jovetić,me MNE,"FW,MF",Hertha BSC,33-152,1989,12,515,43,22.0,5.7,4,72,1,8,29,2,0.75,9,8,+1,+0.17,+1.11,8.7,8.8,-0.2,-0.03,+0.48,Matches
de838f86,Anthony Jung,de GER,"DF,FW",Werder Bremen,31-151,1991,25,1953,78,86.8,21.7,24,80,8,1,23,0,1.24,29,45,-16,-0.74,-2.86,23.4,36.3,-12.8,-0.59,-1.52,Matches
0a084b35,Josip Juranović,hr CRO,DF,Union Berlin,27-230,1995,5,450,90,19.2,5.0,5,90,5,0,,5,2.20,7,3,+4,+0.80,+0.37,5.9,6.5,-0.6,-0.11,-0.04,Matches
2d61d13a,Ozan Kabak,tr TUR,DF,Hoffenheim,23-009,2000,22,1849,84,82.2,20.5,22,84,17,0,,0,0.82,25,33,-8,-0.39,+0.51,28.7,29.9,-1.2,-0.06,-0.23,Matches
79c90e45,Pavel Kadeřábek,cz CZE,DF,Hoffenheim,30-343,1992,21,1237,59,55.0,13.7,12,81,8,9,30,2,0.86,16,20,-4,-0.29,+0.42,20.4,16.1,+4.3,+0.31,+0.74,Matches
94c18565,Florian Kainz,at AUT,"FW,MF",Köln,30-161,1992,23,1666,72,74.0,18.5,22,74,4,1,31,0,1.04,24,30,-6,-0.32,+0.45,25.0,22.9,+2.1,+0.12,+0.34,Matches
15f24fe7,Sasa Kalajdzic,at AUT,FW,Stuttgart,25-270,1997,3,233,78,10.0,2.6,3,78,1,0,,0,0.67,3,3,0,0.00,+0.68,2.9,1.4,+1.5,+0.60,+0.68,Matches
15b287da,Daichi Kamada,jp JPN,"MF,FW",Eint Frankfurt,26-241,1996,24,1666,69,71.2,18.5,19,82,9,5,23,1,1.58,39,27,+12,+0.65,+0.92,31.3,22.6,+8.6,+0.47,+0.66,Matches
5038a16d,Abdoulaye Kamara,gn GUI,MF,Dortmund,18-148,2004,0,,,,,0,,0,0,,1,,,,,,,,,,,,Matches
202b3b68,Jakub Kamiński,pl POL,"FW,MF",Wolfsburg,20-302,2002,23,1412,61,60.3,15.7,17,74,3,6,25,2,1.57,36,16,+20,+1.27,+2.05,25.5,19.7,+5.8,+0.37,+0.82,Matches
463503e2,Marcin Kamiński,pl POL,DF,Schalke 04,31-078,1992,2,92,46,3.9,1.0,1,90,1,1,2,8,1.50,1,3,-2,-1.96,-0.96,0.3,4.1,-3.8,-3.77,-3.52,Matches
b825a650,Kevin Kampl,si SVN,MF,RB Leipzig,32-176,1990,22,944,43,40.3,10.5,12,66,3,10,15,3,1.82,16,17,-1,-0.10,-1.19,17.7,13.1,+4.6,+0.44,-0.29,Matches
b4c816a9,Wilfried Kanga,ci CIV,FW,Hertha BSC,25-041,1998,20,1279,64,54.7,14.2,14,80,4,6,26,1,0.75,16,19,-3,-0.21,+1.06,15.3,20.7,-5.4,-0.38,+0.05,Matches
8f0f2230,Kenan Karaman,tr TUR,FW,Schalke 04,29-029,1994,14,499,36,21.3,5.5,5,68,1,9,18,5,0.86,5,10,-5,-0.90,+0.17,6.4,8.0,-1.7,-0.30,+0.11,Matches
5762be5c,Atakan Karazor,de GER,MF,Stuttgart,26-172,1996,22,1345,61,57.5,14.9,15,85,10,7,11,3,0.77,15,26,-11,-0.74,-0.28,16.8,19.6,-2.8,-0.19,-0.41,Matches
778ccc44,Thomas Kastanaras,gr GRE,"FW,DF",Stuttgart,20-084,2003,4,72,18,3.1,0.8,1,45,0,3,9,12,0.25,0,3,-3,-3.75,-3.23,1.1,0.8,+0.3,+0.32,+0.34,Matches
cc7c1706,Daniel Katić,hr CRO,DF,Augsburg,19-342,2003,0,,,,,0,,0,0,,2,,,,,,,,,,,,Matches
de4cac2d,Silas Katompa,cd COD,"FW,DF",Stuttgart,24-179,1998,22,1561,71,66.7,17.3,19,79,6,3,19,0,0.91,21,27,-6,-0.35,+0.81,21.3,21.1,+0.2,+0.01,+0.07,Matches
d2c580ce,Yannik Keitel,de GER,MF,Freiburg,23-047,2000,18,447,25,19.1,5.0,5,67,1,13,8,6,1.94,8,6,+2,+0.40,+0.31,8.7,7.0,+1.7,+0.35,+0.35,Matches
4658e309,Aljoscha Kemlein,de GER,MF,Union Berlin,18-244,2004,0,,,,,0,,0,0,,2,,,,,,,,,,,,Matches
815c314f,Marc-Oliver Kempf,de GER,DF,Hertha BSC,28-065,1995,25,2184,87,93.3,24.3,25,87,22,0,,0,0.88,30,45,-15,-0.62,+1.11,29.0,37.0,-8.0,-0.33,+1.12,Matches
099e666f,Jonjoe Kenny,eng ENG,DF,Hertha BSC,26-019,1997,23,1733,75,74.1,19.3,19,87,17,4,18,2,0.83,22,33,-11,-0.57,+0.47,21.4,31.0,-9.6,-0.50,-0.36,Matches
59e4b92e,Rani Khedira,de GER,MF,Union Berlin,29-066,1994,25,2162,86,92.4,24.0,25,86,20,0,,0,2.04,39,22,+17,+0.71,+2.73,25.2,27.7,-2.5,-0.10,-0.31,Matches
610aa1e9,Luca Kilian,de GER,DF,Köln,23-214,1999,13,1096,84,48.7,12.2,13,84,11,0,,0,1.15,19,23,-4,-0.33,+0.22,18.8,18.1,+0.7,+0.06,+0.06,Matches
49296448,Joshua Kimmich,de GER,MF,Bayern Munich,28-054,1995,25,2126,85,90.9,23.6,24,87,21,1,45,0,2.08,71,28,+43,+1.82,+0.14,50.7,27.0,+23.7,+1.00,-0.21,Matches
ab679ecf,Daniel Klein,de GER,GK,Augsburg,22-021,2001,0,,,,,0,,0,0,,12,,,,,,,,,,,,Matches
90d88154,Pascal Klemens,de GER,DF,Hertha BSC,18-039,2005,0,,,,,0,,0,0,,2,,,,,,,,,,,,Matches
2b7c56b4,Mateo Klimowicz,de GER,MF,Stuttgart,22-271,2000,0,,,,,0,,0,0,,1,,,,,,,,,,,,Matches
74d654b4,Niklas Klinger,de GER,GK,Wolfsburg,27-172,1995,0,,,,,0,,0,0,,1,,,,,,,,,,,,Matches
ca8033cb,Lukas Klostermann,de GER,DF,RB Leipzig,26-304,1996,7,389,56,16.6,4.3,4,90,4,3,10,6,1.29,5,3,+2,+0.46,-0.18,6.7,4.1,+2.7,+0.61,0.00,Matches
19a967ab,Ansgar Knauff,de GER,DF,Eint Frankfurt,21-083,2002,18,1031,57,44.1,11.5,12,75,5,6,23,4,1.67,18,20,-2,-0.17,-1.00,12.9,18.1,-5.2,-0.45,-1.30,Matches
6bd5cd5d,Robin Knoche,de GER,DF,Union Berlin,30-316,1992,25,2250,90,96.2,25.0,25,90,25,0,,1,2.04,41,26,+15,+0.60,+2.60,27.7,29.9,-2.2,-0.09,-0.21,Matches
56478677,Matthias Köbbing,de GER,GK,Köln,25-310,1997,0,,,,,0,,0,0,,3,,,,,,,,,,,,Matches
cd59b9df,Gregor Kobel,ch SUI,GK,Dortmund,25-118,1997,19,1710,90,73.1,19.0,19,90,19,0,,2,2.21,42,23,+19,+1.00,+0.57,34.2,24.4,+9.8,+0.52,+0.09,Matches
0fbecd11,Dominik Kohr,de GER,MF,Mainz 05,29-062,1994,23,1689,73,72.2,18.8,20,82,15,3,18,1,1.61,31,22,+9,+0.48,+0.76,25.6,24.9,+0.6,+0.03,+0.29,Matches
c0b3669f,Randal Kolo Muani,fr FRA,FW,Eint Frankfurt,24-119,1998,25,2049,82,87.6,22.8,24,84,10,1,45,0,1.64,41,26,+15,+0.66,+2.21,33.9,26.0,+7.9,+0.35,+0.58,Matches
ab096c6f,Timothée Kolodziejczak,fr FRA,DF,Schalke 04,31-184,1991,1,25,25,1.1,0.3,0,,0,1,25,3,0.00,0,0,0,0.00,+1.05,0.0,0.6,-0.6,-2.13,-1.76,Matches
86574238,Kouadio Koné,fr FRA,MF,M'Gladbach,21-321,2001,24,2099,87,93.3,23.3,24,87,14,0,,0,1.29,36,41,-5,-0.21,-0.81,35.9,35.2,+0.7,+0.03,+0.23,Matches
1f3afdcb,Odilon Kossonou,ci CIV,DF,Leverkusen,22-089,2001,20,1163,58,49.7,12.9,13,81,9,7,15,5,1.70,30,19,+11,+0.85,+1.08,23.6,17.5,+6.1,+0.47,+0.33,Matches
b1cd37e6,Filip Kostić,rs SRB,"DF,MF",Eint Frankfurt,30-153,1992,1,74,74,3.2,0.8,1,74,0,0,,0,0.00,1,5,-4,-4.86,-5.42,0.8,3.5,-2.7,-3.35,-3.74,Matches
dc366c36,Tomáš Koubek,cz CZE,GK,Augsburg,30-220,1992,4,360,90,15.4,4.0,4,90,4,0,,14,0.50,7,9,-2,-0.50,0.00,5.0,8.3,-3.3,-0.82,-0.21,Matches
f1e855eb,Soichiro Kozuki,jp JPN,"FW,MF",Schalke 04,22-102,2000,5,379,76,16.2,4.2,5,76,1,0,,0,0.60,1,5,-4,-0.95,+0.11,4.7,5.3,-0.6,-0.15,+0.28,Matches
e717705a,Alex Král,cz CZE,MF,Schalke 04,24-319,1998,21,1637,78,70.0,18.2,18,88,15,3,18,3,0.81,13,29,-16,-0.88,+0.53,18.3,29.2,-10.9,-0.60,-0.70,Matches
603cb947,Andrej Kramarić,hr CRO,"MF,FW",Hoffenheim,31-288,1991,23,1616,70,71.8,18.0,17,81,8,6,39,1,0.83,25,33,-8,-0.45,+0.12,26.3,25.9,+0.4,+0.02,+0.15,Matches
496aeede,Christoph Kramer,de GER,MF,M'Gladbach,32-043,1991,24,1955,81,86.9,21.7,24,81,15,0,,0,1.25,33,36,-3,-0.14,+0.17,33.6,32.0,+1.5,+0.07,+0.43,Matches
9f77012e,Tom Krauß,de GER,MF,Schalke 04,21-285,2001,26,2114,81,90.3,23.5,26,81,14,0,,0,0.81,16,41,-25,-1.06,-0.27,25.9,34.0,-8.1,-0.35,+0.43,Matches
f9446dcd,Max Kruse,de GER,"MF,FW",Wolfsburg,35-015,1988,5,272,54,11.6,3.0,2,90,2,3,31,0,0.40,3,6,-3,-0.99,-1.65,2.8,7.4,-4.6,-1.52,-1.78,Matches
2a29eb9b,Lukas Kübler,de GER,DF,Freiburg,30-216,1992,14,1189,85,50.8,13.2,14,85,7,0,,6,2.00,23,13,+10,+0.76,+1.23,20.2,16.1,+4.1,+0.31,+0.51,Matches
9ceb7642,Pierre Kunde,cm CMR,MF,Bochum,27-251,1995,8,320,40,13.7,3.6,3,81,0,5,16,2,1.13,2,11,-9,-2.53,-1.64,2.7,8.7,-6.0,-1.71,-0.96,Matches
f1bc3876,Alou Kuol,au AUS,FW,Stuttgart,22-188,2000,1,5,5,0.2,0.1,0,,0,1,5,1,0.00,0,0,0,0.00,+0.62,0.0,0.1,-0.1,-1.80,-1.79,Matches
5f517064,Robert Kwasigroch,de GER,GK,Hertha BSC,18-281,2004,0,,,,,0,,0,0,,1,,,,,,,,,,,,Matches
2770726a,Daniel Kyereh,gh GHA,"MF,FW",Freiburg,27-026,1996,12,559,47,23.9,6.2,7,72,0,5,11,2,1.58,7,11,-4,-0.64,-1.05,9.0,7.6,+1.4,+0.23,+0.23,Matches
277c49ed,Maxence Lacroix,fr FRA,DF,Wolfsburg,22-362,2000,20,1391,70,59.4,15.5,15,84,11,5,25,6,1.30,23,23,0,0.00,-1.14,21.8,20.5,+1.3,+0.09,+0.10,Matches
22798128,Aïssa Laïdouni,tn TUN,MF,Union Berlin,26-111,1996,7,477,68,20.4,5.3,6,76,1,1,22,1,1.71,5,5,0,0.00,-0.63,4.9,9.0,-4.1,-0.78,-0.87,Matches
c1b7847c,Konrad Laimer,at AUT,MF,RB Leipzig,25-311,1997,14,1027,73,43.9,11.4,12,82,5,2,19,0,1.64,18,14,+4,+0.35,-0.47,17.4,13.5,+3.9,+0.34,-0.49,Matches
4aea5077,Stefan Lainer,at AUT,DF,M'Gladbach,30-219,1992,10,341,34,15.2,3.8,4,77,1,6,5,10,1.50,4,11,-7,-1.85,-1.99,5.6,6.3,-0.7,-0.18,-0.23,Matches
591477c9,Vassilis Lambropoulos,gr GRE,DF,Bochum,33-003,1990,13,623,48,26.6,6.9,7,84,6,6,6,10,0.85,4,14,-10,-1.44,-0.45,6.7,12.3,-5.7,-0.82,+0.08,Matches
72984eee,Jordan Larsson,se SWE,"FW,MF",Schalke 04,25-287,1997,11,463,42,19.8,5.1,5,60,0,6,27,4,0.55,4,12,-8,-1.56,-0.64,5.1,8.8,-3.7,-0.71,-0.41,Matches
33b554b7,Danny Latza,de GER,MF,Schalke 04,33-117,1989,13,460,35,19.7,5.1,4,76,2,9,18,6,0.69,3,14,-11,-2.15,-1.39,6.6,7.4,-0.8,-0.16,+0.28,Matches
c4987edc,Diogo Leite,pt POR,DF,Union Berlin,24-070,1999,22,1823,83,77.9,20.3,21,87,20,1,5,1,1.95,33,24,+9,+0.44,-0.25,21.9,23.3,-1.4,-0.07,+0.05,Matches
7e12a98d,Maxim Leitsch,de GER,DF,Mainz 05,24-320,1998,9,663,74,28.3,7.4,7,89,6,2,22,10,1.56,9,13,-4,-0.54,-1.13,9.0,10.6,-1.6,-0.22,-0.24,Matches
792ffa71,Tim Lemperle,de GER,"FW,MF",Köln,21-057,2002,10,116,12,5.2,1.3,0,,0,10,12,4,1.60,2,1,+1,+0.78,+1.28,2.4,0.7,+1.7,+1.37,+1.41,Matches
bbd86530,Christopher Lenz,de GER,DF,Eint Frankfurt,28-193,1994,17,753,44,32.2,8.4,6,86,4,11,21,2,1.71,19,10,+9,+1.08,+1.02,14.9,10.4,+4.5,+0.54,+0.40,Matches
13fe7b69,Jamie Leweling,de GER,FW,Union Berlin,22-036,2001,12,186,16,7.9,2.1,0,,0,12,16,10,2.33,6,2,+4,+1.94,+1.56,3.8,3.7,+0.1,+0.06,+0.15,Matches
302527b2,Philipp Lienhart,at AUT,DF,Freiburg,26-266,1996,23,2011,87,85.9,22.3,22,90,21,1,34,0,1.83,35,28,+7,+0.31,+1.13,33.2,30.5,+2.7,+0.12,+0.44,Matches
d6e53a3a,Matthijs de Ligt,nl NED,DF,Bayern Munich,23-234,1999,23,1689,73,72.2,18.8,19,85,15,4,19,1,2.00,52,18,+34,+1.81,+0.01,36.7,19.5,+17.2,+0.92,-0.38,Matches
62c7067a,Dimitris Limnios,gr GRE,"FW,MF",Köln,24-311,1998,0,,,,,0,,0,0,,1,,,,,,,,,,,,Matches
37dc1a48,Jesper Lindstrøm,dk DEN,"MF,FW",Eint Frankfurt,23-033,2000,22,1530,70,65.4,17.0,20,74,2,2,26,0,1.64,33,23,+10,+0.59,+0.59,24.1,22.1,+2.1,+0.12,-0.45,Matches
c455a2b2,Dejan Ljubicic,at AUT,MF,Köln,25-177,1997,18,1140,63,50.7,12.7,13,74,2,5,36,0,1.11,15,21,-6,-0.47,-0.07,16.5,16.6,-0.1,-0.01,-0.07,Matches
9321b8ed,Niklas Lomb,de GER,GK,Leverkusen,29-249,1993,0,,,,,0,,0,0,,12,,,,,,,,,,,,Matches
07c7eb0c,Anthony Losilla,fr FRA,MF,Bochum,37-024,1986,24,2103,88,89.9,23.4,24,88,21,0,,0,1.08,28,51,-23,-0.98,+1.29,24.9,46.4,-21.6,-0.92,-0.43,Matches
5584552e,Marcel Lotka,pl POL,GK,Dortmund,21-313,2001,0,,,,,0,,0,0,,5,,,,,,,,,,,,Matches
5569bf9a,Anderson Lucoqui,ao ANG,DF,Mainz 05,25-271,1997,0,,,,,0,,0,0,,1,,,,,,,,,,,,Matches
0c61c77c,Dodi Lukebakio,be BEL,"FW,MF",Hertha BSC,25-191,1997,25,1813,73,77.5,20.1,20,83,10,5,32,0,0.88,25,37,-12,-0.60,+0.43,22.1,32.3,-10.2,-0.51,-0.46,Matches
8a6ab963,Andrey Lunyov,ru RUS,GK,Leverkusen,31-141,1991,1,90,90,3.8,1.0,1,90,1,0,,10,0.00,1,2,-1,-1.00,-1.36,2.5,0.4,+2.1,+2.10,+1.87,Matches
96ad92d4,Josué-Emanuel M'bila,ao ANG,MF,Augsburg,23-225,1999,0,,,,,0,,0,0,,2,,,,,,,,,,,,Matches
ab700320,Arne Maier,de GER,MF,Augsburg,24-085,1999,22,1438,65,61.5,16.0,17,78,5,5,21,3,1.00,17,30,-13,-0.81,-0.81,14.2,28.0,-13.8,-0.86,-0.57,Matches
e5d85da8,Linton Maina,de GER,"FW,MF",Köln,23-284,1999,24,1531,64,68.0,17.0,18,76,1,6,28,1,1.08,22,29,-7,-0.41,+0.09,21.5,22.2,-0.8,-0.04,-0.22,Matches
864163f3,Donyell Malen,nl NED,FW,Dortmund,24-074,1999,18,1108,62,47.4,12.3,14,69,0,4,34,2,1.94,25,20,+5,+0.41,-0.84,23.9,16.3,+7.6,+0.62,+0.24,Matches
0674ebf1,Maurice Malone,de GER,"FW,MF",Augsburg,22-229,2000,0,,,,,0,,0,0,,3,,,,,,,,,,,,Matches
c691bfe2,Sadio Mané,sn SEN,FW,Bayern Munich,30-358,1992,19,1098,58,46.9,12.2,14,70,3,5,23,0,2.26,38,15,+23,+1.89,+0.15,27.0,13.6,+13.4,+1.10,+0.15,Matches
706a60e1,Myziane Maolida,fr FRA,"FW,MF",Hertha BSC,24-048,1999,3,95,32,4.1,1.1,1,55,0,2,20,7,0.00,1,3,-2,-1.89,-1.25,0.6,1.2,-0.7,-0.62,-0.22,Matches
0e0102eb,Omar Marmoush,eg EGY,FW,Wolfsburg,24-055,1999,25,1242,50,53.1,13.8,13,69,1,12,29,1,1.52,22,20,+2,+0.14,-0.67,19.5,18.9,+0.5,+0.04,-0.01,Matches
92a16062,Eric Martel,de GER,MF,Köln,20-339,2002,21,1354,64,60.2,15.0,15,80,8,6,25,4,1.10,17,24,-7,-0.47,-0.06,18.6,18.6,0.0,0.00,-0.07,Matches
2f3e911a,Aarón Martín,es ESP,DF,Mainz 05,25-346,1997,21,1492,71,63.8,16.6,17,84,12,4,18,5,1.43,22,25,-3,-0.18,-1.24,21.4,23.7,-2.3,-0.14,-0.25,Matches
60734200,Gabriel Marušić,hr CRO,DF,Bayern Munich,20-031,2003,0,,,,,0,,0,0,,1,,,,,,,,,,,,Matches
a396fb61,Erhan Mašović,rs SRB,DF,Bochum,24-132,1998,21,1489,71,63.6,16.5,15,90,15,6,23,1,0.95,19,32,-13,-0.79,+0.91,17.6,31.8,-14.1,-0.85,+0.07,Matches
ab3f1bdf,Henning Matriciani,de GER,DF,Schalke 04,23-020,2000,15,1298,87,55.5,14.4,15,87,13,0,,10,0.93,15,28,-13,-0.90,+0.31,14.8,22.2,-7.5,-0.52,-0.29,Matches
00963611,Konstantinos Mavropanos,gr GRE,DF,Stuttgart,25-113,1997,23,1958,85,83.7,21.8,22,89,20,1,1,0,0.74,24,38,-14,-0.64,-0.17,26.7,27.8,-1.1,-0.05,-0.23,Matches
826e8b63,Philipp Max,de GER,DF,Eint Frankfurt,29-185,1993,8,559,70,23.9,6.2,7,77,2,1,18,0,1.13,8,10,-2,-0.32,-0.93,9.0,7.0,+2.0,+0.32,+0.06,Matches
0e6bc38c,Eric Maxim Choupo-Moting,cm CMR,FW,Bayern Munich,34-011,1989,18,1092,61,46.7,12.1,14,74,4,4,15,1,2.11,37,12,+25,+2.06,+0.47,27.6,13.0,+14.6,+1.20,+0.34,Matches
ebb32f3a,Keke Maximilian Topp,de GER,FW,Schalke 04,19-009,2004,0,,,,,0,,0,0,,1,,,,,,,,,,,,Matches
89b3bc5e,Ibrahim Maza,de GER,MF,Hertha BSC,17-130,2005,0,,,,,0,,0,0,,1,,,,,,,,,,,,Matches
b74277a0,Noussair Mazraoui,ma MAR,DF,Bayern Munich,25-140,1997,12,569,47,24.3,6.3,6,78,3,6,17,6,2.42,25,10,+15,+2.37,+0.75,14.9,9.3,+5.6,+0.89,-0.18,Matches
e75129bd,Noah Mbamba,be BEL,DF,Leverkusen,18-088,2005,0,,,,,0,,0,0,,6,,,,,,,,,,,,Matches
1a5d7cb9,Jean-Manuel Mbom,de GER,MF,Werder Bremen,23-038,2000,0,,,,,0,,0,0,,3,,,,,,,,,,,,Matches
46750e9c,Nathanael Mbuku,fr FRA,FW,Augsburg,21-018,2002,1,14,14,0.6,0.2,0,,0,1,14,5,0.00,1,0,+1,+6.43,+6.97,0.9,0.2,+0.8,+4.97,+5.65,Matches
e162b013,Thomas Meunier,be BEL,DF,Dortmund,31-203,1991,10,585,59,25.0,6.5,7,77,5,3,15,5,2.10,5,9,-4,-0.62,-1.95,11.0,8.8,+2.2,+0.34,-0.20,Matches
b56dd813,Alexander Meyer,de GER,GK,Dortmund,31-355,1991,7,630,90,26.9,7.0,7,90,7,0,,19,1.57,15,12,+3,+0.43,-0.57,12.9,9.9,+3.0,+0.43,-0.09,Matches
1e274a0a,Sven Michel,de GER,FW,Union Berlin,32-262,1990,16,412,26,17.6,4.6,2,74,1,14,19,8,1.69,7,4,+3,+0.66,+0.19,6.0,4.0,+2.0,+0.44,+0.64,Matches
f76022e7,Enzo Millot,fr FRA,MF,Stuttgart,20-260,2002,16,503,31,21.5,5.6,4,76,1,12,17,5,0.88,8,12,-4,-0.72,-0.13,8.2,10.4,-2.2,-0.39,-0.48,Matches
88d4144a,Maximilian Mittelstädt,de GER,DF,Hertha BSC,26-016,1997,13,643,49,27.5,7.1,5,81,4,8,30,11,0.92,8,13,-5,-0.70,-0.01,9.7,13.2,-3.5,-0.49,-0.12,Matches
34e4343c,Anthony Modeste,fr FRA,FW,Dortmund,34-354,1988,17,799,47,34.1,8.9,7,83,3,10,22,6,1.88,12,9,+3,+0.34,-0.77,14.3,12.1,+2.2,+0.24,-0.38,Matches
9ec9c8b6,Tobias Mohr,de GER,"DF,MF",Schalke 04,27-222,1995,16,790,49,33.8,8.8,8,76,4,8,23,5,0.81,10,14,-4,-0.46,+0.88,10.8,13.2,-2.4,-0.27,+0.17,Matches
29ddfb9c,Clinton Mola,eng ENG,DF,Stuttgart,22-019,2001,1,15,15,0.6,0.2,0,,0,1,15,2,1.00,0,0,0,0.00,+0.62,0.1,0.4,-0.3,-1.64,-1.64,Matches
7e82a78f,Florent Mollet,fr FRA,MF,Schalke 04,31-135,1991,9,410,46,17.5,4.6,4,72,1,5,24,3,0.56,3,13,-10,-2.20,-1.40,5.9,8.5,-2.6,-0.58,-0.24,Matches
6ce43701,Youssoufa Moukoko,de GER,FW,Dortmund,18-134,2004,19,979,52,41.8,10.9,11,73,4,8,22,2,1.79,26,19,+7,+0.64,-0.35,20.8,15.9,+4.9,+0.45,-0.08,Matches
d9cfca3d,Lys Mousset,fr FRA,"FW,MF",Bochum,27-054,1996,0,,,,,0,,0,0,,1,,,,,,,,,,,,Matches
cbac6ec9,Florian Müller,de GER,GK,Stuttgart,25-141,1997,19,1710,90,73.1,19.0,19,90,19,0,,7,0.84,22,34,-12,-0.63,-0.06,25.4,24.6,+0.8,+0.04,+0.20,Matches
3c6089ab,Thomas Müller,de GER,"FW,MF",Bayern Munich,33-202,1989,19,1127,59,48.2,12.5,15,70,5,4,20,0,1.89,36,8,+28,+2.24,+0.83,28.8,10.4,+18.4,+1.47,+0.87,Matches
d01b9ad6,Torben Müsel,de GER,FW,M'Gladbach,23-252,1999,0,,,,,0,,0,0,,2,,,,,,,,,,,,Matches
2c0558b8,Jamal Musiala,de GER,"MF,FW",Bayern Munich,20-036,2003,25,1691,68,72.3,18.8,20,77,5,5,30,0,2.08,52,21,+31,+1.65,-0.57,39.8,21.9,+17.9,+0.95,-0.25,Matches
9ff8ec4a,Suliman Mustapha,at AUT,"FW,MF",Mainz 05,21-314,2001,5,68,14,2.9,0.8,0,,0,5,14,4,2.20,1,0,+1,+1.32,+1.09,0.7,0.2,+0.5,+0.61,+0.68,Matches
441197b8,Obite N'Dicka,fr FRA,DF,Eint Frankfurt,23-226,1999,25,2242,90,95.8,24.9,25,90,24,0,,1,1.64,45,35,+10,+0.40,+0.40,38.6,30.5,+8.1,+0.32,+1.19,Matches
e110ea4b,Nathan N'Goumou,fr FRA,FW,M'Gladbach,23-020,2000,12,328,27,14.6,3.6,3,67,0,9,14,9,0.67,2,5,-3,-0.82,-0.78,3.4,5.3,-1.9,-0.53,-0.63,Matches
61590953,Stanley N'Soki,fr FRA,DF,Hoffenheim,23-359,1999,14,1092,78,48.5,12.1,12,82,9,2,56,3,0.86,21,32,-11,-0.91,-0.83,19.2,20.8,-1.6,-0.13,-0.22,Matches
30261ba1,Nikolas Nartey,dk DEN,"DF,MF",Stuttgart,23-040,2000,8,388,49,16.6,4.3,4,80,1,4,17,9,0.63,5,7,-2,-0.46,+0.18,6.0,6.5,-0.5,-0.12,-0.13,Matches
e79269bd,Luca Netz,de GER,DF,M'Gladbach,19-323,2003,12,414,35,18.4,4.6,4,90,3,8,7,11,1.25,8,11,-3,-0.65,-0.60,7.8,9.9,-2.1,-0.46,-0.58,Matches
8778c910,Manuel Neuer,de GER,GK,Bayern Munich,37-007,1986,12,1080,90,46.2,12.0,12,90,12,0,,0,2.08,36,11,+25,+2.08,+0.51,27.6,11.4,+16.2,+1.35,+0.61,Matches
36a59ba4,Florian Neuhaus,de GER,MF,M'Gladbach,26-018,1997,15,763,51,33.9,8.5,8,79,4,7,19,1,1.00,12,13,-1,-0.12,+0.06,15.1,10.8,+4.3,+0.51,+0.76,Matches
bc249af8,Jessic Ngankam,de GER,"FW,MF",Hertha BSC,22-257,2000,11,526,48,22.5,5.8,5,67,1,6,32,0,0.73,7,12,-5,-0.86,-0.21,8.0,8.9,-0.8,-0.14,+0.34,Matches
5853ac44,Tanguy Nianzou,fr FRA,DF,Bayern Munich,20-300,2002,0,,,,,0,,0,0,,2,,,,,,,,,,,,Matches
9050f964,Jonas Nickisch,de GER,GK,RB Leipzig,18-317,2004,0,,,,,0,,0,0,,4,,,,,,,,,,,,Matches
d6862409,Florian Niederlechner,de GER,"FW,MF",Augsburg,32-161,1990,14,910,65,38.9,10.1,10,80,4,4,28,1,1.07,15,15,0,0.00,+0.82,13.3,16.0,-2.7,-0.27,+0.62,Matches
d6862409,Florian Niederlechner,de GER,FW,Hertha BSC,32-161,1990,9,493,55,21.1,5.5,7,65,0,2,19,0,0.89,7,10,-3,-0.55,+0.18,6.3,7.5,-1.1,-0.20,+0.25,Matches
a45241d5,Justin Njinmah,de GER,FW,Dortmund,22-139,2000,1,22,22,0.9,0.2,0,,0,1,22,2,0.00,0,1,-1,-4.09,-4.98,0.0,1.1,-1.1,-4.70,-5.24,Matches
7c56da38,Christopher Nkunku,fr FRA,"FW,MF",RB Leipzig,25-140,1997,18,1418,79,60.6,15.8,15,89,12,3,28,0,1.89,33,22,+11,+0.70,+0.21,30.7,16.9,+13.8,+0.87,+0.66,Matches
091c86e2,Felix Nmecha,de GER,MF,Wolfsburg,22-175,2000,22,1162,53,49.7,12.9,11,81,4,11,25,1,1.55,23,13,+10,+0.77,+0.62,18.7,19.4,-0.7,-0.05,-0.20,Matches
0cc5f4a5,Lukas Nmecha,de GER,FW,Wolfsburg,24-110,1998,16,899,56,38.4,10.0,10,79,5,6,19,2,1.13,13,16,-3,-0.30,-1.24,10.2,14.7,-4.4,-0.44,-0.79,Matches
c7d84763,Nahuel Noll,de GER,GK,Hoffenheim,20-017,2003,0,,,,,0,,0,0,,2,,,,,,,,,,,,Matches
ccc6d365,Connor Noß,ie IRL,MF,M'Gladbach,22-092,2001,0,,,,,0,,0,0,,4,,,,,,,,,,,,Matches
5458f670,Hugo Novoa,es ESP,"DF,FW",RB Leipzig,20-092,2003,7,184,26,7.9,2.0,2,63,0,5,12,8,1.71,5,2,+3,+1.47,+0.92,3.8,3.0,+0.7,+0.36,-0.28,Matches
bdedffac,Ørjan Nyland,no NOR,GK,RB Leipzig,32-205,1990,1,90,90,3.8,1.0,1,90,1,0,,16,3.00,2,0,+2,+2.00,+1.44,1.2,0.1,+1.0,+1.01,+0.41,Matches
57ec75bf,Tim Oermann,de GER,DF,Bochum,19-179,2003,4,194,49,8.3,2.2,2,86,1,2,11,7,1.00,1,6,-5,-2.32,-1.31,0.5,5.1,-4.6,-2.14,-1.37,Matches
dd2e62da,Finn Ole Becker,de GER,MF,Hoffenheim,22-299,2000,5,130,26,5.8,1.4,1,74,0,4,14,11,1.20,2,4,-2,-1.38,-0.96,2.3,2.4,-0.1,-0.09,-0.08,Matches
86adbcc7,Mathias Olesen,lu LUX,MF,Köln,22-013,2001,12,440,37,19.6,4.9,6,59,1,6,14,5,1.17,5,9,-4,-0.82,-0.47,4.6,6.5,-1.9,-0.39,-0.52,Matches
ae44e8e2,Dani Olmo,es ESP,"MF,FW",RB Leipzig,24-331,1998,16,807,50,34.5,9.0,10,70,2,6,18,0,1.75,21,10,+11,+1.23,+0.93,17.4,7.0,+10.4,+1.17,+0.84,Matches
c631f952,Jonas Omlin,ch SUI,GK,M'Gladbach,29-083,1994,8,660,83,29.3,7.3,8,83,7,0,,0,1.00,12,14,-2,-0.27,-0.16,10.9,11.3,-0.4,-0.05,-0.09,Matches
e81f0356,Jérôme Onguéné,cm CMR,DF,Eint Frankfurt,25-102,1997,0,,,,,0,,0,0,,2,,,,,,,,,,,,Matches
f26834c7,Karim Onisiwo,at AUT,"FW,MF",Mainz 05,31-017,1992,23,1895,82,81.0,21.1,21,87,13,2,32,0,1.35,32,31,+1,+0.05,-1.17,28.2,30.2,-2.0,-0.09,-0.24,Matches
20030c06,Willi Orban,hu HUN,DF,RB Leipzig,30-151,1992,25,2231,89,95.3,24.8,25,89,24,0,,1,1.80,47,31,+16,+0.65,+0.65,44.1,28.3,+15.8,+0.64,+0.52,Matches
86c75897,Ivan Ordets,ua UKR,DF,Bochum,30-269,1992,22,1729,79,73.9,19.2,20,86,16,2,4,2,1.18,27,43,-16,-0.83,+1.08,21.6,38.9,-17.3,-0.90,-0.09,Matches
0a16eb36,Jordi Osei-Tutu,eng ENG,"DF,FW",Bochum,24-183,1998,18,652,36,27.9,7.2,6,74,1,12,17,6,0.72,5,17,-12,-1.66,-0.75,6.5,12.5,-6.0,-0.82,+0.08,Matches
9662c9ec,Patrick Osterhage,de GER,MF,Bochum,23-061,2000,18,730,41,31.2,8.1,7,83,3,11,14,6,1.44,5,13,-8,-0.99,+0.19,6.3,14.1,-7.9,-0.97,-0.14,Matches
1cbe4984,Paulo Otávio,br BRA,DF,Wolfsburg,28-131,1994,23,1898,83,81.1,21.1,23,83,14,0,,2,1.52,33,24,+9,+0.43,-0.18,29.4,28.2,+1.3,+0.06,+0.07,Matches
36d9dabe,Thomas Ouwejan,nl NED,DF,Schalke 04,26-185,1996,12,807,67,34.5,9.0,9,77,5,3,38,3,0.42,8,22,-14,-1.56,-0.80,8.2,15.4,-7.3,-0.81,-0.65,Matches
8b6e0db2,Reece Oxford,eng ENG,DF,Augsburg,24-108,1998,3,94,31,4.0,1.0,1,75,0,2,10,0,0.33,0,1,-1,-0.96,-0.48,2.1,1.3,+0.8,+0.73,+1.43,Matches
15413fa5,Salih Özcan,tr TUR,MF,Dortmund,25-082,1998,20,1386,69,59.2,15.4,16,79,9,4,29,3,2.00,30,17,+13,+0.84,0.00,27.4,20.2,+7.3,+0.47,-0.05,Matches
66385c46,Levin Öztunalı,de GER,MF,Union Berlin,27-019,1996,2,9,5,0.4,0.1,0,,0,2,5,2,3.00,4,0,+4,+40.00,+39.65,1.1,0.2,+0.9,+8.94,+9.06,Matches
e82adcab,Exequiel Palacios,ar ARG,MF,Leverkusen,24-180,1998,20,1260,63,53.8,14.0,15,75,7,5,26,1,1.75,26,18,+8,+0.57,+0.57,22.7,14.9,+7.7,+0.55,+0.54,Matches
5dc15574,Miloš Pantović,rs SRB,MF,Union Berlin,26-270,1996,10,182,18,7.8,2.0,0,,0,10,18,4,2.10,4,4,0,0.00,-0.54,2.6,1.8,+0.8,+0.42,+0.54,Matches
13d23b29,Antonios Papadopoulos,de GER,DF,Dortmund,23-205,1999,1,13,13,0.6,0.1,0,,0,1,13,8,0.00,0,0,0,0.00,-0.85,0.1,0.0,+0.1,+0.40,-0.09,Matches
b4b08774,Matondo-Merveille Papela,de GER,MF,Mainz 05,22-075,2001,0,,,,,0,,0,0,,1,,,,,,,,,,,,Matches
5c50fdbc,Kevin Paredes,us USA,"FW,MF",Wolfsburg,19-331,2003,17,392,23,16.8,4.4,1,72,0,16,20,1,1.35,13,3,+10,+2.30,+2.20,8.9,6.0,+2.9,+0.67,+0.75,Matches
1866b0f1,Marco Pašalić,hr CRO,MF,Dortmund,22-201,2000,1,11,11,0.5,0.1,0,,0,1,11,1,0.00,0,1,-1,-8.18,-9.07,0.5,0.4,+0.1,+0.63,+0.14,Matches
5c899683,Felix Passlack,de GER,DF,Dortmund,24-309,1998,2,49,25,2.1,0.5,0,,0,2,25,18,3.00,1,0,+1,+1.84,+1.01,1.2,0.7,+0.4,+0.81,+0.32,Matches
170ad16a,Joey Paul Müller,de GER,MF,Schalke 04,22-216,2000,0,,,,,0,,0,0,,6,,,,,,,,,,,,Matches
53070b63,Paulinho,br BRA,FW,Leverkusen,22-262,2000,4,82,21,3.5,0.9,1,45,0,3,12,4,1.00,1,2,-1,-1.10,-1.46,0.8,1.6,-0.8,-0.86,-1.21,Matches
45a03961,Benjamin Pavard,fr FRA,DF,Bayern Munich,27-006,1996,23,1801,78,77.0,20.0,20,87,17,3,23,3,2.30,61,23,+38,+1.90,+0.40,44.0,21.7,+22.3,+1.11,+0.40,Matches
0a1cb833,Jiří Pavlenka,cz CZE,GK,Werder Bremen,30-354,1992,24,2098,87,93.2,23.3,24,87,23,0,,0,1.25,37,45,-8,-0.34,+0.25,28.0,36.2,-8.2,-0.35,+0.59,Matches
5154b2ba,Kristian Pedersen,dk DEN,DF,Köln,28-242,1994,5,267,53,11.9,3.0,3,80,2,2,13,10,0.80,2,5,-3,-1.01,-0.65,2.7,3.9,-1.2,-0.41,-0.50,Matches
582a5247,Mads Pedersen,dk DEN,"DF,MF",Augsburg,26-214,1996,21,1267,60,54.1,14.1,13,84,7,8,22,1,1.05,19,27,-8,-0.57,-0.15,15.1,25.9,-10.8,-0.77,-0.27,Matches
b684a484,Jordan Pefok,us USA,FW,Union Berlin,26-342,1996,23,1173,51,50.1,13.0,15,68,1,8,19,2,2.13,17,12,+5,+0.38,-0.23,14.9,15.1,-0.2,-0.02,+0.13,Matches
80f252f6,Dženan Pejčinović,de GER,DF,Wolfsburg,18-047,2005,0,,,,,0,,0,0,,2,,,,,,,,,,,,Matches
c18d22f5,Peter Pekarík,sk SVK,DF,Hertha BSC,36-155,1986,3,88,29,3.8,1.0,1,76,0,2,6,16,0.33,0,3,-3,-3.07,-2.47,0.3,1.4,-1.1,-1.10,-0.72,Matches
3b61c9ec,Luca Pellegrini,it ITA,DF,Eint Frankfurt,24-027,1999,9,557,62,23.8,6.2,7,74,2,2,21,1,1.56,10,7,+3,+0.48,+0.13,8.8,5.0,+3.8,+0.62,+0.45,Matches
c41f7379,Philipp Pentke,de GER,GK,Hoffenheim,37-337,1985,0,,,,,0,,0,0,,4,,,,,,,,,,,,Matches
0810b6df,Patrick Pentz,at AUT,GK,Leverkusen,26-091,1997,0,,,,,0,,0,0,,8,,,,,,,,,,,,Matches
a2b1ed42,Ricardo Pepi,us USA,FW,Augsburg,20-084,2003,4,95,24,4.1,1.1,1,55,0,3,13,0,0.75,0,3,-3,-2.84,-2.44,0.5,1.7,-1.2,-1.15,-0.52,Matches
ff3d391c,Juan Perea,co COL,FW,Stuttgart,23-039,2000,15,398,27,17.0,4.4,3,57,0,12,19,10,0.53,4,7,-3,-0.68,-0.08,7.3,7.1,+0.2,+0.04,+0.07,Matches
c89e8aae,Pavao Pervan,at AUT,GK,Wolfsburg,35-141,1987,0,,,,,0,,0,0,,25,,,,,,,,,,,,Matches
f93e6e94,Nils Petersen,de GER,FW,Freiburg,34-118,1988,22,223,10,9.5,2.5,0,,0,22,10,4,1.86,4,8,-4,-1.61,-1.95,2.6,6.6,-4.0,-1.62,-1.85,Matches
f503ef6e,Lukas Petkov,de GER,"MF,FW",Augsburg,22-153,2000,7,146,21,6.2,1.6,0,,0,7,21,6,0.57,0,3,-3,-1.85,-1.44,1.4,4.3,-2.8,-1.77,-1.20,Matches
83e1f40e,Luca Pfeiffer,de GER,FW,Stuttgart,26-226,1996,17,667,39,28.5,7.4,6,78,0,11,18,6,0.82,10,13,-3,-0.40,+0.29,12.4,9.6,+2.7,+0.37,+0.54,Matches
eb3e717e,Luca Philipp,de GER,GK,Hoffenheim,22-126,2000,0,,,,,0,,0,0,,19,,,,,,,,,,,,Matches
061e8e23,Maximilian Philipp,de GER,FW,Wolfsburg,29-033,1994,3,116,39,5.0,1.3,1,58,0,2,29,4,1.33,0,1,-1,-0.78,-1.30,1.2,2.3,-1.1,-0.85,-0.94,Matches
061e8e23,Maximilian Philipp,de GER,"MF,FW",Werder Bremen,29-033,1994,6,88,15,3.9,1.0,0,,0,6,15,0,0.67,2,2,0,0.00,+0.37,1.5,1.8,-0.3,-0.33,+0.07,Matches
526ea7cc,Amos Pieper,de GER,DF,Werder Bremen,25-076,1998,24,1844,77,82.0,20.5,21,85,15,3,17,0,1.17,28,37,-9,-0.44,-0.44,25.3,29.8,-4.5,-0.22,+0.95,Matches
f7aa75bd,Marvin Plattenhardt,de GER,DF,Hertha BSC,31-067,1992,23,1825,79,78.0,20.3,22,81,17,1,45,1,0.91,25,40,-15,-0.74,-0.22,22.5,31.2,-8.7,-0.43,-0.12,Matches
bc6bd723,Alassane Pléa,fr FRA,FW,M'Gladbach,30-024,1993,21,1393,66,61.9,15.5,16,80,6,5,23,1,1.14,21,25,-4,-0.26,-0.26,21.7,19.1,+2.6,+0.17,+0.40,Matches
ea003d07,Joel Pohjanpalo,fi FIN,"FW,MF",Leverkusen,28-202,1994,1,4,4,0.2,0.0,0,,0,1,4,1,0.00,0,0,0,0.00,-0.31,0.2,0.0,+0.2,+4.24,+3.94,Matches
3745e8bd,Sebastian Polter,de GER,"FW,MF",Schalke 04,32-002,1991,14,465,33,19.9,5.2,4,69,1,10,19,1,0.64,8,15,-7,-1.35,-0.39,6.8,10.7,-3.9,-0.76,-0.47,Matches
7f609bfc,Stefan Posch,at AUT,DF,Hoffenheim,25-324,1997,1,18,18,0.8,0.2,1,18,0,0,,2,0.00,0,0,0,0.00,+0.48,0.0,0.0,0.0,+0.08,+0.10,Matches
d2416c2e,Yussuf Poulsen,dk DEN,FW,RB Leipzig,28-292,1994,16,353,22,15.1,3.9,3,61,0,13,13,2,1.88,9,3,+6,+1.53,+1.08,7.5,5.1,+2.4,+0.61,0.00,Matches
924f9191,Grischa Prömel,de GER,MF,Hoffenheim,28-084,1995,13,1071,82,47.6,11.9,13,82,10,0,,0,1.38,18,14,+4,+0.34,+1.56,19.5,15.6,+4.0,+0.33,+0.67,Matches
c68b1b13,Tymoteusz Puchacz,pl POL,DF,Union Berlin,24-070,1999,1,58,58,2.5,0.6,1,58,0,0,,2,3.00,0,1,-1,-1.55,-2.10,0.2,1.0,-0.8,-1.27,-1.22,Matches
3c200e05,Joshua Quarshie,de GER,MF,Hoffenheim,18-251,2004,1,1,1,0.0,0.0,0,,0,1,1,1,0.00,0,0,0,0.00,+0.48,0.1,0.0,+0.1,+7.88,+7.90,Matches
b90c4a43,Diant Ramaj,de GER,GK,Eint Frankfurt,21-196,2001,1,90,90,3.8,1.0,1,90,1,0,,25,1.00,1,1,0,0.00,-0.40,0.2,1.9,-1.8,-1.76,-2.12,Matches
c8b3a472,Nicolai Rapp,de GER,"MF,DF",Werder Bremen,26-111,1996,7,71,10,3.2,0.8,0,,0,7,10,4,1.29,3,1,+2,+2.54,+2.99,2.0,1.2,+0.7,+0.92,+1.36,Matches
7d450ed3,David Raum,de GER,"DF,FW",RB Leipzig,24-346,1998,24,1430,60,61.1,15.9,16,82,9,8,15,2,1.71,30,19,+11,+0.69,+0.20,28.8,19.5,+9.3,+0.59,-0.07,Matches
109bd9ea,Leon Reichardt,de GER,DF,Stuttgart,18-279,2004,0,,,,,0,,0,0,,1,,,,,,,,,,,,Matches
cc971106,Rocco Reitz,de GER,MF,M'Gladbach,20-309,2002,1,3,3,0.1,0.0,0,,0,1,3,12,0.00,0,0,0,0.00,+0.16,0.0,0.0,0.0,0.00,-0.01,Matches
36a3ff67,Marco Reus,de GER,"MF,FW",Dortmund,33-307,1989,17,1156,68,49.4,12.8,14,77,5,3,25,0,2.29,24,14,+10,+0.78,-0.13,20.2,13.0,+7.2,+0.56,+0.13,Matches
1ae836b1,Elvis Rexhbeçaj,de GER,MF,Augsburg,25-153,1997,23,1886,82,80.6,21.0,22,84,12,1,45,0,1.13,27,33,-6,-0.29,+1.10,22.2,36.0,-13.7,-0.66,-0.05,Matches
7fa4e703,Gio Reyna,us USA,"FW,MF",Dortmund,20-141,2002,16,533,33,22.8,5.9,4,61,0,12,24,5,1.94,15,9,+6,+1.01,+0.22,11.7,8.5,+3.1,+0.53,+0.05,Matches
f972644c,Marco Richter,de GER,"FW,MF",Hertha BSC,25-130,1997,22,1329,60,56.8,14.8,15,77,5,7,25,1,0.91,20,35,-15,-1.02,-0.75,16.8,25.3,-8.5,-0.57,-0.39,Matches
9f941969,Manuel Riemann,de GER,GK,Bochum,34-206,1988,26,2340,90,100.0,26.0,26,90,26,0,,0,1.00,28,57,-29,-1.12,,27.6,50.5,-22.9,-0.88,,Matches
e12b0b5b,Sebastian Rode,de GER,MF,Eint Frankfurt,32-174,1990,21,1014,48,43.3,11.3,13,63,0,8,24,1,1.62,21,21,0,0.00,-0.68,15.0,14.7,+0.3,+0.02,-0.44,Matches
ea42c03f,Agustín Rogel,uy URU,DF,Hertha BSC,25-168,1997,15,1107,74,47.3,12.3,12,86,11,3,24,1,0.80,16,27,-11,-0.89,-0.38,13.1,21.3,-8.2,-0.67,-0.50,Matches
1f2c7b55,Merlin Röhl,de GER,MF,Freiburg,20-272,2002,1,13,13,0.6,0.1,0,,0,1,13,7,1.00,0,0,0,0.00,-0.15,0.0,0.0,0.0,0.00,-0.06,Matches
90c1f9a4,Tom Rothe,de GER,DF,Dortmund,18-156,2004,2,26,13,1.1,0.3,0,,0,2,13,9,1.50,1,0,+1,+3.46,+2.64,0.5,1.1,-0.6,-2.07,-2.60,Matches
13203c45,Jérôme Roussillon,fr FRA,"MF,DF",Wolfsburg,30-087,1993,4,22,6,0.9,0.2,0,,0,4,6,1,2.50,1,0,+1,+4.09,+3.66,0.5,0.4,0.0,+0.12,+0.07,Matches
13203c45,Jérôme Roussillon,fr FRA,DF,Union Berlin,30-087,1993,9,357,40,15.3,4.0,4,72,0,5,14,0,2.22,7,5,+2,+0.50,0.00,5.6,7.0,-1.4,-0.36,-0.33,Matches
80f36c88,Sebastian Rudy,de GER,MF,Hoffenheim,33-034,1990,15,541,36,24.0,6.0,4,65,0,11,26,8,1.20,8,9,-1,-0.17,+0.41,7.8,7.0,+0.8,+0.14,+0.21,Matches
c64c01fc,Georginio Rutter,fr FRA,FW,Hoffenheim,20-348,2002,15,1009,67,44.8,11.2,11,83,4,4,25,0,1.20,17,15,+2,+0.18,+1.19,16.4,16.1,+0.3,+0.03,+0.09,Matches
009a4f60,Julian Ryerson,no NOR,DF,Union Berlin,25-137,1997,13,1037,80,44.3,11.5,12,84,7,1,29,1,1.85,21,15,+6,+0.52,+0.04,11.5,13.0,-1.5,-0.13,-0.09,Matches
009a4f60,Julian Ryerson,no NOR,DF,Dortmund,25-137,1997,9,751,83,32.1,8.3,9,83,6,0,,0,2.44,24,12,+12,+1.44,+0.87,16.6,11.5,+5.1,+0.61,+0.17,Matches
a70b8345,Frederik Rønnow,dk DEN,GK,Union Berlin,30-242,1992,21,1890,90,80.8,21.0,21,90,21,0,,0,2.10,34,17,+17,+0.81,+1.61,22.5,23.5,-1.0,-0.05,+0.16,Matches
e280527c,Marcel Sabitzer,at AUT,MF,Bayern Munich,29-017,1994,15,628,42,26.8,7.0,7,67,2,8,20,3,2.27,22,3,+19,+2.72,+1.25,16.9,3.7,+13.2,+1.89,+1.18,Matches
e1830c52,Dikeni Salifou,tg TOG,MF,Werder Bremen,19-299,2003,1,1,1,0.0,0.0,0,,0,1,1,6,3.00,0,0,0,0.00,+0.36,0.0,0.0,0.0,0.00,+0.39,Matches
bf075f6b,Roland Sallai,hu HUN,"MF,FW",Freiburg,25-316,1997,13,632,49,27.0,7.0,7,66,1,6,28,4,2.00,9,10,-1,-0.14,-0.41,9.8,10.4,-0.5,-0.07,-0.18,Matches
08593525,Diadie Samassékou,ml MLI,"MF,FW",Hoffenheim,27-082,1996,2,34,17,1.5,0.4,1,23,0,1,11,4,1.50,0,0,0,0.00,+0.49,0.6,0.1,+0.5,+1.43,+1.47,Matches
2b114be3,Leroy Sané,de GER,"MF,FW",Bayern Munich,27-082,1996,24,1579,66,67.5,17.5,16,82,9,8,34,0,2.04,46,20,+26,+1.48,-1.00,32.6,20.3,+12.3,+0.70,-0.98,Matches
6a52a6c6,Sidi Sané,de GER,FW,Schalke 04,19-347,2003,1,25,25,1.1,0.3,0,,0,1,25,4,0.00,0,0,0,0.00,+1.05,0.0,0.6,-0.6,-2.21,-1.85,Matches
1a4b9094,Bouna Sarr,sn SEN,"DF,MF",Bayern Munich,31-062,1992,0,,,,,0,,0,0,,7,,,,,,,,,,,,Matches
236f02cd,Joe Scally,us USA,DF,M'Gladbach,20-093,2002,23,1884,82,83.7,20.9,21,88,13,2,23,2,1.22,36,33,+3,+0.14,+1.86,32.1,31.1,+1.1,+0.05,+0.23,Matches
52afb588,Kevin Schade,de GER,"FW,MF",Freiburg,21-127,2001,8,182,23,7.8,2.0,1,56,0,7,18,2,1.50,2,6,-4,-1.98,-2.31,0.6,4.3,-3.6,-1.80,-2.02,Matches
049751d7,András Schäfer,hu HUN,MF,Union Berlin,23-355,1999,13,754,58,32.2,8.4,9,74,1,4,23,1,2.23,9,5,+4,+0.48,-0.03,7.6,7.3,+0.3,+0.04,+0.17,Matches
0a3c1b17,Julius Schell,de GER,MF,Schalke 04,23-083,2000,0,,,,,0,,0,0,,1,,,,,,,,,,,,Matches
5b74bf2b,Johannes Schenk,de GER,GK,Bayern Munich,20-080,2003,0,,,,,0,,0,0,,6,,,,,,,,,,,,Matches
93cba339,Derry Scherhant,de GER,FW,Hertha BSC,20-144,2002,7,187,27,8.0,2.1,1,63,0,6,21,4,0.57,2,9,-7,-3.37,-2.91,3.1,5.4,-2.3,-1.09,-0.75,Matches
5d4f7d61,Patrik Schick,cz CZE,FW,Leverkusen,27-069,1996,14,941,67,40.2,10.5,10,83,6,4,27,0,0.86,16,21,-5,-0.48,-1.31,16.4,17.8,-1.4,-0.13,-0.73,Matches
bd527260,Kingsley Schindler,gh GHA,"DF,MF",Köln,29-265,1993,20,703,35,31.2,7.8,4,75,2,16,25,4,1.05,10,16,-6,-0.77,-0.48,11.3,11.6,-0.3,-0.04,-0.09,Matches
8f056768,Xaver Schlager,at AUT,MF,RB Leipzig,25-187,1997,19,1466,77,62.6,16.3,16,87,12,3,25,4,2.11,36,17,+19,+1.17,+1.48,32.3,15.7,+16.6,+1.02,+1.08,Matches
f6bdc830,Keven Schlotterbeck,de GER,DF,Freiburg,25-340,1997,2,14,7,0.6,0.2,0,,0,2,7,13,3.00,0,0,0,0.00,-0.15,0.2,0.3,-0.1,-0.81,-0.87,Matches
f6bdc830,Keven Schlotterbeck,de GER,DF,Bochum,25-340,1997,8,584,73,25.0,6.5,6,90,6,2,22,2,0.88,6,16,-10,-1.54,-0.57,7.9,10.2,-2.3,-0.35,+0.70,Matches
34e12499,Nico Schlotterbeck,de GER,DF,Dortmund,23-123,1999,26,2227,86,95.2,24.7,26,86,23,0,,0,2.04,54,34,+20,+0.81,-0.78,43.8,32.2,+11.5,+0.47,-0.53,Matches
088ca1bd,Jonathan Schmid,fr FRA,DF,Freiburg,32-285,1990,1,32,32,1.4,0.4,0,,0,1,32,5,1.00,0,1,-1,-2.81,-3.01,0.5,0.9,-0.4,-1.12,-1.20,Matches
d7f2715f,Maximilian Schmid,de GER,FW,Köln,20-029,2003,0,,,,,0,,0,0,,2,,,,,,,,,,,,Matches
220ace7e,Romano Schmid,at AUT,MF,Werder Bremen,23-066,2000,19,1092,57,48.5,12.1,11,80,3,8,26,0,1.26,18,20,-2,-0.16,+0.38,15.3,18.6,-3.2,-0.27,+0.24,Matches
7d31f1cb,Kenneth Schmidt,de GER,DF,Freiburg,20-304,2002,2,64,32,2.7,0.7,1,58,0,1,6,2,1.00,1,1,0,0.00,-0.16,1.0,1.4,-0.4,-0.54,-0.61,Matches
b9ae8560,Niklas Schmidt,de GER,MF,Werder Bremen,25-033,1998,17,910,54,40.4,10.1,9,78,3,8,26,7,1.12,14,16,-2,-0.20,+0.27,13.2,13.9,-0.8,-0.07,+0.53,Matches
ad00b1a8,Benno Schmitz,de GER,DF,Köln,28-137,1994,23,1816,79,80.7,20.2,22,81,15,1,29,0,1.04,26,32,-6,-0.30,+0.74,25.5,25.6,-0.1,0.00,-0.15,Matches
f79759b4,Philipp Schulze,de GER,GK,Wolfsburg,20-064,2003,0,,,,,0,,0,0,,1,,,,,,,,,,,,Matches
87436846,Marvin Schwäbe,de GER,GK,Köln,27-343,1995,25,2250,90,100.0,25.0,25,90,25,0,,0,1.08,33,44,-11,-0.44,,33.1,32.4,+0.7,+0.03,,Matches
c3d8705d,Joshua Schwirten,de GER,MF,Köln,21-086,2002,0,,,,,0,,0,0,,2,,,,,,,,,,,,Matches
0d55d942,Alexander Schwolow,de GER,GK,Schalke 04,30-305,1992,17,1530,90,65.4,17.0,17,90,17,0,,9,0.53,14,41,-27,-1.59,-1.59,18.6,28.1,-9.4,-0.55,-0.48,Matches
8872ed17,Paul Seguin,de GER,MF,Union Berlin,28-005,1995,18,633,35,27.1,7.0,4,85,2,14,21,4,1.78,12,10,+2,+0.28,-0.30,11.3,9.5,+1.7,+0.25,+0.45,Matches
1238a3f9,Davie Selke,de GER,FW,Hertha BSC,28-073,1995,13,282,22,12.1,3.1,3,59,0,10,10,1,0.92,4,9,-5,-1.60,-1.03,4.0,5.7,-1.8,-0.57,-0.18,Matches
1238a3f9,Davie Selke,de GER,FW,Köln,28-073,1995,8,363,45,16.1,4.0,4,67,1,4,24,1,0.75,2,9,-7,-1.74,-1.54,2.9,6.2,-3.3,-0.81,-1.00,Matches
b3325a30,Suat Serdar,de GER,MF,Hertha BSC,25-357,1997,25,1707,68,72.9,19.0,22,75,5,3,19,0,0.84,21,36,-15,-0.79,-0.36,20.6,31.2,-10.6,-0.56,-0.58,Matches
eec1f7f4,Zidan Sertdemir,dk DEN,MF,Leverkusen,18-058,2005,0,,,,,0,,0,0,,6,,,,,,,,,,,,Matches
0c88efca,Eniss Shabani,de GER,MF,Mainz 05,19-309,2003,0,,,,,0,,0,0,,2,,,,,,,,,,,,Matches
313254a3,Kiliann Sildillia,fr FRA,"DF,MF",Freiburg,20-322,2002,23,1831,80,78.2,20.3,21,86,18,2,16,2,1.65,29,28,+1,+0.05,-0.48,27.9,29.4,-1.5,-0.07,-0.61,Matches
3effaa34,André Silva,pt POR,FW,RB Leipzig,27-148,1995,26,1594,61,68.1,17.7,19,78,6,7,16,0,1.73,36,23,+13,+0.73,+0.37,33.7,20.4,+13.4,+0.75,+0.44,Matches
fcb27134,Mohamed Simakan,fr FRA,DF,RB Leipzig,22-335,2000,17,938,55,40.1,10.4,12,74,4,5,11,5,1.59,20,12,+8,+0.77,+0.25,18.0,9.5,+8.5,+0.82,+0.34,Matches
7ec723b7,Eduardo Simões,pt POR,DF,Hoffenheim,21-032,2002,4,88,22,3.9,1.0,1,45,0,3,14,7,1.00,1,3,-2,-2.05,-1.63,1.7,1.3,+0.4,+0.37,+0.40,Matches
73000a79,Daley Sinkgraven,nl NED,"DF,MF",Leverkusen,27-273,1995,11,332,30,14.2,3.7,4,69,0,7,8,10,1.73,8,9,-1,-0.27,-0.67,5.7,4.5,+1.1,+0.31,+0.01,Matches
0d8a37c2,Tobias Sippel,de GER,GK,M'Gladbach,35-012,1988,6,510,85,22.7,5.7,5,90,5,1,60,10,0.67,5,12,-7,-1.24,-1.39,6.6,8.4,-1.8,-0.33,-0.44,Matches
c6cf860f,Hugo Siquet,be BEL,DF,Freiburg,20-268,2002,2,17,9,0.7,0.2,0,,0,2,9,3,3.00,0,0,0,0.00,-0.15,0.0,0.1,-0.1,-0.41,-0.47,Matches
65857fdf,Tim Skarke,de GER,"DF,MF",Union Berlin,26-208,1996,3,53,18,2.3,0.6,0,,0,3,18,3,0.00,1,2,-1,-1.70,-2.25,1.3,0.6,+0.6,+1.04,+1.15,Matches
65857fdf,Tim Skarke,de GER,"FW,MF",Schalke 04,26-208,1996,4,232,58,9.9,2.6,3,71,1,1,20,0,0.75,0,1,-1,-0.39,+0.72,3.1,3.1,0.0,0.00,+0.43,Matches
c2211709,Ellyes Skhiri,tn TUN,MF,Köln,27-328,1995,24,2136,89,94.9,23.7,24,89,23,0,,0,1.08,31,43,-12,-0.51,-1.30,31.5,31.4,+0.1,0.00,-0.44,Matches
ff98492b,Robert Skov,dk DEN,DF,Hoffenheim,26-318,1996,19,1229,65,54.6,13.7,16,72,4,3,26,0,1.11,23,19,+4,+0.29,+1.70,21.9,19.2,+2.6,+0.19,+0.46,Matches
e4c18ef8,Rijad Smajic,ba BIH,DF,Köln,18-336,2004,0,,,,,0,,0,0,,3,,,,,,,,,,,,Matches
c967f6b8,Hrvoje Smolčić,hr CRO,DF,Eint Frankfurt,22-229,2000,9,471,52,20.1,5.2,4,90,4,5,22,15,1.89,8,5,+3,+0.57,+0.24,7.7,8.9,-1.1,-0.22,-0.61,Matches
c05f2f8c,Danilo Soares,br BRA,DF,Bochum,31-156,1991,18,1367,76,58.4,15.2,18,76,10,0,,1,1.39,21,29,-8,-0.53,+1.42,16.8,22.3,-5.5,-0.36,+1.25,Matches
4f627629,Nikola Soldo,hr CRO,DF,Köln,22-068,2001,7,593,85,26.4,6.6,6,90,6,1,53,13,0.43,4,13,-9,-1.37,-1.26,6.6,7.6,-1.0,-0.16,-0.25,Matches
420c18a1,Yann Sommer,ch SUI,GK,Bayern Munich,34-107,1988,11,990,90,42.3,11.0,11,90,11,0,,0,1.91,27,16,+11,+1.00,-1.40,20.1,14.1,+6.0,+0.55,-0.82,Matches
420c18a1,Yann Sommer,ch SUI,GK,M'Gladbach,34-107,1988,10,900,90,40.0,10.0,10,90,10,0,,0,1.60,18,14,+4,+0.40,+0.93,17.5,12.8,+4.7,+0.47,+0.76,Matches
af0d79a9,Borna Sosa,hr CRO,DF,Stuttgart,25-072,1998,18,1347,75,57.6,15.0,15,85,12,3,25,0,0.94,20,27,-7,-0.47,+0.35,20.5,17.8,+2.7,+0.18,+0.45,Matches
4c6facae,Djibril Sow,ch SUI,MF,Eint Frankfurt,26-056,1997,25,2045,82,87.4,22.7,23,87,18,2,22,0,1.60,40,29,+11,+0.48,+0.79,35.6,28.8,+6.8,+0.30,+0.21,Matches
0f59a7bf,Anton Stach,de GER,MF,Mainz 05,24-139,1998,23,1597,69,68.2,17.7,17,83,7,6,30,1,1.57,26,25,+1,+0.06,-0.67,25.0,25.0,0.0,0.00,+0.14,Matches
861e0116,Kostas Stafylidis,gr GRE,"DF,MF",Bochum,29-122,1993,15,892,59,38.1,9.9,9,80,5,6,29,2,1.27,10,18,-8,-0.81,+0.50,10.1,20.5,-10.3,-1.04,-0.27,Matches
1fffae99,Jens Stage,dk DEN,MF,Werder Bremen,26-146,1996,24,1210,50,53.8,13.4,14,74,1,10,17,1,1.25,19,24,-5,-0.37,-0.03,13.6,18.9,-5.3,-0.39,0.00,Matches
7ed08d5c,Josip Stanišić,hr CRO,DF,Bayern Munich,23-001,2000,11,470,43,20.1,5.2,3,85,1,8,27,13,1.91,11,7,+4,+0.77,-1.30,10.9,5.5,+5.4,+1.03,+0.02,Matches
aad48be9,Niklas Stark,de GER,DF,Werder Bremen,27-354,1995,18,1315,73,58.4,14.6,14,87,12,4,26,4,1.33,24,28,-4,-0.27,+0.21,16.6,26.0,-9.3,-0.64,-0.59,Matches
99f7e9aa,Pascal Stenzel,de GER,DF,Stuttgart,27-014,1996,11,328,30,14.0,3.6,3,77,1,8,12,9,1.18,6,8,-2,-0.55,+0.08,6.9,4.6,+2.3,+0.62,+0.74,Matches
3b1ed320,Angelo Stiller,de GER,MF,Hoffenheim,21-364,2001,16,598,37,26.6,6.6,5,84,2,11,16,4,0.94,9,10,-1,-0.15,+0.45,10.2,8.7,+1.5,+0.22,+0.33,Matches
7cd6badb,Lars Stindl,de GER,"FW,MF",M'Gladbach,34-220,1988,20,1280,64,56.9,14.2,15,78,1,5,23,2,1.15,25,25,0,0.00,+0.37,21.3,22.4,-1.1,-0.07,-0.20,Matches
e5649a78,Kevin Stöger,at AUT,MF,Bochum,29-219,1993,25,2019,81,86.3,22.4,23,84,14,2,45,0,0.92,23,50,-27,-1.20,-0.64,25.4,43.7,-18.2,-0.81,+0.48,Matches
fe37496d,Georg Strauch,de GER,DF,Köln,22-004,2001,0,,,,,0,,0,0,,4,,,,,,,,,,,,Matches
e33c06cf,Niklas Süle,de GER,DF,Dortmund,27-212,1995,22,1512,69,64.6,16.8,17,86,14,5,9,2,1.95,40,27,+13,+0.77,-0.20,30.9,25.4,+5.4,+0.32,-0.48,Matches
e18098de,Ivan Šunjić,hr CRO,MF,Hertha BSC,26-176,1996,18,993,55,42.4,11.0,12,74,6,6,18,5,1.00,14,23,-9,-0.82,-0.21,12.8,17.1,-4.3,-0.39,+0.02,Matches
92d83c27,Mattias Svanberg,se SWE,MF,Wolfsburg,24-088,1999,24,1328,55,56.8,14.8,15,73,5,9,26,1,1.46,27,26,+1,+0.07,-0.91,22.8,18.4,+4.3,+0.29,+0.57,Matches
934e1968,Dominik Szoboszlai,hu HUN,"MF,FW",RB Leipzig,22-160,2000,24,1893,79,80.9,21.0,22,83,13,2,39,0,1.75,39,27,+12,+0.57,-0.23,39.4,26.7,+12.7,+0.60,-0.05,Matches
e92cd3f7,Alexander Sørloth,no NOR,FW,RB Leipzig,27-119,1995,1,6,6,0.3,0.1,0,,0,1,6,1,1.00,0,0,0,0.00,-0.62,0.2,0.0,+0.2,+2.77,+2.16,Matches
bd142efb,Jonathan Tah,de GER,DF,Leverkusen,27-051,1996,25,1854,74,79.2,20.6,21,86,18,4,14,0,1.56,35,36,-1,-0.05,-1.72,30.2,28.1,+2.1,+0.10,-0.98,Matches
a73c8f95,Edmond Tapsoba,bf BFA,DF,Leverkusen,24-060,1999,26,2241,86,95.8,24.9,25,88,23,1,29,0,1.54,45,38,+7,+0.28,-0.63,40.3,32.0,+8.2,+0.33,+0.61,Matches
27270af4,Niklas Tauer,de GER,"DF,MF",Mainz 05,22-045,2001,3,93,31,4.0,1.0,0,,0,3,31,10,1.00,1,4,-3,-2.90,-3.30,1.0,2.6,-1.5,-1.49,-1.50,Matches
27270af4,Niklas Tauer,de GER,FW,Schalke 04,22-045,2001,0,,,,,0,,0,0,,3,,,,,,,,,,,,Matches
829aa60c,Mathys Tel,fr FRA,FW,Bayern Munich,17-341,2005,16,319,20,13.6,3.5,1,60,0,15,17,8,2.13,13,5,+8,+2.26,+0.52,7.6,3.6,+4.0,+1.12,+0.11,Matches
0b45a8d7,Semir Telalovic,de GER,"MF,FW",M'Gladbach,23-101,1999,2,6,3,0.3,0.1,0,,0,2,3,1,0.00,0,0,0,0.00,+0.16,0.0,0.0,0.0,0.00,-0.01,Matches
863ff1ee,Simon Terodde,de GER,FW,Schalke 04,35-032,1988,26,1400,54,59.8,15.6,16,77,6,10,17,0,0.81,13,29,-16,-1.03,+0.02,17.8,20.4,-2.6,-0.17,+0.54,Matches
ff5ea0bf,Malick Thiaw,de GER,DF,Schalke 04,21-238,2001,3,270,90,11.5,3.0,3,90,3,0,,1,0.67,3,8,-5,-1.67,-0.71,4.3,3.7,+0.7,+0.22,+0.69,Matches
fd53759d,Jan Thielmann,de GER,FW,Köln,20-312,2002,14,558,40,24.8,6.2,5,73,2,9,21,0,1.07,9,7,+2,+0.32,+1.01,9.0,5.5,+3.5,+0.56,+0.71,Matches
d1b49282,Morten Thorsby,no NOR,MF,Union Berlin,26-333,1996,18,653,36,27.9,7.3,6,71,1,12,19,2,1.67,12,12,0,0.00,-0.69,7.5,12.1,-4.6,-0.64,-0.78,Matches
6f8cd6d0,Marcus Thuram,fr FRA,FW,M'Gladbach,25-240,1997,24,1997,83,88.8,22.2,22,89,17,2,21,0,1.29,35,37,-2,-0.09,+0.62,33.4,33.2,+0.2,+0.01,-0.04,Matches
6b8887c2,Steffen Tigges,de GER,FW,Köln,24-246,1998,22,1321,60,58.7,14.7,16,72,3,6,29,1,1.00,19,22,-3,-0.20,+0.57,18.8,16.9,+1.9,+0.13,+0.25,Matches
e547d3cf,Umut Tohumcu,de GER,MF,Hoffenheim,18-235,2004,5,230,46,10.2,2.6,2,77,1,3,25,3,0.00,2,5,-3,-1.17,-0.77,3.2,5.1,-1.9,-0.73,-0.79,Matches
4c5d6f58,Mohammed Tolba,de GER,DF,Bochum,18-258,2004,0,,,,,0,,0,0,,4,,,,,,,,,,,,Matches
b492126a,Tiago Tomás,pt POR,"FW,MF",Stuttgart,20-291,2002,20,1015,51,43.4,11.3,13,66,2,7,22,0,0.80,12,20,-8,-0.71,-0.17,14.0,15.1,-1.0,-0.09,-0.14,Matches
c8c60119,Almamy Touré,ml MLI,DF,Eint Frankfurt,26-340,1996,3,163,54,7.0,1.8,2,81,1,1,1,6,1.33,2,7,-5,-2.76,-3.38,2.3,5.2,-2.9,-1.63,-2.04,Matches
71ec39ef,Lucas Tousart,fr FRA,MF,Hertha BSC,25-339,1997,25,2224,89,95.0,24.7,25,89,21,0,,0,0.88,30,45,-15,-0.61,+1.72,29.6,38.6,-9.1,-0.37,+0.76,Matches
ce17b5eb,Kevin Trapp,de GER,GK,Eint Frankfurt,32-269,1990,25,2250,90,96.2,25.0,25,90,25,0,,0,1.60,46,36,+10,+0.40,+0.40,39.5,30.6,+8.9,+0.36,+2.12,Matches
056d2d95,Christopher Trimmel,at AUT,DF,Union Berlin,36-038,1987,20,1559,78,66.6,17.3,17,89,16,3,16,5,1.75,24,20,+4,+0.23,-0.81,19.0,19.8,-0.8,-0.04,+0.11,Matches
35d64857,Tuta,br BRA,DF,Eint Frankfurt,23-273,1999,24,2151,90,91.9,23.9,24,90,23,0,,0,1.54,43,35,+8,+0.33,-0.62,35.3,29.1,+6.3,+0.26,-0.16,Matches
7d3e7da6,Sven Ulreich,de GER,GK,Bayern Munich,34-243,1988,3,270,90,11.5,3.0,3,90,3,0,,22,3.00,15,2,+13,+4.33,+2.86,7.6,3.3,+4.4,+1.45,+0.49,Matches
cd61c7af,Lauren Ulrich,de GER,MF,Stuttgart,18-062,2005,1,6,6,0.3,0.1,0,,0,1,6,0,0.00,0,0,0,0.00,+0.62,0.1,0.0,0.0,+0.55,+0.56,Matches
d248cd8f,Dayot Upamecano,fr FRA,DF,Bayern Munich,24-158,1998,24,2067,86,88.3,23.0,24,86,22,0,,0,2.04,66,24,+42,+1.83,+0.18,49.8,24.0,+25.8,+1.12,+0.88,Matches
a9a6fc08,Benjamin Uphoff,de GER,GK,Freiburg,29-238,1993,0,,,,,0,,0,0,,21,,,,,,,,,,,,Matches
925bbcdc,Jonas Urbig,de GER,GK,Köln,19-238,2003,0,,,,,0,,0,0,,2,,,,,,,,,,,,Matches
af842091,Filip Uremović,hr CRO,DF,Hertha BSC,26-051,1997,17,1372,81,58.6,15.2,16,83,11,1,45,5,0.88,18,28,-10,-0.66,+0.09,18.7,20.4,-1.8,-0.12,+0.70,Matches
d75f3980,Jere Uronen,fi FIN,DF,Schalke 04,28-264,1994,6,426,71,18.2,4.7,6,71,3,0,,0,0.67,0,7,-7,-1.48,-0.54,5.3,5.8,-0.6,-0.12,+0.33,Matches
a3ddb1b9,Mark Uth,de GER,"MF,FW",Köln,31-222,1991,3,46,15,2.0,0.5,0,,0,3,15,1,1.00,2,7,-5,-9.78,-9.54,0.6,1.2,-0.6,-1.25,-1.30,Matches
fb377d11,Josha Vagnoman,de GER,"DF,MF",Stuttgart,22-113,2000,15,780,52,33.3,8.7,8,81,4,7,19,4,0.80,6,12,-6,-0.69,-0.12,11.1,8.6,+2.5,+0.29,+0.45,Matches
6ecbddf6,Ruben Vargas,ch SUI,"MF,FW",Augsburg,24-241,1998,17,776,46,33.2,8.6,9,54,1,8,36,3,0.65,15,16,-1,-0.12,+0.57,9.7,15.8,-6.0,-0.70,-0.08,Matches
fc8fcbd1,Renato Veiga,pt POR,DF,Augsburg,19-248,2003,6,335,56,14.3,3.7,4,67,1,2,33,1,1.33,3,9,-6,-1.61,-1.30,2.7,7.6,-4.9,-1.31,-0.78,Matches
a5ae8f8e,Miloš Veljković,rs SRB,DF,Werder Bremen,27-189,1995,20,1521,76,67.6,16.9,17,87,16,3,12,0,1.50,30,34,-4,-0.24,+0.38,20.9,26.9,-6.0,-0.35,+0.12,Matches
8fe2a392,Mickey van de Ven,nl NED,DF,Wolfsburg,21-349,2001,26,2340,90,100.0,26.0,26,90,26,0,,0,1.50,46,34,+12,+0.46,,36.7,35.5,+1.2,+0.05,,Matches
5360a956,Gabriel Vidovic,hr CRO,FW,Bayern Munich,19-123,2003,1,19,19,0.8,0.2,0,,0,1,19,0,3.00,1,0,+1,+4.74,+2.95,0.1,0.3,-0.2,-0.76,-1.80,Matches
daa78200,Andreas Voglsammer,de GER,"FW,MF",Union Berlin,31-084,1992,0,,,,,0,,0,0,,1,,,,,,,,,,,,Matches
1d8e9add,Kevin Vogt,de GER,DF,Hoffenheim,31-192,1991,19,1550,82,68.9,17.2,19,82,14,0,,0,1.16,25,23,+2,+0.12,+1.92,27.4,23.4,+4.0,+0.23,+0.81,Matches
f86cd5df,Aster Vranckx,be BEL,MF,Wolfsburg,20-181,2002,1,8,8,0.3,0.1,0,,0,1,8,1,0.00,0,0,0,0.00,-0.46,0.1,0.1,0.0,-0.24,-0.29,Matches
e3d3fbeb,Robert Wagner,de GER,MF,Freiburg,19-263,2003,2,23,12,1.0,0.3,0,,0,2,12,6,3.00,1,0,+1,+3.91,+3.80,1.0,0.7,+0.3,+1.04,+0.99,Matches
e5a35ae9,Luca Waldschmidt,de GER,FW,Wolfsburg,26-319,1996,12,376,31,16.1,4.2,4,61,0,8,17,10,1.17,9,6,+3,+0.72,+0.31,5.9,7.3,-1.3,-0.32,-0.43,Matches
cb64672e,Paul Wanner,de GER,MF,Bayern Munich,17-101,2005,2,25,13,1.1,0.3,0,,0,2,13,8,3.00,0,1,-1,-3.60,-5.47,0.2,0.2,0.0,+0.04,-0.99,Matches
346d51d9,Julian Weigl,de GER,MF,M'Gladbach,27-207,1995,16,1264,79,56.2,14.0,14,88,11,2,19,0,1.31,28,24,+4,+0.28,+1.02,20.2,21.5,-1.3,-0.09,-0.25,Matches
231c67ff,Nelson Weiper,de GER,"FW,MF",Mainz 05,18-017,2005,5,35,7,1.5,0.4,0,,0,5,7,3,2.00,2,0,+2,+5.14,+4.95,1.7,0.6,+1.1,+2.80,+2.89,Matches
30c220c3,Mitchell Weiser,de GER,"DF,FW",Werder Bremen,28-347,1994,22,1839,84,81.7,20.4,21,86,16,1,23,0,1.14,31,41,-10,-0.49,-0.71,25.1,32.7,-7.6,-0.37,+0.11,Matches
dd676a97,Noah Weißhaupt,de GER,"MF,FW",Freiburg,21-195,2001,12,165,14,7.1,1.8,0,,0,12,14,12,1.75,1,5,-4,-2.18,-2.51,1.8,4.6,-2.8,-1.51,-1.69,Matches
1c86aa16,Marcel Wenig,de GER,MF,Eint Frankfurt,18-334,2004,1,4,4,0.2,0.0,0,,0,1,4,7,3.00,0,0,0,0.00,-0.39,0.0,0.0,0.0,0.00,-0.28,Matches
49fe9070,Timo Werner,de GER,"FW,MF",RB Leipzig,27-028,1996,20,1394,70,59.6,15.5,16,81,6,4,26,0,1.55,25,17,+8,+0.52,-0.24,23.4,18.4,+5.0,+0.32,-0.72,Matches
f68b64fc,Silvan Widmer,ch SUI,DF,Mainz 05,30-029,1993,22,1359,62,58.1,15.1,15,81,9,7,21,0,1.41,23,23,0,0.00,-0.64,22.4,22.4,+0.1,+0.01,+0.13,Matches
cb11b429,Patrick Wimmer,at AUT,"FW,MF",Wolfsburg,21-308,2001,19,1213,64,51.8,13.5,17,69,0,2,21,0,1.63,26,19,+7,+0.52,+0.12,20.1,15.3,+4.8,+0.36,+0.65,Matches
2077ae86,Jonas Wind,dk DEN,FW,Wolfsburg,24-055,1999,16,725,45,31.0,8.1,8,73,1,8,18,1,1.69,16,8,+8,+0.99,+0.77,12.9,11.0,+1.9,+0.24,+0.28,Matches
a1257b5e,Frederik Winther,dk DEN,DF,Augsburg,22-089,2001,1,90,90,3.8,1.0,1,90,1,0,,7,0.00,2,3,-1,-1.00,-0.52,0.4,1.5,-1.0,-1.04,-0.41,Matches
e7fcf289,Florian Wirtz,de GER,"FW,MF",Leverkusen,19-335,2003,10,611,61,26.1,6.8,6,81,2,4,32,0,1.90,16,8,+8,+1.18,+1.18,12.3,6.8,+5.5,+0.80,+0.68,Matches
be42a291,Hannes Wolf,at AUT,FW,M'Gladbach,23-352,1999,13,345,27,15.3,3.8,3,73,0,10,13,4,1.23,7,9,-2,-0.52,-0.43,4.9,7.9,-3.1,-0.80,-0.96,Matches
fa661778,Marius Wolf,de GER,DF,Dortmund,27-311,1995,19,1231,65,52.6,13.7,13,84,8,6,24,1,2.32,34,16,+18,+1.32,+0.99,23.8,16.8,+7.0,+0.51,+0.05,Matches
7ca196eb,Nick Woltemade,de GER,FW,Werder Bremen,21-048,2002,0,,,,,0,,0,0,,1,,,,,,,,,,,,Matches
6190474d,Jeong Woo-yeong,kr KOR,"MF,FW",Freiburg,23-195,1999,20,611,31,26.1,6.8,4,66,0,16,22,6,2.00,11,12,-1,-0.15,-0.41,9.6,11.4,-1.8,-0.27,-0.44,Matches
ea0893d6,Kelvin Yeboah,it ITA,"FW,MF",Augsburg,22-332,2000,8,254,32,10.9,2.8,2,60,0,6,22,2,1.50,2,2,0,0.00,+0.56,3.3,3.1,+0.2,+0.07,+0.80,Matches
caffaf5a,Maya Yoshida,jp JPN,DF,Schalke 04,34-222,1988,26,2328,90,99.5,25.9,26,90,25,0,,0,0.81,21,47,-26,-1.01,+6.49,29.2,38.7,-9.5,-0.37,+3.49,Matches
a4effc55,Dan-Axel Zagadou,fr FRA,DF,Stuttgart,23-304,1999,10,750,75,32.1,8.3,8,86,6,2,30,5,0.60,8,17,-9,-1.08,-0.68,11.4,13.6,-2.2,-0.26,-0.37,Matches
fc3697dd,Rodrigo Zalazar,uy URU,"MF,FW",Schalke 04,23-234,1999,16,932,58,39.8,10.4,10,74,1,6,32,1,1.06,11,12,-1,-0.10,+1.57,14.1,14.4,-0.3,-0.03,+0.59,Matches
58a2e9f6,Deyovaisio Zeefuik,nl NED,DF,Hertha BSC,25-023,1998,0,,,,,0,,0,0,,1,,,,,,,,,,,,Matches
65bf7e2b,Aaron Zehnter,de GER,DF,Augsburg,18-154,2004,1,1,1,0.0,0.0,0,,0,1,1,6,3.00,0,0,0,0.00,+0.50,0.0,0.0,0.0,-2.98,-2.33,Matches
5c4bf6ba,Robin Zentner,de GER,GK,Mainz 05,28-157,1994,20,1800,90,76.9,20.0,20,90,20,0,,1,1.50,29,26,+3,+0.15,-0.52,25.7,27.5,-1.8,-0.09,-0.18,Matches
9b688ae1,Michael Zetterer,de GER,GK,Werder Bremen,27-265,1995,2,152,76,6.8,1.7,1,90,1,1,62,23,0.50,2,3,-1,-0.59,-0.25,2.4,4.0,-1.6,-0.94,-0.59,Matches
028e70b9,Joshua Zirkzee,nl NED,FW,Bayern Munich,21-316,2001,0,,,,,0,,0,0,,1,,,,,,,,,,,,Matches
29f7cfd9,Simon Zoller,de GER,FW,Bochum,31-281,1991,20,1282,64,54.8,14.2,17,73,4,3,16,1,0.85,15,33,-18,-1.26,-0.33,14.3,29.0,-14.8,-1.04,-0.35,Matches
