id,Player,Nation,Pos,Squad,Age,Born,90s,Gls,Sh,SoT,SoT%,Sh/90,SoT/90,G/Sh,G/SoT,Dist,FK,PK,PKatt,xG,npxG,npxG/Sh,G-xG,np:G-xG,Matches
8637e09a,Vincent Aboubakar,cm CMR,FW,pt Porto,26,1992,0.7,0,3,1,33.3,4.58,1.53,0.00,0.00,20.0,0,0,0,0.1,0.1,0.04,-0.1,-0.1,Matches
f9c927de,Michel Aebischer,ch SUI,MF,ch Young Boys,21,1997,2.5,0,2,0,0.0,0.79,0.00,0.00,,22.1,0,0,0,0.1,0.1,0.04,-0.1,-0.1,Matches
4d034881,Sergio Agüero,ar ARG,FW,eng Manchester City,30,1988,5.6,6,28,14,50.0,4.97,2.49,0.18,0.36,16.7,0,1,2,5.6,4.0,0.14,+0.4,+1.0,Matches
48b28bfd,Jean-Eudes Aholou,ci CIV,"MF,FW",fr Monaco,24,1994,2.0,0,2,1,50.0,1.02,0.51,0.00,0.00,16.2,0,0,0,0.1,0.1,0.05,-0.1,-0.1,Matches
c46fa34c,Youssef Aït Bennasser,ma MAR,MF,fr Monaco,22,1996,2.7,0,1,1,100.0,0.36,0.36,0.00,0.00,31.9,0,0,0,0.0,0.0,0.03,0.0,0.0,Matches
89ac64a6,Manuel Akanji,ch SUI,DF,de Dortmund,23,1995,5.0,0,2,0,0.0,0.40,0.00,0.00,,35.2,0,0,0,0.0,0.0,0.02,0.0,0.0,Matches
7230b807,Emre Akbaba,tr TUR,FW,tr Galatasaray,25,1992,1.0,0,4,1,25.0,4.00,1.00,0.00,0.00,13.9,0,0,0,0.4,0.4,0.11,-0.4,-0.4,Matches
1453e3cf,Yunus Akgün,tr TUR,MF,tr Galatasaray,18,2000,0.1,0,0,0,,0.00,0.00,,,,0,0,0,0.0,0.0,,0.0,0.0,Matches
e0d3e18d,Ilzat Akhmetov,ru RUS,MF,ru CSKA Moscow,20,1997,3.3,0,4,1,25.0,1.20,0.30,0.00,0.00,23.7,0,0,0,0.2,0.2,0.04,-0.2,-0.2,Matches
42ec696a,Igor Akinfeev,ru RUS,GK,ru CSKA Moscow,32,1986,5.0,0,0,0,,0.00,0.00,,,,0,0,0,0.0,0.0,,0.0,0.0,Matches
6ec6fde0,Kevin Akpoguma,ng NGA,DF,de Hoffenheim,23,1995,2.0,0,1,0,0.0,0.50,0.00,0.00,,33.0,0,0,0,0.0,0.0,0.02,0.0,0.0,Matches
05439de2,David Alaba,at AUT,DF,de Bayern Munich,26,1992,7.0,0,4,2,50.0,0.57,0.29,0.00,0.00,29.3,3,0,0,0.2,0.2,0.05,-0.2,-0.2,Matches
4601e194,Jordi Alba,es ESP,DF,es Barcelona,29,1989,11.0,1,6,3,50.0,0.55,0.27,0.17,0.33,16.0,0,0,0,0.9,0.9,0.16,+0.1,+0.1,Matches
4bd414c1,Raúl Albiol,es ESP,DF,it Napoli,32,1985,5.5,0,1,1,100.0,0.18,0.18,0.00,0.00,11.5,0,0,0,0.1,0.1,0.05,-0.1,-0.1,Matches
a7a9d95a,Paco Alcácer,es ESP,FW,de Dortmund,24,1993,4.0,1,7,4,57.1,1.77,1.01,0.14,0.25,20.2,0,0,1,1.6,0.8,0.11,-0.6,+0.2,Matches
77e84962,Thiago Alcántara,es ESP,MF,de Bayern Munich,27,1991,4.3,0,4,0,0.0,0.93,0.00,0.00,,25.0,0,0,0,0.2,0.2,0.04,-0.2,-0.2,Matches
f7d50789,Toby Alderweireld,be BEL,DF,eng Tottenham,29,1989,12.0,0,9,3,33.3,0.75,0.25,0.00,0.00,9.5,0,0,0,0.8,0.8,0.09,-0.8,-0.8,Matches
d849ef0f,Alef,br BRA,MF,gr AEK Athens,23,1995,2.2,0,2,0,0.0,0.90,0.00,0.00,,22.8,0,0,0,0.1,0.1,0.04,-0.1,-0.1,Matches
6c811eb7,Carles Aleñá,es ESP,MF,es Barcelona,20,1998,1.0,0,2,0,0.0,1.96,0.00,0.00,,22.4,0,0,0,0.1,0.1,0.05,-0.1,-0.1,Matches
cd1acf9d,Trent Alexander-Arnold,eng ENG,DF,eng Liverpool,19,1998,10.2,0,12,1,8.3,1.18,0.10,0.00,0.00,24.2,1,0,0,0.8,0.8,0.07,-0.8,-0.8,Matches
7a2e46a8,Alisson,br BRA,GK,eng Liverpool,25,1992,13.0,0,0,0,,0.00,0.00,,,,0,0,0,0.0,0.0,,0.0,0.0,Matches
cc700722,Allan,br BRA,MF,it Napoli,27,1991,5.7,0,5,2,40.0,0.88,0.35,0.00,0.00,27.5,0,0,0,0.2,0.2,0.04,-0.2,-0.2,Matches
cea4ee8f,Dele Alli,eng ENG,MF,eng Tottenham,22,1996,7.9,0,17,5,29.4,2.16,0.64,0.00,0.00,14.9,0,0,0,2.4,2.4,0.14,-2.4,-2.4,Matches
67b3d74b,André Almeida,pt POR,DF,pt Benfica,27,1990,6.0,0,2,0,0.0,0.33,0.00,0.00,,18.9,0,0,0,0.1,0.1,0.05,-0.1,-0.1,Matches
c9e99e49,Dani Alves,br BRA,"FW,DF",fr Paris S-G,35,1983,2.3,0,5,0,0.0,2.20,0.00,0.00,,25.2,2,0,0,0.2,0.2,0.04,-0.2,-0.2,Matches
24fc70d3,Mohamed Aly Camara,gn GUI,DF,ch Young Boys,20,1997,3.9,0,4,1,25.0,1.04,0.26,0.00,0.00,20.5,0,0,0,0.7,0.7,0.17,-0.7,-0.7,Matches
555d5edd,Nadiem Amiri,de GER,MF,de Hoffenheim,21,1996,0.3,0,1,0,0.0,3.21,0.00,0.00,,18.5,0,0,0,0.0,0.0,0.04,0.0,0.0,Matches
5a2cb25d,Sofyan Amrabat,ma MAR,"DF,MF",be Club Brugge,21,1996,2.0,0,1,0,0.0,0.50,0.00,0.00,,18.7,0,0,0,0.0,0.0,0.04,0.0,0.0,Matches
30941e96,Angeliño,es ESP,DF,nl PSV Eindhoven,21,1997,6.0,0,4,1,25.0,0.67,0.17,0.00,0.00,26.5,0,0,0,0.1,0.1,0.03,-0.1,-0.1,Matches
a5db0bec,Houssem Aouar,fr FRA,"MF,FW",fr Lyon,20,1998,7.0,0,15,3,20.0,2.14,0.43,0.00,0.00,16.3,0,0,0,0.8,0.8,0.05,-0.8,-0.8,Matches
2f965a72,Alphonse Areola,fr FRA,GK,fr Paris S-G,25,1993,3.0,0,0,0,,0.00,0.00,,,,0,0,0,0.0,0.0,,0.0,0.0,Matches
fdd60087,Santiago Arias,co COL,"DF,FW",es Atlético Madrid,26,1992,3.8,0,1,1,100.0,0.26,0.26,0.00,0.00,34.5,0,0,0,0.0,0.0,0.02,0.0,0.0,Matches
089550f5,Kwadwo Asamoah,gh GHA,DF,it Inter,29,1988,5.8,0,4,2,50.0,0.69,0.35,0.00,0.00,25.6,0,0,0,0.2,0.2,0.04,-0.2,-0.2,Matches
45af8a54,Marco Asensio,es ESP,"FW,MF",es Real Madrid,22,1996,3.4,2,20,8,40.0,5.88,2.35,0.10,0.25,18.7,0,0,0,2.4,2.4,0.12,-0.4,-0.4,Matches
5d5219b1,Roger Assalé,ci CIV,"FW,MF",ch Young Boys,24,1993,4.2,1,9,1,11.1,2.13,0.24,0.11,1.00,18.6,0,0,0,0.9,0.9,0.10,+0.1,+0.1,Matches
5c2b4f07,Serge Aurier,ci CIV,DF,eng Tottenham,25,1992,4.8,0,2,0,0.0,0.41,0.00,0.00,,23.0,0,0,0,0.1,0.1,0.03,-0.1,-0.1,Matches
70d8e84c,Chidozie Awaziem,ng NGA,MF,pt Porto,21,1997,0.1,0,0,0,,0.00,0.00,,,,0,0,0,0.0,0.0,,0.0,0.0,Matches
8e34b9f5,Serdar Aziz,tr TUR,DF,tr Galatasaray,27,1990,4.0,0,0,0,,0.00,0.00,,,,0,0,0,0.0,0.0,,0.0,0.0,Matches
075fe5a3,Srđan Babić,rs SRB,DF,rs Red Star,22,1996,2.5,0,1,0,0.0,0.40,0.00,0.00,,7.9,0,0,0,0.4,0.4,0.40,-0.4,-0.4,Matches
06df8256,Benoît Badiashile,fr FRA,DF,fr Monaco,17,2001,2.0,0,1,0,0.0,0.50,0.00,0.00,,12.6,0,0,0,0.0,0.0,0.05,0.0,0.0,Matches
34e38ddf,Loic Badiashile,fr FRA,GK,fr Monaco,20,1998,1.0,0,0,0,,0.00,0.00,,,,0,0,0,0.0,0.0,,0.0,0.0,Matches
a1232f4e,Eric Bailly,ci CIV,DF,eng Manchester Utd,24,1994,3.4,0,2,0,0.0,0.59,0.00,0.00,,24.1,0,0,0,0.1,0.1,0.04,-0.1,-0.1,Matches
50ccf47d,Michalis Bakakis,gr GRE,"DF,FW",gr AEK Athens,27,1991,5.8,0,1,0,0.0,0.17,0.00,0.00,,28.3,0,0,0,0.0,0.0,0.03,0.0,0.0,Matches
dead55e5,Anastasios Bakasetas,gr GRE,FW,gr AEK Athens,25,1993,2.0,0,4,1,25.0,2.00,0.50,0.00,0.00,26.4,0,0,0,0.2,0.2,0.04,-0.2,-0.2,Matches
509a4ccb,Keita Baldé,sn SEN,"FW,MF",it Inter,23,1995,0.8,0,3,3,100.0,3.55,3.55,0.00,0.00,14.7,0,0,0,0.2,0.2,0.06,-0.2,-0.2,Matches
a58bb1e1,Gareth Bale,wls WAL,FW,es Real Madrid,29,1989,5.4,3,23,12,52.2,4.26,2.22,0.13,0.25,16.9,0,0,0,3.2,3.2,0.14,-0.2,-0.2,Matches
f7b10c66,David von Ballmoos,ch SUI,GK,ch Young Boys,23,1994,4.0,0,0,0,,0.00,0.00,,,,0,0,0,0.0,0.0,,0.0,0.0,Matches
d7c09951,Dmitri Barinov,ru RUS,MF,ru Loko Moscow,21,1996,3.2,0,6,2,33.3,1.90,0.63,0.00,0.00,24.0,0,0,0,0.2,0.2,0.04,-0.2,-0.2,Matches
c2e41cfb,Vasilios Barkas,gr GRE,GK,gr AEK Athens,24,1994,6.0,0,0,0,,0.00,0.00,,,,0,0,0,0.0,0.0,,0.0,0.0,Matches
6a189491,Antonio Barreca,it ITA,DF,fr Monaco,23,1995,1.0,0,0,0,,0.00,0.00,,,,0,0,0,0.0,0.0,,0.0,0.0,Matches
7c0000fd,Andrea Barzagli,it ITA,DF,it Juventus,37,1981,1.2,0,0,0,,0.00,0.00,,,,0,0,0,0.0,0.0,,0.0,0.0,Matches
2973d8ff,Michy Batshuayi,be BEL,FW,es Valencia,24,1993,3.8,1,13,3,23.1,3.39,0.78,0.08,0.33,16.3,0,0,0,1.5,1.5,0.12,-0.5,-0.5,Matches
47064058,Oliver Baumann,de GER,GK,de Hoffenheim,28,1990,6.0,0,0,0,,0.00,0.00,,,,0,0,0,0.0,0.0,,0.0,0.0,Matches
7bcc0708,Ömer Bayram,tr TUR,DF,tr Galatasaray,27,1991,0.6,0,0,0,,0.00,0.00,,,,0,0,0,0.0,0.0,,0.0,0.0,Matches
da59a197,Riechedly Bazoer,nl NED,MF,pt Porto,21,1996,0.1,0,2,0,0.0,22.50,0.00,0.00,,15.1,0,0,0,0.1,0.1,0.07,-0.1,-0.1,Matches
19e4eab9,Rodrigo Becão,br BRA,DF,ru CSKA Moscow,22,1996,6.0,0,2,0,0.0,0.33,0.00,0.00,,18.7,0,0,0,0.1,0.1,0.04,-0.1,-0.1,Matches
50dc94ce,Donny van de Beek,nl NED,MF,nl Ajax,21,1997,10.9,3,21,11,52.4,1.93,1.01,0.14,0.27,15.6,0,0,0,4.3,4.3,0.20,-1.3,-1.3,Matches
ff182fdc,Ishak Belfodil,dz ALG,"FW,MF",de Hoffenheim,26,1992,3.8,1,9,5,55.6,2.34,1.30,0.11,0.20,15.3,0,0,0,1.8,1.8,0.20,-0.8,-0.8,Matches
e204ec12,Younès Belhanda,ma MAR,MF,tr Galatasaray,28,1990,3.6,0,4,1,25.0,1.11,0.28,0.00,0.00,27.4,1,0,0,0.1,0.1,0.04,-0.1,-0.1,Matches
b7e7937d,Diego Benaglio,ch SUI,GK,fr Monaco,34,1983,4.5,0,0,0,,0.00,0.00,,,,0,0,0,0.0,0.0,,0.0,0.0,Matches
3b15ef2d,Medhi Benatia,ma MAR,DF,it Juventus,31,1987,1.0,0,0,0,,0.00,0.00,,,,0,0,0,0.0,0.0,,0.0,0.0,Matches
f5b6fb78,Loris Benito,ch SUI,DF,ch Young Boys,26,1992,6.0,0,1,0,0.0,0.17,0.00,0.00,,23.7,0,0,0,0.0,0.0,0.03,0.0,0.0,Matches
3189f61a,Nabil Bentaleb,dz ALG,MF,de Schalke 04,23,1994,4.7,3,2,0,0.0,0.42,0.00,0.00,,47.5,0,3,3,2.4,0.1,0.03,+0.6,-0.1,Matches
3b8674e6,Rodrigo Bentancur,uy URU,MF,it Juventus,21,1997,6.1,0,5,0,0.0,0.82,0.00,0.00,,16.1,0,0,0,0.3,0.3,0.05,-0.3,-0.3,Matches
70d74ece,Karim Benzema,fr FRA,FW,es Real Madrid,30,1987,6.5,4,21,10,47.6,3.25,1.55,0.19,0.40,12.3,0,0,0,3.1,3.1,0.15,+0.9,+0.9,Matches
5d0d1ec7,Steve von Bergen,ch SUI,DF,ch Young Boys,35,1983,4.5,0,0,0,,0.00,0.00,,,,0,0,0,0.0,0.0,,0.0,0.0,Matches
a29b1131,Steven Bergwijn,nl NED,FW,nl PSV Eindhoven,20,1997,4.4,0,6,2,33.3,1.35,0.45,0.00,0.00,18.9,0,0,0,0.4,0.4,0.07,-0.4,-0.4,Matches
ee93c1a9,Federico Bernardeschi,it ITA,"MF,FW",it Juventus,24,1994,6.1,0,13,3,23.1,2.12,0.49,0.00,0.00,20.0,3,0,0,1.1,1.1,0.09,-1.1,-1.1,Matches
433dc9a2,Juan Bernat,es ESP,DF,fr Paris S-G,25,1993,7.5,3,9,5,55.6,1.20,0.67,0.33,0.60,13.6,0,0,0,1.6,1.6,0.18,+1.4,+1.4,Matches
2e06f387,Leonardo Bertone,ch SUI,MF,ch Young Boys,24,1994,1.2,0,0,0,,0.00,0.00,,,,0,0,0,0.0,0.0,,0.0,0.0,Matches
de40e38c,Giulian Biancone,fr FRA,DF,fr Monaco,18,2000,1.9,0,1,0,0.0,0.54,0.00,0.00,,36.5,0,0,0,0.0,0.0,0.02,0.0,0.0,Matches
7aac47fe,Ermin Bičakčić,ba BIH,DF,de Hoffenheim,28,1990,2.8,0,0,0,,0.00,0.00,,,,0,0,0,0.0,0.0,,0.0,0.0,Matches
6fdac234,Jaka Bijol,si SVN,MF,ru CSKA Moscow,19,1999,3.0,0,5,4,80.0,1.67,1.33,0.00,0.00,16.3,0,0,0,0.2,0.2,0.04,-0.2,-0.2,Matches
79370f8c,Kristijan Bistrović,hr CRO,MF,ru CSKA Moscow,20,1998,2.0,0,4,0,0.0,2.00,0.00,0.00,,26.7,0,0,0,0.1,0.1,0.03,-0.1,-0.1,Matches
dc62fbee,Leonardo Bittencourt,de GER,MF,de Hoffenheim,24,1993,1.6,0,3,1,33.3,1.91,0.64,0.00,0.00,17.4,0,0,0,0.4,0.4,0.12,-0.4,-0.4,Matches
691bef82,Daley Blind,nl NED,"DF,MF",nl Ajax,28,1990,12.0,0,7,0,0.0,0.58,0.00,0.00,,16.9,0,0,0,0.4,0.4,0.05,-0.4,-0.4,Matches
27f0fcda,Richmond Boakye,gh GHA,FW,rs Red Star,25,1993,2.1,0,7,2,28.6,3.33,0.95,0.00,0.00,22.6,0,0,0,0.3,0.3,0.04,-0.3,-0.3,Matches
2db2fd7b,Jérôme Boateng,de GER,DF,de Bayern Munich,29,1988,5.0,0,0,0,,0.00,0.00,,,,0,0,0,0.0,0.0,,0.0,0.0,Matches
24b98f95,Serhiy Bolbat,ua UKR,FW,ua Shakhtar,25,1993,1.9,0,1,0,0.0,0.52,0.00,0.00,,15.5,0,0,0,0.1,0.1,0.07,-0.1,-0.1,Matches
52ec54d0,Leonardo Bonucci,it ITA,DF,it Juventus,31,1987,10.0,0,5,2,40.0,0.50,0.20,0.00,0.00,22.1,0,0,0,0.2,0.2,0.04,-0.2,-0.2,Matches
5e8936be,Milan Borjan,ca CAN,GK,rs Red Star,30,1987,6.0,0,0,0,,0.00,0.00,,,,0,0,0,0.0,0.0,,0.0,0.0,Matches
d49f3e6b,Lucas Boyé,ar ARG,"FW,MF",gr AEK Athens,22,1996,1.4,0,2,1,50.0,1.45,0.73,0.00,0.00,20.5,0,0,0,0.1,0.1,0.05,-0.1,-0.1,Matches
56b5d64e,Yacine Brahimi,dz ALG,"FW,MF",pt Porto,28,1990,6.9,0,11,4,36.4,1.60,0.58,0.00,0.00,18.2,1,0,0,0.7,0.7,0.06,-0.7,-0.7,Matches
2b5527c4,Joshua Brenet,nl NED,"DF,FW",de Hoffenheim,24,1994,1.5,0,1,0,0.0,0.67,0.00,0.00,,22.3,0,0,0,0.0,0.0,0.05,0.0,0.0,Matches
33b8d077,Marcelo Brozović,hr CRO,MF,it Inter,25,1992,5.9,0,3,0,0.0,0.51,0.00,0.00,,25.6,0,0,0,0.1,0.1,0.04,-0.1,-0.1,Matches
fbffc4b1,Jeffrey Bruma,nl NED,DF,de Schalke 04,26,1991,2.0,0,0,0,,0.00,0.00,,,,0,0,0,0.0,0.0,,0.0,0.0,Matches
4e204552,Jacob Bruun Larsen,dk DEN,FW,de Dortmund,19,1998,1.7,1,4,3,75.0,2.37,1.78,0.25,0.33,19.6,0,0,0,0.7,0.7,0.16,+0.3,+0.3,Matches
e40d028b,Gianluigi Buffon,it ITA,GK,fr Paris S-G,40,1978,5.0,0,0,0,,0.00,0.00,,,,0,0,0,0.0,0.0,,0.0,0.0,Matches
2bcc6d52,Guido Burgstaller,at AUT,FW,de Schalke 04,29,1989,2.6,1,2,2,100.0,0.77,0.77,0.50,0.50,19.2,0,0,0,0.1,0.1,0.05,+0.9,+0.9,Matches
9d12e142,Roman Bürki,ch SUI,GK,de Dortmund,27,1990,7.0,0,0,0,,0.00,0.00,,,,0,0,0,0.0,0.0,,0.0,0.0,Matches
5ab0ea87,Sergio Busquets,es ESP,MF,es Barcelona,30,1988,11.5,0,3,1,33.3,0.26,0.09,0.00,0.00,16.8,0,0,0,0.2,0.2,0.06,-0.2,-0.2,Matches
8a7a5ad7,Bohdan Butko,ua UKR,DF,ua Shakhtar,27,1991,1.5,0,0,0,,0.00,0.00,,,,0,0,0,0.0,0.0,,0.0,0.0,Matches
d1273f09,Daniel Caligiuri,it ITA,"DF,FW",de Schalke 04,30,1988,5.7,0,4,0,0.0,0.70,0.00,0.00,,28.2,0,0,0,0.1,0.1,0.03,-0.1,-0.1,Matches
78841da9,José Callejón,es ESP,MF,it Napoli,31,1987,5.7,0,7,1,14.3,1.23,0.18,0.00,0.00,13.0,0,0,0,0.9,0.9,0.13,-0.9,-0.9,Matches
a65ce836,Emre Can,de GER,"MF,DF",it Juventus,24,1994,3.8,0,3,0,0.0,0.80,0.00,0.00,,10.2,0,0,0,0.2,0.2,0.06,-0.2,-0.2,Matches
bd6351cd,João Cancelo,pt POR,DF,it Juventus,24,1994,5.3,0,5,2,40.0,0.94,0.37,0.00,0.00,18.3,0,0,0,0.3,0.3,0.05,-0.3,-0.3,Matches
356c9002,Antonio Candreva,it ITA,"FW,MF",it Inter,31,1987,1.5,0,2,0,0.0,1.30,0.00,0.00,,15.5,0,0,0,0.1,0.1,0.05,-0.1,-0.1,Matches
4958bfb2,Dani Carvajal,es ESP,DF,es Real Madrid,26,1992,4.7,0,4,1,25.0,0.86,0.21,0.00,0.00,13.6,0,0,0,0.6,0.6,0.15,-0.6,-0.6,Matches
4d224fe8,Casemiro,br BRA,MF,es Real Madrid,26,1992,5.6,1,5,1,20.0,0.89,0.18,0.20,1.00,21.4,0,0,0,0.2,0.2,0.04,+0.8,+0.8,Matches
1ddbb0da,Iker Casillas,es ESP,GK,pt Porto,37,1981,10.3,0,0,0,,0.00,0.00,,,,0,0,0,0.0,0.0,,0.0,0.0,Matches
58a160e1,Nicolás Castillo,cl CHI,FW,pt Benfica,25,1993,0.2,0,1,0,0.0,6.43,0.00,0.00,,9.5,0,0,0,0.1,0.1,0.05,-0.1,-0.1,Matches
6938d79b,Goran Čaušić,rs SRB,MF,rs Red Star,26,1992,3.5,0,1,0,0.0,0.29,0.00,0.00,,17.2,0,0,0,0.0,0.0,0.05,0.0,0.0,Matches
527f063d,Edinson Cavani,uy URU,FW,fr Paris S-G,31,1987,4.6,2,12,6,50.0,2.62,1.31,0.17,0.33,12.0,0,0,0,2.5,2.5,0.21,-0.5,-0.5,Matches
c0617e2b,Dani Ceballos,es ESP,MF,es Real Madrid,21,1996,2.1,0,4,1,25.0,1.94,0.48,0.00,0.00,15.3,0,0,0,0.2,0.2,0.05,-0.2,-0.2,Matches
f76d7a41,Muğdat Çelik,tr TUR,FW,tr Galatasaray,28,1990,0.5,0,0,0,,0.00,0.00,,,,0,0,0,0.0,0.0,,0.0,0.0,Matches
a33a0dc0,Aleš Čermák,cz CZE,MF,cz Viktoria Plzeň,23,1994,3.9,0,3,1,33.3,0.78,0.26,0.00,0.00,17.8,0,0,0,0.1,0.1,0.05,-0.1,-0.1,Matches
5e1028e5,Franco Cervi,ar ARG,"FW,MF",pt Benfica,24,1994,3.4,0,3,1,33.3,0.87,0.29,0.00,0.00,18.2,1,0,0,0.2,0.2,0.06,-0.2,-0.2,Matches
5b54bf3b,Nacer Chadli,be BEL,MF,fr Monaco,28,1989,3.5,0,2,1,50.0,0.58,0.29,0.00,0.00,25.4,1,0,0,0.1,0.1,0.05,-0.1,-0.1,Matches
042d286e,Fyodor Chalov,ru RUS,FW,ru CSKA Moscow,20,1998,5.6,2,10,7,70.0,1.78,1.25,0.20,0.29,17.2,0,0,0,0.6,0.6,0.06,+1.4,+1.4,Matches
873ce3a2,Pape Cheikh Diop,sn SEN,MF,fr Lyon,20,1997,1.2,0,3,0,0.0,2.57,0.00,0.00,,16.9,0,0,0,0.2,0.2,0.06,-0.2,-0.2,Matches
96b03fe2,Nikita Chernov,ru RUS,DF,ru CSKA Moscow,22,1996,3.9,0,1,0,0.0,0.25,0.00,0.00,,8.8,0,0,0,0.1,0.1,0.06,-0.1,-0.1,Matches
0ac94a23,Denis Cheryshev,ru RUS,"MF,DF",es Valencia,27,1990,1.2,0,2,0,0.0,1.67,0.00,0.00,,16.7,0,0,0,0.1,0.0,0.02,-0.1,0.0,Matches
e85fb9b8,Giorgio Chiellini,it ITA,DF,it Juventus,33,1984,6.0,0,2,1,50.0,0.33,0.17,0.00,0.00,10.0,0,0,0,0.1,0.1,0.07,-0.1,-0.1,Matches
2696b6a9,Tahith Chong,nl NED,MF,eng Manchester Utd,18,1999,0.1,0,0,0,,0.00,0.00,,,,0,0,0,0.0,0.0,,0.0,0.0,Matches
163bbd4a,Tomáš Chorý,cz CZE,FW,cz Viktoria Plzeň,23,1995,2.7,1,5,2,40.0,1.84,0.74,0.20,0.50,14.4,0,0,0,0.7,0.7,0.14,+0.3,+0.3,Matches
b20f5a66,Dmytro Chygrynskiy,ua UKR,DF,gr AEK Athens,31,1986,5.0,0,0,0,,0.00,0.00,,,,0,0,0,0.0,0.0,,0.0,0.0,Matches
04ac8285,Jasper Cillessen,nl NED,GK,es Barcelona,29,1989,1.0,0,0,0,,0.00,0.00,,,,0,0,0,0.0,0.0,,0.0,0.0,Matches
042e8a49,Kingsley Coman,fr FRA,"FW,MF",de Bayern Munich,22,1996,1.4,1,2,1,50.0,1.38,0.69,0.50,1.00,14.9,0,0,0,0.1,0.1,0.06,+0.9,+0.9,Matches
7b18b6db,Germán Conti,ar ARG,DF,pt Benfica,24,1994,3.0,0,2,1,50.0,0.67,0.33,0.00,0.00,12.4,0,0,0,0.1,0.1,0.05,-0.1,-0.1,Matches
0331786b,Dion Cools,my MAS,"DF,FW",be Club Brugge,22,1996,1.3,0,0,0,,0.00,0.00,,,,0,0,0,0.0,0.0,,0.0,0.0,Matches
a6951bf8,Francis Coquelin,fr FRA,MF,es Valencia,27,1991,3.1,0,1,0,0.0,0.32,0.00,0.00,,29.4,0,0,0,0.0,0.0,0.03,0.0,0.0,Matches
2d3f7367,Ante Ćorić,hr CRO,MF,it Roma,21,1997,0.3,0,1,0,0.0,3.33,0.00,0.00,,24.7,0,0,0,0.0,0.0,0.04,0.0,0.0,Matches
6ceef869,Vedran Ćorluka,hr CRO,DF,ru Loko Moscow,32,1986,3.0,0,0,0,,0.00,0.00,,,,0,0,0,0.0,0.0,,0.0,0.0,Matches
beb391dd,Maxwel Cornet,ci CIV,"FW,MF",fr Lyon,21,1996,2.4,3,7,4,57.1,2.92,1.67,0.43,0.75,12.1,0,0,0,1.5,1.5,0.21,+1.5,+1.5,Matches
fb938d24,Jesús Corona,mx MEX,"FW,MF",pt Porto,25,1993,6.2,3,11,5,45.5,1.78,0.81,0.27,0.60,16.7,0,0,0,1.1,1.1,0.10,+1.9,+1.9,Matches
01eb744d,Ángel Correa,ar ARG,"MF,FW",es Atlético Madrid,23,1995,3.9,0,11,5,45.5,2.79,1.27,0.00,0.00,18.2,0,0,0,1.1,1.1,0.10,-1.1,-1.1,Matches
69960ac3,Uroš Ćosić,rs SRB,"DF,MF",gr AEK Athens,25,1992,3.3,0,2,0,0.0,0.61,0.00,0.00,,13.9,0,0,0,0.1,0.1,0.05,-0.1,-0.1,Matches
7b4c1f6e,Bruno Xavier Almeida Costa,pt POR,MF,pt Porto,21,1997,0.3,0,0,0,,0.00,0.00,,,,0,0,0,0.0,0.0,,0.0,0.0,Matches
a190d597,Diego Costa,es ESP,FW,es Atlético Madrid,29,1988,3.4,1,5,1,20.0,1.48,0.30,0.20,1.00,13.2,0,0,0,1.1,1.1,0.22,-0.1,-0.1,Matches
4fa7cb9b,Douglas Costa,br BRA,"FW,DF",it Juventus,27,1990,1.8,0,6,2,33.3,3.38,1.13,0.00,0.00,18.5,0,0,0,0.4,0.4,0.06,-0.4,-0.4,Matches
1840e36d,Thibaut Courtois,be BEL,GK,es Real Madrid,26,1992,5.0,0,0,0,,0.00,0.00,,,,0,0,0,0.0,0.0,,0.0,0.0,Matches
0ef89a37,Philippe Coutinho,br BRA,"FW,MF",es Barcelona,26,1992,9.5,3,33,14,42.4,3.49,1.48,0.09,0.21,19.2,1,0,0,2.8,2.8,0.08,+0.2,+0.2,Matches
16657b95,Bryan Cristante,it ITA,MF,it Roma,23,1995,5.7,0,7,1,14.3,1.22,0.17,0.00,0.00,17.7,0,0,0,0.4,0.4,0.05,-0.4,-0.4,Matches
0ab1f153,Juan Cuadrado,co COL,"MF,DF",it Juventus,30,1988,3.6,0,4,0,0.0,1.10,0.00,0.00,,16.5,0,0,0,0.8,0.8,0.20,-0.8,-0.8,Matches
44eb9093,Danilo D'Ambrosio,it ITA,DF,it Inter,29,1988,4.0,0,2,1,50.0,0.50,0.25,0.00,0.00,17.6,0,0,0,0.1,0.1,0.05,-0.1,-0.1,Matches
29c02c9f,Colin Dagba,fr FRA,FW,fr Paris S-G,19,1998,0.1,0,0,0,,0.00,0.00,,,,0,0,0,0.0,0.0,,0.0,0.0,Matches
db4ed67b,Mahmoud Dahoud,de GER,MF,de Dortmund,22,1996,3.5,0,4,1,25.0,1.13,0.28,0.00,0.00,24.7,0,0,0,0.1,0.1,0.03,-0.1,-0.1,Matches
d9565625,Diogo Dalot,pt POR,"DF,MF",eng Manchester Utd,19,1999,2.7,0,2,0,0.0,0.74,0.00,0.00,,16.2,0,0,0,0.1,0.1,0.04,-0.1,-0.1,Matches
6822ea0c,Oleh Danchenko,ua UKR,DF,ua Shakhtar,23,1994,1.0,0,1,1,100.0,1.01,1.01,0.00,0.00,31.1,0,0,0,0.0,0.0,0.03,0.0,0.0,Matches
94b2001f,Danilo,br BRA,DF,eng Manchester City,27,1991,1.3,0,0,0,,0.00,0.00,,,,0,0,0,0.0,0.0,,0.0,0.0,Matches
f08490a6,Arnaut Danjuma,nl NED,"DF,FW",be Club Brugge,21,1997,1.8,1,4,2,50.0,2.18,1.09,0.25,0.50,25.0,0,0,0,0.1,0.1,0.03,+0.9,+0.9,Matches
44781702,Ben Davies,wls WAL,DF,eng Tottenham,25,1993,6.3,0,5,0,0.0,0.79,0.00,0.00,,23.5,0,0,0,0.2,0.2,0.03,-0.2,-0.2,Matches
e46012d4,Kevin De Bruyne,be BEL,MF,eng Manchester City,27,1991,2.7,0,7,4,57.1,2.56,1.46,0.00,0.00,24.0,3,0,0,0.4,0.4,0.06,-0.4,-0.4,Matches
532d2690,Daniele De Rossi,it ITA,MF,it Roma,35,1983,3.4,1,1,1,100.0,0.30,0.30,0.00,0.00,21.1,0,1,1,0.9,0.1,0.09,+0.1,-0.1,Matches
ae4e2852,Mattia De Sciglio,it ITA,DF,it Juventus,25,1992,3.4,0,1,0,0.0,0.29,0.00,0.00,,24.5,0,0,0,0.0,0.0,0.03,0.0,0.0,Matches
41df88b8,Saulo Decarli,ch SUI,MF,be Club Brugge,26,1992,0.0,0,0,0,,0.00,0.00,,,,0,0,0,0.0,0.0,,0.0,0.0,Matches
c8e65157,Miloš Degenek,au AUS,DF,rs Red Star,24,1994,6.0,0,0,0,,0.00,0.00,,,,0,0,0,0.0,0.0,,0.0,0.0,Matches
fe641c1a,Thomas Delaney,dk DEN,MF,de Dortmund,26,1991,3.3,0,1,1,100.0,0.30,0.30,0.00,0.00,27.7,0,0,0,0.0,0.0,0.03,0.0,0.0,Matches
111c3236,Fabian Delph,eng ENG,"DF,MF",eng Manchester City,28,1989,2.9,0,6,2,33.3,2.07,0.69,0.00,0.00,23.9,0,0,0,0.2,0.2,0.04,-0.2,-0.2,Matches
f7ee69fb,Mousa Dembélé,be BEL,MF,eng Tottenham,31,1987,1.8,0,2,0,0.0,1.10,0.00,0.00,,26.9,0,0,0,0.1,0.1,0.03,-0.1,-0.1,Matches
e7986081,Moussa Dembélé,fr FRA,FW,fr Lyon,22,1996,3.3,1,12,5,41.7,3.62,1.51,0.08,0.20,17.8,1,0,0,1.7,1.7,0.14,-0.7,-0.7,Matches
b19db005,Ousmane Dembélé,fr FRA,FW,es Barcelona,21,1997,4.6,3,18,8,44.4,3.91,1.74,0.17,0.38,17.1,0,0,0,2.4,2.4,0.14,+0.6,+0.6,Matches
54b4dc4e,Kerem Demirbay,de GER,MF,de Hoffenheim,25,1993,4.1,0,9,1,11.1,2.20,0.24,0.00,0.00,22.0,1,0,0,0.7,0.7,0.07,-0.7,-0.7,Matches
47af88b8,Jason Denayer,be BEL,DF,fr Lyon,23,1995,8.0,0,1,1,100.0,0.12,0.12,0.00,0.00,9.0,0,0,0,0.1,0.1,0.05,-0.1,-0.1,Matches
fbb23472,Igor Denisov,ru RUS,MF,ru Loko Moscow,34,1984,5.2,0,5,0,0.0,0.96,0.00,0.00,,22.1,0,0,0,0.6,0.6,0.11,-0.6,-0.6,Matches
2c44a35d,Emmanuel Dennis,ng NGA,"FW,MF",be Club Brugge,20,1997,2.0,0,5,2,40.0,2.51,1.01,0.00,0.00,21.0,0,0,0,0.2,0.2,0.04,-0.2,-0.2,Matches
5832ebfe,Stefano Denswil,nl NED,DF,be Club Brugge,25,1993,6.0,0,4,1,25.0,0.67,0.17,0.00,0.00,25.8,1,0,0,0.5,0.5,0.11,-0.5,-0.5,Matches
85686f86,Dentinho,br BRA,"MF,FW",ua Shakhtar,29,1989,0.1,0,0,0,,0.00,0.00,,,,0,0,0,0.0,0.0,,0.0,0.0,Matches
4e133a88,Eren Derdiyok,ch SUI,FW,tr Galatasaray,30,1988,3.7,2,8,3,37.5,2.18,0.82,0.25,0.67,14.0,2,0,0,2.5,2.5,0.31,-0.5,-0.5,Matches
19cda00b,Ángel Di María,ar ARG,"MF,FW",fr Paris S-G,30,1988,7.3,2,18,8,44.4,2.47,1.10,0.11,0.25,20.0,1,0,0,1.5,1.5,0.09,+0.5,+0.5,Matches
549c6ba7,Franco Di Santo,ar ARG,FW,de Schalke 04,29,1989,1.0,0,0,0,,0.00,0.00,,,,0,0,0,0.0,0.0,,0.0,0.0,Matches
aeed5c06,Moussa Diaby,fr FRA,DF,fr Paris S-G,19,1999,0.1,0,0,0,,0.00,0.00,,,,0,0,0,0.0,0.0,,0.0,0.0,Matches
d2110326,Mouctar Diakhaby,gn GUI,DF,es Valencia,21,1996,3.0,0,1,1,100.0,0.33,0.33,0.00,0.00,6.7,0,0,0,0.1,0.1,0.06,-0.1,-0.1,Matches
fc62f087,Abdou Diallo,sn SEN,DF,de Dortmund,22,1996,6.9,0,2,0,0.0,0.29,0.00,0.00,,5.4,0,0,0,0.7,0.7,0.34,-0.7,-0.7,Matches
31c69ef1,Rúben Dias,pt POR,DF,pt Benfica,21,1997,4.5,0,4,1,25.0,0.89,0.22,0.00,0.00,9.1,0,0,0,0.3,0.3,0.08,-0.3,-0.3,Matches
8104e41e,Krépin Diatta,sn SEN,"DF,FW",be Club Brugge,19,1999,0.1,0,0,0,,0.00,0.00,,,,0,0,0,0.0,0.0,,0.0,0.0,Matches
ac861941,Eric Dier,eng ENG,MF,eng Tottenham,24,1994,3.0,0,2,0,0.0,0.66,0.00,0.00,,21.4,0,0,0,0.1,0.1,0.04,-0.1,-0.1,Matches
19053e31,Sofiane Diop,fr FRA,"FW,MF",fr Monaco,18,2000,3.0,0,5,1,20.0,1.67,0.33,0.00,0.00,20.0,0,0,0,0.5,0.5,0.11,-0.5,-0.5,Matches
cc83b74d,Kasper Dolberg,dk DEN,FW,nl Ajax,20,1997,3.3,0,5,2,40.0,1.50,0.60,0.00,0.00,14.3,0,0,0,1.0,1.0,0.20,-1.0,-1.0,Matches
c9cb972b,Jaume Doménech,es ESP,GK,es Valencia,27,1990,1.0,0,0,0,,0.00,0.00,,,,0,0,0,0.0,0.0,,0.0,0.0,Matches
d072a976,Ryan Donk,sr SUR,"MF,DF",tr Galatasaray,32,1986,5.2,0,1,0,0.0,0.19,0.00,0.00,,34.6,0,0,0,0.0,0.0,0.03,0.0,0.0,Matches
1a992676,Julian Draxler,de GER,MF,fr Paris S-G,24,1993,3.2,0,1,0,0.0,0.31,0.00,0.00,,16.9,0,0,0,0.1,0.1,0.09,-0.1,-0.1,Matches
ff0ab48c,Leo Dubois,fr FRA,DF,fr Lyon,23,1994,3.2,1,1,1,100.0,0.31,0.31,1.00,1.00,8.5,0,0,0,0.6,0.6,0.58,+0.4,+0.4,Matches
481c9ece,Denzel Dumfries,nl NED,DF,nl PSV Eindhoven,22,1996,6.0,0,2,0,0.0,0.33,0.00,0.00,,6.2,0,0,0,0.6,0.6,0.29,-0.6,-0.6,Matches
e0921a4f,Paulo Dybala,ar ARG,"FW,MF",it Juventus,24,1993,5.8,5,21,10,47.6,3.65,1.74,0.24,0.50,18.2,0,0,0,3.6,3.6,0.17,+1.4,+1.4,Matches
4c45cdc2,Alan Dzagoev,ru RUS,"MF,FW",ru CSKA Moscow,28,1990,1.9,0,5,1,20.0,2.63,0.53,0.00,0.00,20.5,0,0,0,0.2,0.2,0.04,-0.2,-0.2,Matches
3bb7f478,Edin Džeko,ba BIH,FW,it Roma,32,1986,6.3,5,29,13,44.8,4.58,2.05,0.17,0.38,13.1,0,0,0,3.5,3.5,0.12,+1.5,+1.5,Matches
a382462b,Lorenzo Ebecilio,nl NED,"MF,FW",rs Red Star,26,1991,1.3,0,2,1,50.0,1.57,0.78,0.00,0.00,32.6,0,0,0,0.0,0.0,0.02,0.0,0.0,Matches
f0fc9d0e,Éder,pt POR,FW,ru Loko Moscow,30,1987,3.4,0,5,0,0.0,1.45,0.00,0.00,,9.5,0,0,0,1.0,1.0,0.20,-1.0,-1.0,Matches
3bb7b8b4,Ederson,br BRA,GK,eng Manchester City,24,1993,10.0,0,0,0,,0.00,0.00,,,,0,0,0,0.0,0.0,,0.0,0.0,Matches
a1c5b23e,Carel Eiting,nl NED,MF,nl Ajax,20,1998,1.0,0,2,0,0.0,2.00,0.00,0.00,,26.7,0,0,0,0.1,0.1,0.03,-0.1,-0.1,Matches
73d6a176,Jurgen Ekkelenkamp,nl NED,MF,nl Ajax,18,2000,0.2,0,1,1,100.0,5.63,5.63,0.00,0.00,16.1,0,0,0,0.1,0.1,0.07,-0.1,-0.1,Matches
0b4f388a,Breel Embolo,ch SUI,"FW,MF",de Schalke 04,21,1997,4.2,1,9,4,44.4,2.13,0.94,0.11,0.25,11.0,0,0,0,2.2,2.2,0.26,-1.2,-1.2,Matches
980522ec,Christian Eriksen,dk DEN,"MF,FW",eng Tottenham,26,1992,11.1,2,28,12,42.9,2.51,1.08,0.07,0.17,23.8,5,0,0,2.4,2.4,0.09,-0.4,-0.4,Matches
7f3b388c,Fabinho,br BRA,"MF,DF",eng Liverpool,24,1993,8.1,0,3,0,0.0,0.37,0.00,0.00,,25.1,0,0,0,0.1,0.1,0.03,-0.1,-0.1,Matches
1e43fad8,Ralf Fährmann,de GER,GK,de Schalke 04,29,1988,6.0,0,0,0,,0.00,0.00,,,,0,0,0,0.0,0.0,,0.0,0.0,Matches
66116290,Radamel Falcao,co COL,FW,fr Monaco,32,1986,3.8,0,11,2,18.2,2.92,0.53,0.00,0.00,20.6,1,0,1,1.5,0.8,0.07,-1.5,-0.8,Matches
c886b062,Jefferson Farfán,pe PER,"FW,MF",ru Loko Moscow,33,1984,3.4,1,11,2,18.2,3.27,0.59,0.09,0.50,16.0,1,0,0,0.9,0.9,0.08,+0.1,+0.1,Matches
0aeeed3f,Christian Fassnacht,ch SUI,MF,ch Young Boys,24,1993,4.2,0,11,4,36.4,2.60,0.94,0.00,0.00,21.3,0,0,0,0.6,0.6,0.05,-0.6,-0.6,Matches
4e358a2d,Federico Fazio,ar ARG,DF,it Roma,31,1987,6.0,0,8,1,12.5,1.33,0.17,0.00,0.00,12.3,0,0,0,1.7,1.7,0.21,-1.7,-1.7,Matches
691f64f5,Sofiane Feghouli,dz ALG,"MF,FW",tr Galatasaray,28,1989,1.5,1,4,0,0.0,2.61,0.00,0.00,,32.0,0,1,2,1.7,0.1,0.03,-0.7,-0.1,Matches
874d7a32,Ljubomir Fejsa,rs SRB,MF,pt Benfica,29,1988,4.8,0,2,1,50.0,0.41,0.21,0.00,0.00,18.4,0,0,0,0.1,0.1,0.04,-0.1,-0.1,Matches
bece776f,Nabil Fekir,fr FRA,"MF,FW",fr Lyon,25,1993,5.6,3,26,11,42.3,4.66,1.97,0.12,0.27,23.9,4,0,0,1.8,1.8,0.07,+1.2,+1.2,Matches
51a3c4c8,Felipe,br BRA,DF,pt Porto,29,1989,10.3,1,8,2,25.0,0.77,0.19,0.13,0.50,12.9,0,0,0,1.1,1.1,0.14,-0.1,-0.1,Matches
8aafd64f,João Félix,pt POR,"FW,MF",pt Benfica,18,1999,0.8,0,1,1,100.0,1.18,1.18,0.00,0.00,8.8,0,0,0,0.1,0.1,0.05,-0.1,-0.1,Matches
87575fd9,Marouane Fellaini,be BEL,MF,eng Manchester Utd,30,1987,3.4,1,5,1,20.0,1.48,0.30,0.20,1.00,11.6,0,0,0,0.4,0.4,0.07,+0.6,+0.6,Matches
e2dde94c,Gedson Fernandes,pt POR,MF,pt Benfica,19,1999,5.1,1,7,3,42.9,1.36,0.58,0.14,0.33,24.1,0,0,0,0.9,0.9,0.12,+0.1,+0.1,Matches
13ac19de,Manuel Fernandes,pt POR,"FW,MF",ru Loko Moscow,32,1986,3.2,0,5,1,20.0,1.55,0.31,0.00,0.00,31.9,1,0,1,1.0,0.2,0.04,-1.0,-0.2,Matches
7c1a0c67,Mário Fernandes,ru RUS,DF,ru CSKA Moscow,27,1990,5.1,0,2,1,50.0,0.39,0.20,0.00,0.00,11.8,0,0,0,0.1,0.1,0.07,-0.1,-0.1,Matches
101da2b5,Fernandinho,br BRA,"MF,DF",eng Manchester City,33,1985,7.1,0,5,1,20.0,0.70,0.14,0.00,0.00,21.0,0,0,0,0.2,0.2,0.05,-0.2,-0.2,Matches
ccd88b8e,Fernando,br BRA,"FW,MF",pt Porto,25,1993,1.6,0,3,1,33.3,1.86,0.62,0.00,0.00,15.7,0,0,0,0.2,0.2,0.06,-0.2,-0.2,Matches
d9d43555,Fernando,br BRA,FW,ua Shakhtar,19,1999,0.9,0,3,0,0.0,3.21,0.00,0.00,,15.5,0,0,0,0.5,0.5,0.16,-0.5,-0.5,Matches
41f32541,Fernando,br BRA,MF,tr Galatasaray,31,1987,3.6,0,1,0,0.0,0.28,0.00,0.00,,10.5,0,0,0,0.1,0.1,0.09,-0.1,-0.1,Matches
375622c5,Jordan Ferri,fr FRA,MF,fr Lyon,26,1992,0.1,0,0,0,,0.00,0.00,,,,0,0,0,0.0,0.0,,0.0,0.0,Matches
4c370d81,Roberto Firmino,br BRA,"FW,MF",eng Liverpool,26,1991,7.8,4,17,7,41.2,2.19,0.90,0.24,0.57,14.6,0,0,0,2.4,2.4,0.14,+1.6,+1.6,Matches
e288d4b3,Alessandro Florenzi,it ITA,"DF,FW",it Roma,27,1991,6.9,0,7,3,42.9,1.02,0.44,0.00,0.00,26.2,0,0,0,1.1,1.1,0.16,-1.1,-1.1,Matches
ed1e53f3,Phil Foden,eng ENG,MF,eng Manchester City,18,2000,1.4,1,7,3,42.9,5.16,2.21,0.14,0.33,15.7,0,0,0,1.0,1.0,0.15,0.0,0.0,Matches
2327c29e,Hernâni Fortes,pt POR,"FW,MF",pt Porto,26,1991,1.4,0,3,1,33.3,2.13,0.71,0.00,0.00,17.9,0,0,0,0.1,0.1,0.04,-0.1,-0.1,Matches
6c7762c3,Juan Foyth,ar ARG,DF,eng Tottenham,20,1998,1.1,0,0,0,,0.00,0.00,,,,0,0,0,0.0,0.0,,0.0,0.0,Matches
b853e0ad,Fred,br BRA,MF,eng Manchester Utd,25,1993,5.1,0,6,0,0.0,1.18,0.00,0.00,,25.3,1,0,0,0.3,0.3,0.05,-0.3,-0.3,Matches
0d10333c,Gabriel,br BRA,"MF,FW",pt Benfica,24,1993,2.5,0,4,1,25.0,1.63,0.41,0.00,0.00,24.0,0,0,0,0.4,0.4,0.10,-0.4,-0.4,Matches
1971591f,Cody Gakpo,nl NED,MF,nl PSV Eindhoven,19,1999,0.1,0,0,0,,0.00,0.00,,,,0,0,0,0.0,0.0,,0.0,0.0,Matches
a8327abd,Konstantinos Galanopoulos,gr GRE,MF,gr AEK Athens,20,1997,5.4,0,1,0,0.0,0.19,0.00,0.00,,20.9,0,0,0,0.0,0.0,0.05,0.0,0.0,Matches
b4825073,Rodrigo Galo Brito,br BRA,"DF,MF",gr AEK Athens,31,1986,1.3,0,0,0,,0.00,0.00,,,,0,0,0,0.0,0.0,,0.0,0.0,Matches
42276181,Kévin Gameiro,fr FRA,FW,es Valencia,31,1987,1.5,0,2,0,0.0,1.36,0.00,0.00,,19.0,0,0,0,0.1,0.1,0.04,-0.1,-0.1,Matches
ac3fb1be,Ezequiel Garay,ar ARG,DF,es Valencia,31,1986,2.4,0,0,0,,0.00,0.00,,,,0,0,0,0.0,0.0,,0.0,0.0,Matches
c952f633,Ulisses Garcia,ch SUI,DF,ch Young Boys,22,1996,1.5,0,2,0,0.0,1.33,0.00,0.00,,19.3,0,0,0,0.1,0.1,0.05,-0.1,-0.1,Matches
63d17038,Paulo Gazzaniga,ar ARG,GK,eng Tottenham,26,1992,1.0,0,0,0,,0.00,0.00,,,,0,0,0,0.0,0.0,,0.0,0.0,Matches
7ba6d84e,David de Gea,es ESP,GK,eng Manchester Utd,27,1990,9.0,0,0,0,,0.00,0.00,,,,0,0,0,0.0,0.0,,0.0,0.0,Matches
37f606f0,Dennis Geiger,de GER,MF,de Hoffenheim,20,1998,0.7,0,1,0,0.0,1.45,0.00,0.00,,24.9,0,0,0,0.0,0.0,0.03,0.0,0.0,Matches
c5adc293,Faouzi Ghoulam,dz ALG,DF,it Napoli,27,1991,0.2,0,0,0,,0.00,0.00,,,,0,0,0,0.0,0.0,,0.0,0.0,Matches
8d3d3b0a,Giorgos Giakoumakis,gr GRE,FW,gr AEK Athens,23,1994,0.6,0,0,0,,0.00,0.00,,,,0,0,0,0.0,0.0,,0.0,0.0,Matches
fe2d2289,Giannis Gianniotas,gr GRE,"FW,MF",gr AEK Athens,25,1993,0.6,0,0,0,,0.00,0.00,,,,0,0,0,0.0,0.0,,0.0,0.0,Matches
c6056d58,Kamil Glik,pl POL,DF,fr Monaco,30,1988,4.8,0,2,0,0.0,0.41,0.00,0.00,,8.4,0,0,0,0.4,0.4,0.20,-0.4,-0.4,Matches
88e357ef,Serge Gnabry,de GER,"FW,MF",de Bayern Munich,23,1995,4.9,0,17,3,17.6,3.44,0.61,0.00,0.00,19.9,0,0,0,1.0,1.0,0.06,-1.0,-1.0,Matches
50c1ff86,Marko Gobeljić,rs SRB,DF,rs Red Star,25,1992,3.4,1,4,1,25.0,1.19,0.30,0.25,1.00,13.4,0,0,0,0.2,0.2,0.05,+0.8,+0.8,Matches
fc4f85b1,Diego Godín,uy URU,DF,es Atlético Madrid,32,1986,6.0,1,5,1,20.0,0.83,0.17,0.20,1.00,12.0,0,0,0,0.3,0.3,0.05,+0.7,+0.7,Matches
d5980989,Benjamin Goller,de GER,MF,de Schalke 04,19,1999,0.6,0,1,0,0.0,1.55,0.00,0.00,,24.7,0,0,0,0.0,0.0,0.04,0.0,0.0,Matches
3708e9fa,Aleksandr Golovin,ru RUS,"FW,MF",fr Monaco,22,1996,2.5,0,2,2,100.0,0.79,0.79,0.00,0.00,16.5,0,0,0,0.1,0.1,0.06,-0.1,-0.1,Matches
7a11550b,Joe Gomez,eng ENG,DF,eng Liverpool,21,1997,5.9,0,2,0,0.0,0.34,0.00,0.00,,18.6,0,0,0,0.1,0.1,0.05,-0.1,-0.1,Matches
01e5f06e,Sergio Gómez,es ESP,FW,de Dortmund,17,2000,0.0,0,0,0,,0.00,0.00,,,,0,0,0,0.0,0.0,,0.0,0.0,Matches
cc86b9a3,Leon Goretzka,de GER,MF,de Bayern Munich,23,1995,3.6,0,7,3,42.9,1.92,0.82,0.00,0.00,20.2,0,0,0,0.4,0.4,0.05,-0.4,-0.4,Matches
4d3e9033,Mathieu Gorgelin,fr FRA,GK,fr Lyon,27,1990,0.6,0,0,0,,0.00,0.00,,,,0,0,0,0.0,0.0,,0.0,0.0,Matches
9efa1d25,Mario Götze,de GER,"MF,FW",de Dortmund,26,1992,4.9,0,6,2,33.3,1.24,0.41,0.00,0.00,21.1,0,0,0,0.3,0.3,0.05,-0.3,-0.3,Matches
2d24d7a2,Gobe Gouano,fr FRA,FW,fr Monaco,17,2000,0.3,0,2,0,0.0,6.00,0.00,0.00,,25.2,0,0,0,0.1,0.1,0.04,-0.1,-0.1,Matches
d2448564,Samuel Grandsir,fr FRA,"MF,FW",fr Monaco,21,1996,2.1,1,2,1,50.0,0.96,0.48,0.50,1.00,8.3,0,0,0,0.6,0.6,0.28,+0.4,+0.4,Matches
58eee997,Mason Greenwood,eng ENG,MF,eng Manchester Utd,16,2001,0.0,0,0,0,,0.00,0.00,,,,0,0,0,0.0,0.0,,0.0,0.0,Matches
df69b544,Antoine Griezmann,fr FRA,FW,es Atlético Madrid,27,1991,8.0,4,22,11,50.0,2.75,1.37,0.18,0.36,18.0,2,0,0,2.7,2.7,0.12,+1.3,+1.3,Matches
54e4866f,Vincenzo Grifo,it ITA,DF,de Hoffenheim,25,1993,0.1,0,0,0,,0.00,0.00,,,,0,0,0,0.0,0.0,,0.0,0.0,Matches
ffbbc83b,Florian Grillitsch,at AUT,MF,de Hoffenheim,22,1995,4.6,1,5,1,20.0,1.09,0.22,0.20,1.00,23.6,0,0,0,0.5,0.5,0.10,+0.5,+0.5,Matches
b1f4086c,Álex Grimaldo,es ESP,DF,pt Benfica,22,1995,6.0,2,12,6,50.0,2.00,1.00,0.17,0.33,24.4,3,0,0,0.8,0.8,0.07,+1.2,+1.2,Matches
e6bc67d7,Gonçalo Guedes,pt POR,MF,es Valencia,21,1996,3.5,0,10,1,10.0,2.87,0.29,0.00,0.00,23.1,1,0,0,0.4,0.4,0.04,-0.4,-0.4,Matches
048a1cbc,Raphaël Guerreiro,pt POR,"FW,MF",de Dortmund,24,1993,3.2,4,10,4,40.0,3.16,1.26,0.40,1.00,16.4,0,0,0,2.7,2.7,0.27,+1.3,+1.3,Matches
ac1f056e,Sinan Gümüş,tr TUR,FW,tr Galatasaray,24,1994,2.5,0,5,2,40.0,2.04,0.81,0.00,0.00,15.2,0,0,0,0.5,0.5,0.10,-0.5,-0.5,Matches
819b3158,İlkay Gündoğan,de GER,MF,eng Manchester City,27,1990,6.5,0,9,1,11.1,1.38,0.15,0.00,0.00,23.0,2,0,0,0.7,0.7,0.08,-0.7,-0.7,Matches
c7842dab,Erick Gutiérrez,mx MEX,MF,nl PSV Eindhoven,23,1995,1.1,0,1,0,0.0,0.92,0.00,0.00,,27.3,0,0,0,0.0,0.0,0.03,0.0,0.0,Matches
0174ba21,Robin Hack,de GER,MF,de Hoffenheim,19,1998,0.1,0,0,0,,0.00,0.00,,,,0,0,0,0.0,0.0,,0.0,0.0,Matches
8696bc90,Munir El Haddadi,ma MAR,FW,es Barcelona,22,1995,0.7,0,1,0,0.0,1.38,0.00,0.00,,14.2,0,0,0,0.0,0.0,0.04,0.0,0.0,Matches
e42d61c7,Achraf Hakimi,ma MAR,DF,de Dortmund,19,1998,4.1,0,3,0,0.0,0.73,0.00,0.00,,26.6,0,0,0,0.1,0.1,0.04,-0.1,-0.1,Matches
e6ad16b2,Marek Hamšík,sk SVK,MF,it Napoli,31,1987,5.1,1,2,1,50.0,0.39,0.20,0.50,1.00,10.7,0,0,0,0.8,0.8,0.40,+0.2,+0.2,Matches
74419746,Samir Handanović,si SVN,GK,it Inter,34,1984,6.0,0,0,0,,0.00,0.00,,,,0,0,0,0.0,0.0,,0.0,0.0,Matches
e7d59f4f,Amine Harit,ma MAR,"MF,FW",de Schalke 04,21,1997,1.6,0,1,0,0.0,0.63,0.00,0.00,,10.0,0,0,0,0.1,0.1,0.12,-0.1,-0.1,Matches
8454388c,Milan Havel,cz CZE,"FW,DF",cz Viktoria Plzeň,23,1994,2.5,0,6,0,0.0,2.42,0.00,0.00,,16.9,0,0,0,0.4,0.4,0.06,-0.4,-0.4,Matches
61f63784,Lukáš Hejda,cz CZE,DF,cz Viktoria Plzeň,28,1990,5.0,1,2,1,50.0,0.40,0.20,0.50,1.00,5.7,0,0,0,0.9,0.4,0.19,+0.1,+0.6,Matches
935e6b8f,Jordan Henderson,eng ENG,MF,eng Liverpool,28,1990,8.9,0,9,2,22.2,1.01,0.22,0.00,0.00,21.0,0,0,0,0.8,0.8,0.09,-0.8,-0.8,Matches
28eea0fc,Jorrit Hendrix,nl NED,MF,nl PSV Eindhoven,23,1995,5.8,0,4,2,50.0,0.69,0.35,0.00,0.00,28.0,0,0,0,0.1,0.1,0.03,-0.1,-0.1,Matches
0a89e877,Benjamin Henrichs,de GER,"DF,MF",fr Monaco,21,1997,3.3,0,2,0,0.0,0.61,0.00,0.00,,25.7,0,0,0,0.1,0.1,0.03,-0.1,-0.1,Matches
c3ee18ef,Lucas Hernández,fr FRA,DF,es Atlético Madrid,22,1996,5.0,0,0,0,,0.00,0.00,,,,0,0,0,0.0,0.0,,0.0,0.0,Matches
436a9dd0,Ander Herrera,es ESP,MF,eng Manchester Utd,28,1989,1.9,0,4,0,0.0,2.14,0.00,0.00,,23.5,0,0,0,0.2,0.2,0.04,-0.2,-0.2,Matches
a8542814,Héctor Herrera,mx MEX,MF,pt Porto,28,1990,9.2,2,14,6,42.9,1.51,0.65,0.14,0.33,19.9,1,0,0,1.1,1.0,0.07,+0.9,+1.0,Matches
92e7e919,Son Heung-min,kr KOR,FW,eng Tottenham,26,1992,10.0,4,33,17,51.5,3.30,1.70,0.12,0.24,18.7,0,0,0,3.1,3.1,0.09,+0.9,+0.9,Matches
2e7ff968,Marwin Hitz,ch SUI,GK,de Dortmund,30,1987,1.0,0,0,0,,0.00,0.00,,,,0,0,0,0.0,0.0,,0.0,0.0,Matches
cff7dcb0,Guillaume Hoarau,fr FRA,FW,ch Young Boys,34,1984,4.5,3,10,3,30.0,2.22,0.67,0.10,0.33,19.9,0,2,2,2.1,0.5,0.05,+0.9,+0.5,Matches
816192f0,Justin Hoogma,nl NED,MF,de Hoffenheim,20,1998,1.0,0,1,0,0.0,1.00,0.00,0.00,,23.7,0,0,0,0.0,0.0,0.03,0.0,0.0,Matches
d02e0cab,Tomáš Hořava,cz CZE,MF,cz Viktoria Plzeň,30,1988,2.4,0,2,0,0.0,0.83,0.00,0.00,,19.7,0,0,0,0.1,0.1,0.06,-0.1,-0.1,Matches
3f65d5ce,Ethan Horvath,us USA,GK,be Club Brugge,23,1995,3.0,0,0,0,,0.00,0.00,,,,0,0,0,0.0,0.0,,0.0,0.0,Matches
d5c04323,Benedikt Höwedes,de GER,DF,ru Loko Moscow,30,1988,5.0,0,2,0,0.0,0.40,0.00,0.00,,9.7,0,0,0,0.2,0.2,0.09,-0.2,-0.2,Matches
f2d063ec,Patrik Hrošovský,sk SVK,MF,cz Viktoria Plzeň,26,1992,6.0,1,3,1,33.3,0.50,0.17,0.33,1.00,14.4,0,0,0,0.6,0.6,0.21,+0.4,+0.4,Matches
f4eb377b,Aleš Hruška,cz CZE,GK,cz Viktoria Plzeň,32,1985,4.0,0,0,0,,0.00,0.00,,,,0,0,0,0.0,0.0,,0.0,0.0,Matches
99de6b6f,Benjamin Hübner,de GER,DF,de Hoffenheim,29,1989,1.0,0,0,0,,0.00,0.00,,,,0,0,0,0.0,0.0,,0.0,0.0,Matches
4cc82fe1,Roman Hubník,cz CZE,DF,cz Viktoria Plzeň,34,1984,6.0,0,2,0,0.0,0.33,0.00,0.00,,8.6,0,0,0,0.2,0.2,0.08,-0.2,-0.2,Matches
497228f9,Niklas Hult,se SWE,DF,gr AEK Athens,28,1990,6.0,0,1,1,100.0,0.17,0.17,0.00,0.00,13.0,0,0,0,0.1,0.1,0.06,-0.1,-0.1,Matches
05d548d8,Mats Hummels,de GER,DF,de Bayern Munich,29,1988,6.0,1,4,2,50.0,0.67,0.33,0.25,0.50,10.2,0,0,0,0.5,0.5,0.13,+0.5,+0.5,Matches
5042e5c2,Klaas-Jan Huntelaar,nl NED,FW,nl Ajax,34,1983,1.1,0,3,0,0.0,2.73,0.00,0.00,,12.4,0,0,0,0.2,0.2,0.07,-0.2,-0.2,Matches
2f3452eb,Elseid Hysaj,al ALB,DF,it Napoli,24,1994,1.7,0,2,0,0.0,1.20,0.00,0.00,,27.6,0,0,0,0.1,0.1,0.03,-0.1,-0.1,Matches
43b78598,Mauro Icardi,ar ARG,FW,it Inter,25,1993,6.0,4,21,8,38.1,3.50,1.33,0.19,0.50,12.7,0,0,0,3.6,3.6,0.17,+0.4,+0.4,Matches
8387afe6,Brian Idowu,ng NGA,DF,ru Loko Moscow,26,1992,3.0,0,4,0,0.0,1.33,0.00,0.00,,25.8,0,0,0,0.1,0.1,0.03,-0.1,-0.1,Matches
5cb1d026,Vladislav Ignatyev,ru RUS,DF,ru Loko Moscow,31,1987,5.8,1,4,1,25.0,0.69,0.17,0.25,1.00,15.1,0,0,0,0.8,0.8,0.19,+0.2,+0.2,Matches
54f2d108,Selçuk İnan,tr TUR,MF,tr Galatasaray,33,1985,1.2,1,2,0,0.0,1.71,0.00,0.00,,37.6,0,1,1,0.8,0.1,0.03,+0.2,-0.1,Matches
2f557579,Lorenzo Insigne,it ITA,FW,it Napoli,27,1991,5.4,3,17,5,29.4,3.14,0.92,0.12,0.40,18.7,1,1,1,3.0,2.2,0.13,0.0,-0.2,Matches
a0b4bb3e,Isco,es ESP,"FW,MF",es Real Madrid,26,1992,2.8,1,8,5,62.5,2.87,1.79,0.13,0.20,18.4,2,0,0,1.3,1.3,0.16,-0.3,-0.3,Matches
14e8e9d7,Nicolas Isimat-Mirin,fr FRA,DF,nl PSV Eindhoven,26,1991,0.3,0,0,0,,0.00,0.00,,,,0,0,0,0.0,0.0,,0.0,0.0,Matches
cf182add,Ismaily,br BRA,DF,ua Shakhtar,28,1990,6.0,2,13,7,53.8,2.17,1.17,0.15,0.29,12.8,0,0,0,1.9,1.9,0.15,+0.1,+0.1,Matches
ce9e8024,Jardel,br BRA,DF,pt Benfica,32,1986,4.0,0,4,1,25.0,1.00,0.25,0.00,0.00,11.7,0,0,0,0.2,0.2,0.05,-0.2,-0.2,Matches
7cab69b5,Jemerson,br BRA,DF,fr Monaco,25,1992,5.0,0,0,0,,0.00,0.00,,,,0,0,0,0.0,0.0,,0.0,0.0,Matches
b66315ae,Gabriel Jesus,br BRA,FW,eng Manchester City,21,1997,4.2,4,19,8,42.1,4.56,1.92,0.11,0.25,16.3,0,2,2,3.9,2.4,0.12,+0.1,-0.4,Matches
79083382,Juan Jesus,br BRA,DF,it Roma,27,1991,2.4,0,0,0,,0.00,0.00,,,,0,0,0,0.0,0.0,,0.0,0.0,Matches
c17bfb65,Joelinton,br BRA,FW,de Hoffenheim,21,1996,4.3,1,10,4,40.0,2.30,0.92,0.10,0.25,18.8,0,0,0,1.4,1.4,0.14,-0.4,-0.4,Matches
9bcd6455,Jonas,br BRA,FW,pt Benfica,34,1984,1.2,1,4,3,75.0,3.21,2.41,0.25,0.33,21.1,0,0,0,0.7,0.7,0.17,+0.3,+0.3,Matches
def899bd,Phil Jones,eng ENG,DF,eng Manchester Utd,26,1992,3.0,0,0,0,,0.00,0.00,,,,0,0,0,0.0,0.0,,0.0,0.0,Matches
1bacc518,Frenkie de Jong,nl NED,MF,nl Ajax,21,1997,10.9,0,5,0,0.0,0.46,0.00,0.00,,19.8,0,0,0,0.3,0.3,0.06,-0.3,-0.3,Matches
abb3bb95,Luuk de Jong,nl NED,"FW,MF",nl PSV Eindhoven,27,1990,5.9,3,14,7,50.0,2.38,1.19,0.21,0.43,13.3,1,0,0,2.1,2.1,0.15,+0.9,+0.9,Matches
13c44fc5,Jorge,br BRA,"MF,FW",pt Porto,22,1996,0.2,0,0,0,,0.00,0.00,,,,0,0,0,0.0,0.0,,0.0,0.0,Matches
4dbdf7f7,Dušan Jovančić,rs SRB,MF,rs Red Star,27,1990,3.0,0,4,1,25.0,1.34,0.34,0.00,0.00,20.5,0,0,0,0.2,0.2,0.04,-0.2,-0.2,Matches
95a24690,Dejan Joveljić,rs SRB,FW,rs Red Star,18,1999,0.6,0,1,0,0.0,1.80,0.00,0.00,,15.1,0,0,0,0.1,0.1,0.05,-0.1,-0.1,Matches
f36c432f,Stevan Jovetić,me MNE,FW,fr Monaco,28,1989,0.1,0,0,0,,0.00,0.00,,,,0,0,0,0.0,0.0,,0.0,0.0,Matches
2319ebe3,Branko Jovičić,rs SRB,MF,rs Red Star,25,1993,2.6,0,0,0,,0.00,0.00,,,,0,0,0,0.0,0.0,,0.0,0.0,Matches
cfd8d664,Juanfran,es ESP,DF,es Atlético Madrid,33,1985,5.0,0,0,0,,0.00,0.00,,,,0,0,0,0.0,0.0,,0.0,0.0,Matches
7111d552,Vinicius Júnior,br BRA,FW,es Real Madrid,18,2000,2.6,0,9,3,33.3,3.48,1.16,0.00,0.00,15.1,0,0,0,0.5,0.5,0.06,-0.5,-0.5,Matches
2d61d13a,Ozan Kabak,tr TUR,DF,tr Galatasaray,18,2000,4.0,0,2,1,50.0,0.50,0.25,0.00,0.00,5.3,0,0,0,0.4,0.4,0.20,-0.4,-0.4,Matches
79c90e45,Pavel Kadeřábek,cz CZE,"DF,MF",de Hoffenheim,26,1992,6.0,1,5,3,60.0,0.83,0.50,0.20,0.33,15.1,0,0,0,0.8,0.8,0.16,+0.2,+0.2,Matches
5afafbfe,Shinji Kagawa,jp JPN,MF,de Dortmund,29,1989,0.3,0,0,0,,0.00,0.00,,,,0,0,0,0.0,0.0,,0.0,0.0,Matches
d4931a5a,Nikola Kalinić,hr CRO,FW,es Atlético Madrid,30,1988,1.2,0,0,0,,0.00,0.00,,,,0,0,0,0.0,0.0,,0.0,0.0,Matches
21a66f6a,Harry Kane,eng ENG,FW,eng Tottenham,25,1993,8.6,5,32,15,46.9,3.71,1.74,0.16,0.33,16.3,2,0,0,3.2,3.2,0.10,+1.8,+1.8,Matches
9f84febe,Rick Karsdorp,nl NED,"MF,DF",it Roma,23,1995,0.8,0,0,0,,0.00,0.00,,,,0,0,0,0.0,0.0,,0.0,0.0,Matches
d3272fba,Olarenwaju Kayode,ng NGA,"FW,MF",ua Shakhtar,25,1993,0.5,0,4,0,0.0,8.18,0.00,0.00,,18.8,0,0,0,0.2,0.2,0.04,-0.2,-0.2,Matches
3d50bcdb,Moise Kean,it ITA,FW,it Juventus,18,2000,0.8,0,6,0,0.0,7.83,0.00,0.00,,16.8,0,0,0,0.5,0.5,0.09,-0.5,-0.5,Matches
51dbeea9,Thilo Kehrer,de GER,DF,fr Paris S-G,21,1996,5.4,0,2,1,50.0,0.37,0.18,0.00,0.00,19.1,0,0,0,0.1,0.1,0.05,-0.1,-0.1,Matches
f25c8e3a,Naby Keïta,gn GUI,MF,eng Liverpool,23,1995,2.7,1,5,1,20.0,1.85,0.37,0.20,1.00,21.3,0,0,0,0.3,0.3,0.06,+0.7,+0.7,Matches
38ac43d3,Sami Khedira,de GER,MF,it Juventus,31,1987,1.2,0,4,1,25.0,3.46,0.87,0.00,0.00,13.1,0,0,0,1.3,1.3,0.32,-1.3,-1.3,Matches
862fa9fb,Davit Khocholava,ge GEO,DF,ua Shakhtar,25,1993,2.5,0,1,0,0.0,0.40,0.00,0.00,,21.0,0,0,0,0.1,0.1,0.05,-0.1,-0.1,Matches
aae44006,Khetag Khosonov,ru RUS,"MF,DF",ru CSKA Moscow,20,1998,0.5,0,1,0,0.0,1.84,0.00,0.00,,21.5,0,0,0,0.0,0.0,0.03,0.0,0.0,Matches
49296448,Joshua Kimmich,de GER,"DF,MF",de Bayern Munich,23,1995,7.0,0,4,0,0.0,0.57,0.00,0.00,,16.9,0,0,0,0.7,0.7,0.17,-0.7,-0.7,Matches
aef6e670,Presnel Kimpembe,fr FRA,DF,fr Paris S-G,22,1995,7.2,1,2,1,50.0,0.28,0.14,0.50,1.00,12.7,0,0,0,0.6,0.6,0.32,+0.4,+0.4,Matches
dab0da1c,Viktor Klonaridis,be BEL,"MF,FW",gr AEK Athens,26,1992,3.5,2,9,4,44.4,2.56,1.14,0.22,0.50,14.0,0,0,0,2.5,2.5,0.28,-0.5,-0.5,Matches
4c3a6744,Justin Kluivert,nl NED,FW,it Roma,19,1999,3.5,1,6,3,50.0,1.69,0.85,0.17,0.33,14.7,0,0,0,1.4,1.4,0.23,-0.4,-0.4,Matches
55126f3b,Koke,es ESP,MF,es Atlético Madrid,26,1992,6.2,2,6,2,33.3,0.96,0.32,0.33,1.00,20.4,0,0,0,0.6,0.6,0.10,+1.4,+1.4,Matches
731e29b8,Daniel Kolář,cz CZE,"FW,MF",cz Viktoria Plzeň,32,1985,1.0,0,2,1,50.0,2.00,1.00,0.00,0.00,20.8,0,0,0,0.1,0.1,0.07,-0.1,-0.1,Matches
eda40760,Aleksandar Kolarov,rs SRB,"DF,MF",it Roma,32,1985,7.3,0,14,6,42.9,1.91,0.82,0.00,0.00,27.4,5,0,0,0.6,0.6,0.05,-0.6,-0.6,Matches
d2bff301,Vincent Kompany,be BEL,DF,eng Manchester City,32,1986,2.3,0,0,0,,0.00,0.00,,,,0,0,0,0.0,0.0,,0.0,0.0,Matches
cce181df,Geoffrey Kondogbia,cf CTA,MF,es Valencia,25,1993,4.5,0,0,0,,0.00,0.00,,,,0,0,0,0.0,0.0,,0.0,0.0,Matches
d9a5d930,Yevhen Konoplyanka,ua UKR,"FW,MF",de Schalke 04,28,1989,5.1,0,14,7,50.0,2.73,1.36,0.00,0.00,19.5,0,0,0,1.2,1.2,0.09,-1.2,-1.2,Matches
6f639ec7,Jan Kopic,cz CZE,"MF,FW",cz Viktoria Plzeň,28,1990,3.3,0,3,2,66.7,0.92,0.61,0.00,0.00,22.7,0,0,0,0.2,0.2,0.05,-0.2,-0.2,Matches
da974c7b,Kalidou Koulibaly,sn SEN,DF,it Napoli,27,1991,6.0,0,3,1,33.3,0.50,0.17,0.00,0.00,16.2,0,0,0,0.2,0.2,0.07,-0.2,-0.2,Matches
9d60028d,Viktor Kovalenko,ua UKR,"MF,FW",ua Shakhtar,22,1996,4.1,0,1,0,0.0,0.25,0.00,0.00,,24.0,0,0,0,0.0,0.0,0.03,0.0,0.0,Matches
e16dd48e,Jan Kovařík,cz CZE,"FW,MF",cz Viktoria Plzeň,30,1988,4.0,1,5,2,40.0,1.25,0.50,0.20,0.50,18.6,0,0,0,1.2,1.2,0.25,-0.2,-0.2,Matches
cd1b2304,Matúš Kozáčik,sk SVK,GK,cz Viktoria Plzeň,34,1983,2.0,0,0,0,,0.00,0.00,,,,0,0,0,0.0,0.0,,0.0,0.0,Matches
603cb947,Andrej Kramarić,hr CRO,"MF,FW",de Hoffenheim,27,1991,5.3,5,17,7,41.2,3.18,1.31,0.24,0.57,21.3,2,1,1,2.3,1.6,0.09,+2.7,+2.4,Matches
43cd8b69,Michal Krmenčík,cz CZE,FW,cz Viktoria Plzeň,25,1993,2.7,2,8,3,37.5,3.00,1.13,0.25,0.67,16.7,0,0,0,1.5,1.5,0.18,+0.5,+0.5,Matches
6ce1f46f,Toni Kroos,de GER,MF,es Real Madrid,28,1990,7.2,1,12,4,33.3,1.67,0.56,0.08,0.25,24.3,0,0,0,0.5,0.5,0.04,+0.5,+0.5,Matches
5631b735,Nenad Krstičić,rs SRB,MF,rs Red Star,28,1990,4.8,0,2,0,0.0,0.42,0.00,0.00,,20.8,0,0,0,0.1,0.1,0.03,-0.1,-0.1,Matches
580d52dd,Grzegorz Krychowiak,pl POL,"MF,DF",ru Loko Moscow,28,1990,6.0,0,6,1,16.7,1.00,0.17,0.00,0.00,20.1,0,0,0,0.4,0.4,0.07,-0.4,-0.4,Matches
292a652a,Serhiy Kryvtsov,ua UKR,DF,ua Shakhtar,27,1991,5.0,0,0,0,,0.00,0.00,,,,0,0,0,0.0,0.0,,0.0,0.0,Matches
ccc66d00,Konstantin Kuchayev,ru RUS,MF,ru CSKA Moscow,20,1998,0.2,0,0,0,,0.00,0.00,,,,0,0,0,0.0,0.0,,0.0,0.0,Matches
beda9675,Ahmed Kutucu,tr TUR,FW,de Schalke 04,18,2000,0.2,0,1,0,0.0,4.74,0.00,0.00,,25.2,0,0,0,0.1,0.1,0.07,-0.1,-0.1,Matches
19e4dca5,Solomon Kvirkvelia,ge GEO,DF,ru Loko Moscow,26,1992,4.8,0,3,0,0.0,0.62,0.00,0.00,,8.3,0,0,0,0.2,0.2,0.07,-0.2,-0.2,Matches
099b9c78,Georgii Kyrnats,ru RUS,"GK,MF",ru CSKA Moscow,20,1998,0.0,0,0,0,,0.00,0.00,,,,0,0,0,0.0,0.0,,0.0,0.0,Matches
ebc56869,Zakaria Labyad,ma MAR,MF,nl Ajax,25,1993,0.1,0,0,0,,0.00,0.00,,,,0,0,0,0.0,0.0,,0.0,0.0,Matches
99813635,Adam Lallana,eng ENG,"MF,FW",eng Liverpool,30,1988,1.2,0,3,1,33.3,2.57,0.86,0.00,0.00,15.0,0,0,0,0.6,0.6,0.21,-0.6,-0.6,Matches
591477c9,Vassilis Lambropoulos,gr GRE,DF,gr AEK Athens,28,1990,3.0,0,1,0,0.0,0.33,0.00,0.00,,7.5,0,0,0,0.4,0.4,0.36,-0.4,-0.4,Matches
abe66106,Érik Lamela,ar ARG,"FW,MF",eng Tottenham,26,1992,3.7,1,9,3,33.3,2.42,0.81,0.11,0.33,22.6,0,0,0,0.7,0.7,0.07,+0.3,+0.3,Matches
119b9a8e,Aymeric Laporte,es ESP,DF,eng Manchester City,24,1994,9.8,2,6,2,33.3,0.61,0.20,0.33,1.00,10.5,0,0,0,0.6,0.6,0.09,+1.4,+1.4,Matches
8e088e04,Toni Lato,es ESP,DF,es Valencia,20,1997,0.6,0,0,0,,0.00,0.00,,,,0,0,0,0.0,0.0,,0.0,0.0,Matches
6a829019,Sandro Lauper,ch SUI,"DF,MF",ch Young Boys,21,1996,4.5,0,2,1,50.0,0.44,0.22,0.00,0.00,30.7,0,0,0,0.1,0.1,0.03,-0.1,-0.1,Matches
c4987edc,Diogo Leite,pt POR,DF,pt Porto,19,1999,1.0,0,1,0,0.0,1.00,0.00,0.00,,7.3,0,0,0,0.1,0.1,0.10,-0.1,-0.1,Matches
2c20f2fb,Cristian Lema,ar ARG,DF,pt Benfica,27,1990,0.5,0,0,0,,0.00,0.00,,,,,0,0,,,,,,Matches
4dbd0916,Thomas Lemar,fr FRA,"MF,FW",es Atlético Madrid,22,1995,4.5,0,4,0,0.0,0.88,0.00,0.00,,23.6,1,0,0,0.2,0.2,0.06,-0.2,-0.2,Matches
4f28a6ff,Clément Lenglet,fr FRA,DF,es Barcelona,23,1995,11.1,0,8,3,37.5,0.72,0.27,0.00,0.00,11.5,0,0,0,0.8,0.8,0.10,-0.8,-0.8,Matches
4a6914ff,Karlo Letica,hr CRO,GK,be Club Brugge,21,1997,3.0,0,0,0,,0.00,0.00,,,,0,0,0,0.0,0.0,,0.0,0.0,Matches
8d78e732,Robert Lewandowski,pl POL,FW,de Bayern Munich,29,1988,7.9,8,24,15,62.5,3.03,1.90,0.25,0.40,13.9,1,2,2,6.9,5.3,0.22,+1.1,+0.7,Matches
d6e53a3a,Matthijs de Ligt,nl NED,DF,nl Ajax,18,1999,11.0,2,16,6,37.5,1.45,0.55,0.13,0.33,17.2,0,0,0,1.0,1.0,0.06,+1.0,+1.0,Matches
ad10eae0,David Limberský,cz CZE,DF,cz Viktoria Plzeň,34,1983,5.5,0,6,0,0.0,1.09,0.00,0.00,,23.9,0,0,0,0.5,0.5,0.08,-0.5,-0.5,Matches
f5deef4c,Victor Lindelöf,se SWE,DF,eng Manchester Utd,24,1994,7.0,0,2,1,50.0,0.29,0.14,0.00,0.00,18.7,0,0,0,0.1,0.1,0.06,-0.1,-0.1,Matches
810e3c74,Jesse Lingard,eng ENG,"FW,MF",eng Manchester Utd,25,1992,3.3,0,3,1,33.3,0.92,0.31,0.00,0.00,26.8,0,0,0,0.1,0.1,0.03,-0.1,-0.1,Matches
0e100630,Martin Linnes,no NOR,DF,tr Galatasaray,26,1991,4.5,0,0,0,,0.00,0.00,,,,0,0,0,0.0,0.0,,0.0,0.0,Matches
6e5497ca,Marko Livaja,hr CRO,FW,gr AEK Athens,24,1993,0.7,0,1,0,0.0,1.36,0.00,0.00,,29.4,0,0,0,0.0,0.0,0.03,0.0,0.0,Matches
82dbf623,Fernando Llorente,es ESP,FW,eng Tottenham,33,1985,2.7,2,11,5,45.5,4.11,1.87,0.18,0.40,10.5,0,0,0,2.0,2.0,0.18,0.0,0.0,Matches
02c15616,Marcos Llorente,es ESP,MF,es Real Madrid,23,1995,1.6,0,2,0,0.0,1.22,0.00,0.00,,24.9,0,0,0,0.1,0.1,0.03,-0.1,-0.1,Matches
8f62b6ee,Hugo Lloris,fr FRA,GK,eng Tottenham,31,1986,10.9,0,0,0,,0.00,0.00,,,,0,0,0,0.0,0.0,,0.0,0.0,Matches
f00de885,Anthony Lopes,pt POR,GK,fr Lyon,27,1990,7.4,0,0,0,,0.00,0.00,,,,0,0,0,0.0,0.0,,0.0,0.0,Matches
88a359d4,Adrián López,es ESP,"FW,MF",pt Porto,30,1988,1.3,1,1,1,100.0,0.74,0.74,1.00,1.00,9.8,0,0,0,0.3,0.3,0.31,+0.7,+0.7,Matches
1a2935f6,Dejan Lovren,hr CRO,DF,eng Liverpool,29,1989,2.0,0,0,0,,0.00,0.00,,,,0,0,0,0.0,0.0,,0.0,0.0,Matches
a69e4806,Hirving Lozano,mx MEX,FW,nl PSV Eindhoven,23,1995,6.0,2,19,4,21.1,3.17,0.67,0.11,0.50,19.0,1,0,0,1.9,1.9,0.10,+0.1,+0.1,Matches
e4ed2628,Filipe Luís,br BRA,DF,es Atlético Madrid,32,1985,4.5,0,3,1,33.3,0.67,0.22,0.00,0.00,14.6,0,0,0,0.2,0.2,0.06,-0.2,-0.2,Matches
b05e2dbd,José Luis Gayà,es ESP,DF,es Valencia,23,1995,5.0,0,2,0,0.0,0.40,0.00,0.00,,29.1,0,0,0,0.1,0.1,0.03,-0.1,-0.1,Matches
5eae500a,Romelu Lukaku,be BEL,FW,eng Manchester Utd,25,1993,6.1,2,10,4,40.0,1.65,0.66,0.20,0.50,11.6,1,0,0,1.8,1.8,0.18,+0.2,+0.2,Matches
bef09ca8,Mikhail Lysov,ru RUS,DF,ru Loko Moscow,20,1998,0.1,0,0,0,,0.00,0.00,,,,0,0,0,0.0,0.0,,0.0,0.0,Matches
01a49bd2,Lisandro Magallán,ar ARG,DF,nl Ajax,24,1993,0.1,0,0,0,,0.00,0.00,,,,0,0,0,0.0,0.0,,0.0,0.0,Matches
526541e5,Hörður Magnússon,is ISL,DF,ru CSKA Moscow,25,1993,2.6,0,3,0,0.0,1.15,0.00,0.00,,17.8,1,0,0,0.2,0.2,0.05,-0.2,-0.2,Matches
892d5bb1,Riyad Mahrez,dz ALG,FW,eng Manchester City,27,1991,4.3,1,12,3,25.0,2.78,0.69,0.08,0.33,18.0,0,0,0,1.3,1.3,0.11,-0.3,-0.3,Matches
2a8683b9,Maicon,br BRA,DF,tr Galatasaray,29,1988,3.2,0,5,0,0.0,1.56,0.00,0.00,,22.6,3,0,0,0.4,0.4,0.07,-0.4,-0.4,Matches
16b9d5cf,Nikola Maksimović,rs SRB,DF,it Napoli,26,1991,4.8,0,1,0,0.0,0.21,0.00,0.00,,8.4,0,0,0,0.1,0.1,0.07,-0.1,-0.1,Matches
6853490f,Malcom,br BRA,"FW,MF",es Barcelona,21,1997,0.5,1,3,1,33.3,6.43,2.14,0.33,1.00,11.2,0,0,0,1.2,1.2,0.39,-0.2,-0.2,Matches
864163f3,Donyell Malen,nl NED,"FW,MF",nl PSV Eindhoven,19,1999,2.0,0,5,3,60.0,2.54,1.53,0.00,0.00,16.5,0,0,0,0.6,0.6,0.11,-0.6,-0.6,Matches
afa0d4e0,Mario Mandžukić,hr CRO,FW,it Juventus,32,1986,6.4,1,8,3,37.5,1.25,0.47,0.13,0.33,7.2,0,0,0,2.4,2.4,0.30,-1.4,-1.4,Matches
c691bfe2,Sadio Mané,sn SEN,FW,eng Liverpool,26,1992,12.8,4,24,7,29.2,1.88,0.55,0.17,0.57,12.5,0,0,1,8.1,7.2,0.30,-4.1,-3.2,Matches
c707411f,Kostas Manolas,gr GRE,DF,it Roma,27,1991,7.3,1,6,2,33.3,0.82,0.27,0.17,0.50,8.7,0,0,0,1.1,1.1,0.19,-0.1,-0.1,Matches
88a9ea33,Petros Mantalos,gr GRE,"FW,MF",gr AEK Athens,26,1991,4.8,0,4,1,25.0,0.83,0.21,0.00,0.00,16.6,0,0,0,0.3,0.3,0.07,-0.3,-0.3,Matches
9ae9eaea,Fernando Marçal,br BRA,DF,fr Lyon,29,1989,3.0,0,0,0,,0.00,0.00,,,,0,0,0,0.0,0.0,,0.0,0.0,Matches
7a20d90a,Iván Marcano,es ESP,DF,it Roma,31,1987,1.8,0,1,0,0.0,0.54,0.00,0.00,,10.4,0,0,0,0.1,0.1,0.07,-0.1,-0.1,Matches
603116a7,Marcelo,br BRA,DF,es Real Madrid,30,1988,3.8,1,4,2,50.0,1.05,0.52,0.25,0.50,21.2,0,0,0,0.6,0.6,0.14,+0.4,+0.4,Matches
e3d0b0c4,Marcelo,br BRA,DF,fr Lyon,31,1987,8.0,0,3,0,0.0,0.37,0.00,0.00,,8.9,0,0,0,0.2,0.2,0.08,-0.2,-0.2,Matches
05a84d52,Moussa Marega,ml MLI,FW,pt Porto,27,1991,9.3,6,24,13,54.2,2.57,1.39,0.17,0.31,13.7,0,2,2,5.6,4.0,0.17,+0.4,0.0,Matches
f0da930c,José María Giménez,uy URU,DF,es Atlético Madrid,23,1995,4.0,2,3,2,66.7,0.75,0.50,0.67,1.00,14.5,0,0,0,0.4,0.4,0.14,+1.6,+1.6,Matches
5c4dc0ff,Mariano,do DOM,FW,es Real Madrid,24,1993,0.9,1,5,1,20.0,5.77,1.15,0.20,1.00,13.4,0,0,0,0.5,0.5,0.11,+0.5,+0.5,Matches
e26f559f,Mariano,br BRA,DF,tr Galatasaray,32,1986,2.0,0,0,0,,0.00,0.00,,,,0,0,0,0.0,0.0,,0.0,0.0,Matches
a022e78c,Marko Marin,de GER,"MF,FW",rs Red Star,29,1989,4.6,1,6,4,66.7,1.30,0.87,0.17,0.25,15.3,0,0,0,0.4,0.4,0.06,+0.6,+0.6,Matches
a3b0ed18,Guilherme Marinato,ru RUS,GK,ru Loko Moscow,32,1985,6.0,0,0,0,,0.00,0.00,,,,0,0,0,0.0,0.0,,0.0,0.0,Matches
9139bb12,Marlos,ua UKR,FW,ua Shakhtar,30,1988,2.9,0,5,1,20.0,1.70,0.34,0.00,0.00,17.4,0,0,0,0.2,0.2,0.04,-0.2,-0.2,Matches
d5f2f82b,Marquinhos,br BRA,"MF,DF",fr Paris S-G,24,1994,7.0,1,3,2,66.7,0.43,0.29,0.33,0.50,9.2,0,0,0,0.4,0.4,0.15,+0.6,+0.6,Matches
8b788c01,Anthony Martial,fr FRA,"FW,MF",eng Manchester Utd,22,1995,5.6,1,12,2,16.7,2.13,0.36,0.08,0.50,18.5,0,0,0,1.0,1.0,0.09,0.0,0.0,Matches
7f97771d,Javi Martínez,es ESP,MF,de Bayern Munich,29,1988,5.8,1,5,1,20.0,0.87,0.17,0.20,1.00,13.2,0,0,0,0.3,0.3,0.07,+0.7,+0.7,Matches
f7036e1c,Lautaro Martínez,ar ARG,MF,it Inter,20,1997,0.6,0,4,1,25.0,6.43,1.61,0.00,0.00,13.4,0,0,0,0.5,0.5,0.12,-0.5,-0.5,Matches
3ef0fa48,Gelson Martins,pt POR,FW,es Atlético Madrid,23,1995,1.0,0,0,0,,0.00,0.00,,,,0,0,0,0.0,0.0,,0.0,0.0,Matches
11fd2b75,Omar Mascarell,es ESP,MF,de Schalke 04,25,1993,2.5,0,1,0,0.0,0.40,0.00,0.00,,28.6,0,0,0,0.0,0.0,0.03,0.0,0.0,Matches
eba1e557,Han-Noah Massengo,fr FRA,MF,fr Monaco,17,2001,2.0,0,1,0,0.0,0.50,0.00,0.00,,28.2,0,0,0,0.0,0.0,0.04,0.0,0.0,Matches
55abe554,Clinton Mata,ao ANG,DF,be Club Brugge,25,1992,2.3,0,0,0,,0.00,0.00,,,,0,0,0,0.0,0.0,,0.0,0.0,Matches
29733c72,Juan Mata,es ESP,"MF,FW",eng Manchester Utd,30,1988,3.1,1,8,1,12.5,2.59,0.32,0.13,1.00,18.3,1,0,0,1.0,1.0,0.12,0.0,0.0,Matches
eb7822d7,Nemanja Matić,rs SRB,MF,eng Manchester Utd,29,1988,6.0,0,0,0,,0.00,0.00,,,,0,0,0,0.0,0.0,,0.0,0.0,Matches
b217ef29,Joël Matip,cm CMR,DF,eng Liverpool,26,1991,8.0,0,6,0,0.0,0.75,0.00,0.00,,10.4,0,0,0,0.5,0.5,0.09,-0.5,-0.5,Matches
c0cddebe,Blaise Matuidi,fr FRA,MF,it Juventus,31,1987,7.6,0,5,2,40.0,0.66,0.26,0.00,0.00,14.1,0,0,0,0.8,0.8,0.15,-0.8,-0.8,Matches
1adcf39e,Mykola Matviyenko,ua UKR,DF,ua Shakhtar,22,1996,5.0,0,3,0,0.0,0.60,0.00,0.00,,15.3,0,0,0,0.2,0.2,0.07,-0.2,-0.2,Matches
0e6bc38c,Eric Maxim Choupo-Moting,cm CMR,"MF,FW",fr Paris S-G,29,1989,0.6,0,2,1,50.0,3.40,1.70,0.00,0.00,16.1,0,0,0,0.1,0.1,0.06,-0.1,-0.1,Matches
005ca692,Maycon,br BRA,MF,ua Shakhtar,21,1997,5.0,1,7,1,14.3,1.40,0.20,0.14,1.00,18.6,0,0,0,0.4,0.4,0.05,+0.6,+0.6,Matches
b74277a0,Noussair Mazraoui,ma MAR,DF,nl Ajax,20,1997,9.2,2,7,2,28.6,0.76,0.22,0.29,1.00,18.6,0,0,0,0.4,0.4,0.06,+1.6,+1.6,Matches
493924a7,Kevin Mbabu,ch SUI,DF,ch Young Boys,23,1995,5.0,0,3,0,0.0,0.60,0.00,0.00,,12.6,0,0,0,0.4,0.4,0.12,-0.4,-0.4,Matches
42fd9c7f,Kylian Mbappé,fr FRA,FW,fr Paris S-G,19,1998,7.8,4,29,11,37.9,3.73,1.42,0.14,0.36,13.4,0,0,0,5.8,5.8,0.20,-1.8,-1.8,Matches
4887118d,Jordi Mboula,es ESP,MF,fr Monaco,19,1999,0.4,0,1,0,0.0,2.73,0.00,0.00,,17.9,0,0,0,0.1,0.1,0.07,-0.1,-0.1,Matches
01c3aff5,Weston McKennie,us USA,"MF,DF",de Schalke 04,19,1998,4.1,1,3,2,66.7,0.72,0.48,0.33,0.50,15.4,0,0,0,0.2,0.2,0.05,+0.8,+0.8,Matches
d93c2511,Scott McTominay,sct SCO,MF,eng Manchester Utd,21,1996,3.0,0,1,0,0.0,0.33,0.00,0.00,,24.1,0,0,0,0.0,0.0,0.03,0.0,0.0,Matches
0a6dbbf7,Brandon Mechele,be BEL,DF,be Club Brugge,25,1993,5.0,0,0,0,,0.00,0.00,,,,0,0,0,0.0,0.0,,0.0,0.0,Matches
48b3dd60,Arthur Melo,br BRA,MF,es Barcelona,21,1996,6.2,0,0,0,,0.00,0.00,,,,0,0,0,0.0,0.0,,0.0,0.0,Matches
8f696594,Memphis,nl NED,FW,fr Lyon,24,1994,6.8,1,16,5,31.3,2.34,0.73,0.06,0.20,16.7,1,0,0,2.8,2.8,0.18,-1.8,-1.8,Matches
5271c8f1,Benjamin Mendy,fr FRA,DF,eng Manchester City,24,1994,1.9,0,2,1,50.0,1.04,0.52,0.00,0.00,29.1,0,0,0,0.1,0.1,0.03,-0.1,-0.1,Matches
3cefcaef,Ferland Mendy,fr FRA,"DF,MF",fr Lyon,23,1995,7.8,0,9,2,22.2,1.15,0.25,0.00,0.00,20.0,0,0,0,0.4,0.4,0.05,-0.4,-0.4,Matches
f99fe221,Hamza Mendyl,ma MAR,"DF,MF",de Schalke 04,20,1997,4.1,0,3,0,0.0,0.74,0.00,0.00,,26.9,0,0,0,0.1,0.1,0.03,-0.1,-0.1,Matches
89b2c8a9,Dries Mertens,be BEL,FW,it Napoli,31,1987,4.2,3,19,10,52.6,4.57,2.41,0.16,0.30,18.6,0,0,0,3.5,3.5,0.18,-0.5,-0.5,Matches
d70ce98e,Lionel Messi,ar ARG,FW,es Barcelona,31,1987,9.3,12,53,24,45.3,5.69,2.58,0.21,0.46,19.1,10,1,1,6.5,5.7,0.11,+5.5,+5.3,Matches
e162b013,Thomas Meunier,be BEL,DF,fr Paris S-G,26,1991,4.0,1,5,5,100.0,1.24,1.24,0.20,0.20,13.8,0,0,0,0.5,0.5,0.10,+0.5,+0.5,Matches
85613cf0,Arkadiusz Milik,pl POL,FW,it Napoli,24,1994,2.1,0,9,5,55.6,4.31,2.39,0.00,0.00,15.8,0,0,0,1.1,1.1,0.12,-1.1,-1.1,Matches
2784f898,Éder Militão,br BRA,DF,pt Porto,20,1998,9.1,2,5,3,60.0,0.55,0.33,0.40,0.67,13.2,0,0,0,0.4,0.4,0.09,+1.6,+1.6,Matches
2f90f6b8,James Milner,eng ENG,"MF,DF",eng Liverpool,32,1986,10.0,2,10,3,30.0,1.00,0.30,0.00,0.00,21.3,0,2,2,2.3,0.7,0.07,-0.3,-0.7,Matches
0b90bb97,Santi Mina,es ESP,"FW,MF",es Valencia,22,1995,2.5,2,5,5,100.0,2.04,2.04,0.40,0.40,10.7,0,0,0,1.9,1.9,0.38,+0.1,+0.1,Matches
a9aa0d1d,Aleksei Miranchuk,ru RUS,"MF,FW",ru Loko Moscow,22,1995,5.7,0,12,3,25.0,2.11,0.53,0.00,0.00,18.6,0,0,0,1.1,1.1,0.09,-1.1,-1.1,Matches
807e869a,Anton Miranchuk,ru RUS,"FW,MF",ru Loko Moscow,22,1995,4.3,1,7,3,42.9,1.61,0.69,0.14,0.33,20.2,0,0,0,0.3,0.3,0.05,+0.7,+0.7,Matches
314f2124,Miranda,br BRA,DF,it Inter,33,1984,2.1,0,1,0,0.0,0.48,0.00,0.00,,13.5,0,0,0,0.0,0.0,0.05,0.0,0.0,Matches
ead61f73,Juan Miranda,es ESP,DF,es Barcelona,18,2000,1.0,0,1,0,0.0,1.00,0.00,0.00,,24.1,0,0,0,0.0,0.0,0.03,0.0,0.0,Matches
30223b33,Antonio Mirante,it ITA,GK,it Roma,35,1983,2.0,0,0,0,,0.00,0.00,,,,0,0,0,0.0,0.0,,0.0,0.0,Matches
a8741470,Matej Mitrović,hr CRO,DF,be Club Brugge,24,1993,1.0,0,0,0,,0.00,0.00,,,,0,0,0,0.0,0.0,,0.0,0.0,Matches
6025fab1,Luka Modrić,hr CRO,MF,es Real Madrid,32,1985,5.2,0,7,4,57.1,1.35,0.77,0.00,0.00,20.0,0,0,0,0.7,0.7,0.10,-0.7,-0.7,Matches
3e96f3e7,Francisco Montero,es ESP,DF,es Atlético Madrid,19,1999,1.5,0,0,0,,0.00,0.00,,,,0,0,0,0.0,0.0,,0.0,0.0,Matches
c43e5e7e,Júnior Moraes,ua UKR,FW,ua Shakhtar,31,1987,5.6,3,13,6,46.2,2.32,1.07,0.23,0.50,14.9,0,0,0,1.8,1.8,0.14,+1.2,+1.2,Matches
bfae110f,Wesley Moraes,br BRA,FW,be Club Brugge,21,1996,5.8,2,7,4,57.1,1.21,0.69,0.29,0.50,15.3,0,0,0,0.8,0.8,0.11,+1.2,+1.2,Matches
6941883f,Erik Morán,es ESP,MF,gr AEK Athens,27,1991,1.1,0,1,0,0.0,0.90,0.00,0.00,,12.4,0,0,0,0.1,0.1,0.09,-0.1,-0.1,Matches
129af0db,Álvaro Morata,es ESP,FW,es Atlético Madrid,25,1992,1.4,0,2,0,0.0,1.46,0.00,0.00,,8.4,0,0,0,0.4,0.4,0.19,-0.4,-0.4,Matches
e97150c0,Jérémy Morel,mg MAD,DF,fr Lyon,34,1984,1.0,0,0,0,,0.00,0.00,,,,0,0,0,0.0,0.0,,0.0,0.0,Matches
11b9265b,Alberto Moreno,es ESP,DF,eng Liverpool,26,1992,0.1,0,1,0,0.0,10.00,0.00,0.00,,28.6,0,0,0,0.0,0.0,0.02,0.0,0.0,Matches
fb517645,Ubong Moses Ekpai,ng NGA,"FW,MF",cz Viktoria Plzeň,22,1995,0.4,0,0,0,,0.00,0.00,,,,0,0,0,0.0,0.0,,0.0,0.0,Matches
2b622f01,Lucas Moura,br BRA,FW,eng Tottenham,25,1992,8.0,5,26,10,38.5,3.23,1.24,0.19,0.50,15.7,0,0,0,3.3,3.3,0.13,+1.7,+1.7,Matches
3c6089ab,Thomas Müller,de GER,"MF,FW",de Bayern Munich,28,1989,3.9,0,7,2,28.6,1.78,0.51,0.00,0.00,14.9,0,0,0,0.8,0.8,0.12,-0.8,-0.8,Matches
b233e8e4,Jeison Murillo,co COL,DF,es Valencia,26,1992,1.0,0,1,0,0.0,1.00,0.00,0.00,,13.2,0,0,0,0.0,0.0,0.04,0.0,0.0,Matches
a2abe631,Fernando Muslera,uy URU,GK,tr Galatasaray,32,1986,6.0,0,0,0,,0.00,0.00,,,,0,0,0,0.0,0.0,,0.0,0.0,Matches
e50623a0,Kévin N'Doram,fr FRA,MF,fr Monaco,22,1996,1.0,0,1,0,0.0,1.00,0.00,0.00,,34.0,0,0,0,0.0,0.0,0.03,0.0,0.0,Matches
79019bf4,Kirill Nababkin,ru RUS,DF,ru CSKA Moscow,31,1986,6.0,0,1,0,0.0,0.17,0.00,0.00,,29.9,0,0,0,0.0,0.0,0.02,0.0,0.0,Matches
d4aa40b8,Ben Nabouhane,km COM,FW,rs Red Star,29,1989,5.7,1,6,3,50.0,1.06,0.53,0.17,0.33,21.2,0,0,0,0.6,0.6,0.10,+0.4,+0.4,Matches
2946f9a1,Nacho,es ESP,DF,es Real Madrid,28,1990,5.0,0,4,1,25.0,0.80,0.20,0.00,0.00,15.6,0,0,0,0.2,0.2,0.04,-0.2,-0.2,Matches
4b6960d2,Yuto Nagatomo,jp JPN,DF,tr Galatasaray,31,1986,4.9,0,1,1,100.0,0.20,0.20,0.00,0.00,9.0,0,0,0,0.6,0.6,0.56,-0.6,-0.6,Matches
1f9328da,Radja Nainggolan,be BEL,MF,it Inter,30,1988,3.1,1,8,3,37.5,2.59,0.97,0.13,0.33,21.2,0,0,0,0.3,0.3,0.04,+0.7,+0.7,Matches
de5b5570,Marvelous Nakamba,zw ZIM,MF,be Club Brugge,24,1994,4.4,0,2,1,50.0,0.46,0.23,0.00,0.00,29.0,0,0,0,0.1,0.1,0.04,-0.1,-0.1,Matches
03bd0bf4,Naldo,br BRA,DF,de Schalke 04,35,1982,4.0,0,5,0,0.0,1.25,0.00,0.00,,12.2,0,0,0,0.2,0.2,0.05,-0.2,-0.2,Matches
f35430a4,Matija Nastasić,rs SRB,DF,de Schalke 04,25,1993,6.0,0,0,0,,0.00,0.00,,,,0,0,0,0.0,0.0,,0.0,0.0,Matches
ecada4fc,Keylor Navas,cr CRC,GK,es Real Madrid,31,1986,3.0,0,0,0,,0.00,0.00,,,,0,0,0,0.0,0.0,,0.0,0.0,Matches
960acc0a,Badou Ndiaye,sn SEN,MF,tr Galatasaray,27,1990,4.7,0,7,1,14.3,1.49,0.21,0.00,0.00,29.9,0,0,0,0.2,0.2,0.03,-0.2,-0.2,Matches
5cdddffa,Tanguy Ndombele,fr FRA,MF,fr Lyon,21,1996,7.1,2,9,2,22.2,1.28,0.28,0.22,1.00,20.3,0,0,0,0.5,0.5,0.06,+1.5,+1.5,Matches
c5bdb6e3,Reiss Nelson,eng ENG,"FW,MF",de Hoffenheim,18,1999,1.3,0,3,1,33.3,2.31,0.77,0.00,0.00,15.2,0,0,0,0.4,0.4,0.14,-0.4,-0.4,Matches
3984a078,Wellington Nem,br BRA,FW,ua Shakhtar,26,1992,0.9,0,0,0,,0.00,0.00,,,,0,0,0,0.0,0.0,,0.0,0.0,Matches
4f1e6a0b,David Neres,br BRA,FW,nl Ajax,21,1997,9.4,2,11,4,36.4,1.17,0.42,0.18,0.50,14.3,0,0,0,2.5,2.5,0.23,-0.5,-0.5,Matches
a9dc785c,Neto,br BRA,GK,es Valencia,29,1989,5.0,0,0,0,,0.00,0.00,,,,0,0,0,0.0,0.0,,0.0,0.0,Matches
8778c910,Manuel Neuer,de GER,GK,de Bayern Munich,32,1986,8.0,0,0,0,,0.00,0.00,,,,0,0,0,0.0,0.0,,0.0,0.0,Matches
69384e5d,Neymar,br BRA,"MF,FW",fr Paris S-G,26,1992,5.9,5,24,16,66.7,4.07,2.71,0.21,0.31,18.9,8,0,0,3.4,3.4,0.14,+1.6,+1.6,Matches
0193a8bf,Moumi Ngamaleu,cm CMR,"FW,MF",ch Young Boys,24,1994,2.2,0,5,2,40.0,2.24,0.90,0.00,0.00,14.0,0,0,0,0.5,0.5,0.11,-0.5,-0.5,Matches
2b8360f1,Cyril Ngonge,be BEL,DF,be Club Brugge,18,2000,0.8,0,0,0,,0.00,0.00,,,,0,0,0,0.0,0.0,,0.0,0.0,Matches
c14bc029,Saúl Ñíguez,es ESP,"MF,DF",es Atlético Madrid,23,1994,7.0,1,14,3,21.4,2.00,0.43,0.07,0.33,17.4,0,0,0,0.7,0.7,0.05,+0.3,+0.3,Matches
0534149c,Takuma Nishimura,jp JPN,FW,ru CSKA Moscow,21,1996,0.0,0,0,0,,0.00,0.00,,,,0,0,0,0.0,0.0,,0.0,0.0,Matches
39769cff,Rasmus Nissen,dk DEN,DF,nl Ajax,21,1997,0.1,0,0,0,,0.00,0.00,,,,0,0,0,0.0,0.0,,0.0,0.0,Matches
6cafd68d,Håvard Nordtveit,no NOR,"DF,MF",de Hoffenheim,28,1990,2.1,1,2,1,50.0,0.97,0.49,0.50,1.00,12.8,0,0,0,0.4,0.4,0.22,+0.6,+0.6,Matches
12e6d21a,Jean-Pierre Nsame,cm CMR,FW,ch Young Boys,25,1993,1.6,0,4,0,0.0,2.57,0.00,0.00,,18.4,0,0,0,0.2,0.2,0.05,-0.2,-0.2,Matches
afb0c500,Alexander Nübel,de GER,GK,de Schalke 04,21,1996,2.0,0,0,0,,0.00,0.00,,,,0,0,0,0.0,0.0,,0.0,0.0,Matches
93a50d2c,Kasim Nuhu,gh GHA,DF,de Hoffenheim,23,1995,1.6,0,0,0,,0.00,0.00,,,,0,0,0,0.0,0.0,,0.0,0.0,Matches
c7526c18,Steven Nzonzi,fr FRA,MF,it Roma,29,1988,6.8,0,3,2,66.7,0.44,0.30,0.00,0.00,20.3,0,0,0,0.1,0.1,0.04,-0.1,-0.1,Matches
ee8508c0,Jan Oblak,si SVN,GK,es Atlético Madrid,25,1993,8.0,0,0,0,,0.00,0.00,,,,0,0,0,0.0,0.0,,0.0,0.0,Matches
15eb04ec,Ivan Oblyakov,ru RUS,"MF,FW",ru CSKA Moscow,20,1998,5.4,0,6,2,33.3,1.12,0.37,0.00,0.00,16.0,0,0,0,0.9,0.9,0.14,-0.9,-0.9,Matches
d1661819,Bastian Oczipka,de GER,DF,de Schalke 04,29,1989,2.0,0,0,0,,0.00,0.00,,,,0,0,0,0.0,0.0,,0.0,0.0,Matches
1d1691ad,Álvaro Odriozola,es ESP,DF,es Real Madrid,22,1995,2.5,0,0,0,,0.00,0.00,,,,0,0,0,0.0,0.0,,0.0,0.0,Matches
3b9858f5,Marios Oikonomou,gr GRE,DF,gr AEK Athens,25,1992,3.7,0,0,0,,0.00,0.00,,,,0,0,0,0.0,0.0,,0.0,0.0,Matches
947e036f,Sérgio Oliveira,pt POR,MF,pt Porto,26,1992,1.1,1,1,1,100.0,0.91,0.91,1.00,1.00,10.0,0,0,0,0.5,0.5,0.53,+0.5,+0.5,Matches
e7ee38c3,Robin Olsen,se SWE,GK,it Roma,28,1990,6.3,0,0,0,,0.00,0.00,,,,0,0,0,0.0,0.0,,0.0,0.0,Matches
e9c0c1b2,André Onana,cm CMR,GK,nl Ajax,22,1996,12.0,0,0,0,,0.00,0.00,,,,0,0,0,0.0,0.0,,0.0,0.0,Matches
e90dc1d5,Henry Onyekuru,ng NGA,"FW,MF",tr Galatasaray,21,1997,3.6,0,6,1,16.7,1.67,0.28,0.00,0.00,13.5,0,0,0,0.5,0.5,0.08,-0.5,-0.5,Matches
8652a85c,Loïs Openda,be BEL,"FW,MF",be Club Brugge,18,2000,1.2,0,4,1,25.0,3.24,0.81,0.00,0.00,9.5,0,0,0,0.7,0.7,0.16,-0.7,-0.7,Matches
43a166b4,Divock Origi,be BEL,FW,eng Liverpool,23,1995,2.5,3,3,3,100.0,1.22,1.22,1.00,1.00,10.4,0,0,0,0.9,0.9,0.29,+2.1,+2.1,Matches
82b1198a,David Ospina,co COL,GK,it Napoli,29,1988,6.0,0,0,0,,0.00,0.00,,,,0,0,0,0.0,0.0,,0.0,0.0,Matches
0d267745,Nicolás Otamendi,ar ARG,DF,eng Manchester City,30,1988,4.4,0,4,0,0.0,0.90,0.00,0.00,,10.1,0,0,0,0.4,0.4,0.11,-0.4,-0.4,Matches
28b1f3ce,Otávio,pt POR,"MF,FW",pt Porto,23,1995,5.7,2,6,3,50.0,1.05,0.53,0.17,0.33,23.2,0,1,1,1.0,0.3,0.04,+1.0,+0.7,Matches
ed90babd,Adam Ounas,dz ALG,"MF,FW",it Napoli,21,1996,0.3,0,0,0,,0.00,0.00,,,,0,0,0,0.0,0.0,,0.0,0.0,Matches
dff153a4,Leandro Paredes,ar ARG,MF,fr Paris S-G,24,1994,0.4,0,0,0,,0.00,0.00,,,,0,0,0,0.0,0.0,,0.0,0.0,Matches
7460ca0d,Daniel Parejo,es ESP,MF,es Valencia,29,1989,5.0,0,5,0,0.0,1.00,0.00,0.00,,27.3,1,0,1,1.0,0.2,0.05,-1.0,-0.2,Matches
529f49ab,Thomas Partey,gh GHA,MF,es Atlético Madrid,25,1993,4.6,0,8,3,37.5,1.73,0.65,0.00,0.00,28.3,1,0,0,0.3,0.3,0.03,-0.3,-0.3,Matches
881ef58c,Javier Pastore,ar ARG,MF,it Roma,29,1989,0.6,0,3,1,33.3,4.66,1.55,0.00,0.00,22.0,1,0,0,0.1,0.1,0.04,-0.1,-0.1,Matches
00672021,Alan Patrick,br BRA,MF,ua Shakhtar,27,1991,2.3,0,2,0,0.0,0.87,0.00,0.00,,22.4,1,0,0,0.1,0.1,0.05,-0.1,-0.1,Matches
b7ca5c51,Gabriel Paulista,br BRA,DF,es Valencia,27,1990,5.0,0,2,0,0.0,0.40,0.00,0.00,,23.1,0,0,0,0.1,0.1,0.03,-0.1,-0.1,Matches
eed332df,Milan Pavkov,rs SRB,FW,rs Red Star,24,1994,2.4,2,2,2,100.0,0.83,0.83,1.00,1.00,20.0,0,0,0,0.4,0.4,0.18,+1.6,+1.6,Matches
4a5a45c7,Lorenzo Pellegrini,it ITA,MF,it Roma,22,1996,4.3,1,9,5,55.6,2.07,1.15,0.11,0.20,21.4,0,0,0,0.7,0.7,0.08,+0.3,+0.3,Matches
3b61c9ec,Luca Pellegrini,it ITA,DF,it Roma,19,1999,0.3,0,0,0,,0.00,0.00,,,,0,0,0,0.0,0.0,,0.0,0.0,Matches
c906ce0f,Pepe,pt POR,DF,pt Porto,35,1983,3.3,0,2,0,0.0,0.60,0.00,0.00,,15.9,0,0,0,0.1,0.1,0.05,-0.1,-0.1,Matches
4515f00d,André Pereira,pt POR,"FW,MF",pt Porto,23,1995,0.7,0,1,0,0.0,1.36,0.00,0.00,,14.0,0,0,0,0.3,0.3,0.28,-0.3,-0.3,Matches
6639e500,Andreas Pereira,br BRA,"MF,FW",eng Manchester Utd,22,1996,2.1,0,2,1,50.0,0.94,0.47,0.00,0.00,27.4,0,0,0,0.1,0.1,0.03,-0.1,-0.1,Matches
8fd9996f,Danilo Pereira,pt POR,MF,pt Porto,26,1991,10.3,0,14,2,14.3,1.35,0.19,0.00,0.00,20.7,0,0,0,0.6,0.6,0.05,-0.6,-0.6,Matches
6e592fa4,Maxi Pereira,uy URU,DF,pt Porto,34,1984,7.0,0,2,1,50.0,0.28,0.14,0.00,0.00,26.0,0,0,0,0.1,0.1,0.03,-0.1,-0.1,Matches
7ec7738e,Gastón Pereiro,uy URU,MF,nl PSV Eindhoven,23,1995,4.3,0,10,2,20.0,2.31,0.46,0.00,0.00,20.3,3,0,0,1.1,1.1,0.11,-1.1,-1.1,Matches
a5549ec1,Luan Peres Petroni,br BRA,DF,be Club Brugge,24,1994,0.2,0,1,1,100.0,4.09,4.09,0.00,0.00,6.1,0,0,0,0.5,0.5,0.46,-0.5,-0.5,Matches
6fe90922,Ivan Perišić,hr CRO,FW,it Inter,29,1989,5.5,0,13,4,30.8,2.34,0.72,0.00,0.00,17.1,1,0,0,0.6,0.6,0.05,-0.6,-0.6,Matches
51a56075,Luděk Pernica,cz CZE,DF,cz Viktoria Plzeň,28,1990,1.0,0,0,0,,0.00,0.00,,,,0,0,0,0.0,0.0,,0.0,0.0,Matches
a40d5a0c,Diego Perotti,ar ARG,"FW,MF",it Roma,30,1988,1.7,0,1,0,0.0,0.60,0.00,0.00,,14.0,0,0,0,0.1,0.1,0.06,-0.1,-0.1,Matches
74bafc9c,Milan Petržela,cz CZE,FW,cz Viktoria Plzeň,35,1983,2.5,0,6,1,16.7,2.38,0.40,0.00,0.00,18.0,0,0,0,0.7,0.7,0.12,-0.7,-0.7,Matches
061e8e23,Maximilian Philipp,de GER,FW,de Dortmund,24,1994,0.9,0,3,0,0.0,3.18,0.00,0.00,,20.5,1,0,0,0.2,0.2,0.08,-0.2,-0.2,Matches
32c0491f,Cristiano Piccini,it ITA,DF,es Valencia,25,1992,3.0,0,1,0,0.0,0.33,0.00,0.00,,20.3,0,0,0,0.1,0.1,0.06,-0.1,-0.1,Matches
adfc9123,Gerard Piqué,es ESP,DF,es Barcelona,31,1987,11.0,2,2,2,100.0,0.18,0.18,1.00,1.00,10.2,0,0,0,1.0,1.0,0.50,+1.0,+1.0,Matches
fe2db476,Łukasz Piszczek,pl POL,DF,de Dortmund,33,1985,5.0,0,3,0,0.0,0.60,0.00,0.00,,9.7,0,0,0,0.5,0.5,0.18,-0.5,-0.5,Matches
96094cbc,Pizzi,pt POR,MF,pt Benfica,28,1989,3.5,0,1,0,0.0,0.28,0.00,0.00,,19.6,0,0,0,0.0,0.0,0.04,0.0,0.0,Matches
ad6df2d5,Miralem Pjanić,ba BIH,MF,it Juventus,28,1990,9.0,2,14,3,21.4,1.56,0.33,0.00,0.00,26.6,0,2,2,2.1,0.5,0.04,-0.1,-0.5,Matches
867239d3,Paul Pogba,fr FRA,MF,eng Manchester Utd,25,1993,8.1,2,14,7,50.0,1.73,0.87,0.07,0.14,26.5,1,1,1,1.8,1.0,0.07,+0.2,0.0,Matches
5e861944,Matteo Politano,it ITA,FW,it Inter,24,1993,5.0,0,11,1,9.1,2.20,0.20,0.00,0.00,22.8,3,0,0,0.7,0.7,0.07,-0.7,-0.7,Matches
6bd05d38,Ilya Pomazun,ru RUS,GK,ru CSKA Moscow,21,1996,1.0,0,0,0,,0.00,0.00,,,,0,0,0,0.0,0.0,,0.0,0.0,Matches
ccbbe661,Ezequiel Ponce,ar ARG,FW,gr AEK Athens,21,1997,5.4,0,8,1,12.5,1.47,0.18,0.00,0.00,15.7,0,0,0,0.6,0.6,0.07,-0.6,-0.6,Matches
7f609bfc,Stefan Posch,at AUT,DF,de Hoffenheim,21,1997,2.0,0,1,0,0.0,0.50,0.00,0.00,,14.2,0,0,0,0.0,0.0,0.04,0.0,0.0,Matches
d28b8f40,Benoît Poulain,fr FRA,DF,be Club Brugge,31,1987,6.0,0,1,0,0.0,0.17,0.00,0.00,,8.3,0,0,0,0.1,0.1,0.08,-0.1,-0.1,Matches
6228469d,Roman Procházka,sk SVK,MF,cz Viktoria Plzeň,29,1989,4.7,1,7,4,57.1,1.49,0.85,0.14,0.25,21.9,1,0,1,1.0,0.2,0.03,0.0,+0.8,Matches
1bf33a9a,Christian Pulisic,us USA,FW,de Dortmund,19,1998,5.0,1,8,3,37.5,1.59,0.60,0.13,0.33,17.1,0,0,0,0.8,0.8,0.10,+0.2,+0.2,Matches
34c3b935,Andriy Pyatov,ua UKR,GK,ua Shakhtar,34,1984,6.0,0,0,0,,0.00,0.00,,,,0,0,0,0.0,0.0,,0.0,0.0,Matches
8794e251,Adrien Rabiot,fr FRA,MF,fr Paris S-G,23,1995,3.2,0,4,0,0.0,1.27,0.00,0.00,,17.8,0,0,0,0.6,0.6,0.16,-0.6,-0.6,Matches
9a1f2e1c,Rafael,br BRA,"DF,MF",fr Lyon,28,1990,2.6,0,1,0,0.0,0.38,0.00,0.00,,9.1,0,0,0,0.1,0.1,0.07,-0.1,-0.1,Matches
d003e213,Rafinha,br BRA,DF,de Bayern Munich,32,1985,4.1,0,0,0,,0.00,0.00,,,,0,0,0,0.0,0.0,,0.0,0.0,Matches
0c2ac3cb,Rafinha,br BRA,FW,es Barcelona,25,1993,0.9,1,3,3,100.0,3.42,3.42,0.33,0.33,16.0,0,0,0,0.7,0.7,0.23,+0.3,+0.3,Matches
bd4f5f94,Andrea Raggi,it ITA,DF,fr Monaco,34,1984,4.0,0,3,0,0.0,0.75,0.00,0.00,,14.4,0,0,0,0.2,0.2,0.06,-0.2,-0.2,Matches
e4086af3,Baba Rahman,gh GHA,DF,de Schalke 04,24,1994,0.8,0,1,0,0.0,1.20,0.00,0.00,,27.1,0,0,0,0.0,0.0,0.03,0.0,0.0,Matches
89f951b5,Ivan Rakitić,hr CRO,MF,es Barcelona,30,1988,11.3,1,20,6,30.0,1.77,0.53,0.05,0.17,22.9,0,0,0,1.3,1.3,0.07,-0.3,-0.3,Matches
47fd5136,Yaroslav Rakitskiy,ua UKR,DF,ua Shakhtar,28,1989,4.0,0,2,2,100.0,0.50,0.50,0.00,0.00,28.1,2,0,0,0.1,0.1,0.06,-0.1,-0.1,Matches
08511d65,Sergio Ramos,es ESP,DF,es Real Madrid,32,1986,4.6,0,9,1,11.1,1.94,0.22,0.00,0.00,11.9,0,0,0,0.5,0.5,0.06,-0.5,-0.5,Matches
a1d5bd30,Marcus Rashford,eng ENG,FW,eng Manchester Utd,20,1997,8.0,2,30,9,30.0,3.74,1.12,0.03,0.11,21.0,5,1,1,3.1,2.3,0.08,-1.1,-1.3,Matches
3353737a,Sergio Reguilón,es ESP,DF,es Real Madrid,21,1996,4.0,0,2,0,0.0,0.50,0.00,0.00,,22.0,0,0,0,0.1,0.1,0.03,-0.1,-0.1,Matches
36a3ff67,Marco Reus,de GER,"MF,FW",de Dortmund,29,1989,5.8,1,10,3,30.0,1.72,0.52,0.10,0.33,16.7,1,0,0,1.5,1.5,0.15,-0.5,-0.5,Matches
2f895007,Kaveh Rezaei,ir IRN,FW,be Club Brugge,26,1992,1.1,0,1,0,0.0,0.93,0.00,0.00,,23.3,0,0,0,0.1,0.1,0.07,-0.1,-0.1,Matches
1432d037,Jakub Řezníček,cz CZE,FW,cz Viktoria Plzeň,30,1988,0.7,0,0,0,,0.00,0.00,,,,0,0,0,0.0,0.0,,0.0,0.0,Matches
0f5e0b8a,Radim Řezník,cz CZE,DF,cz Viktoria Plzeň,29,1989,5.0,0,4,1,25.0,0.80,0.20,0.00,0.00,22.7,0,0,0,0.1,0.1,0.04,-0.1,-0.1,Matches
f61c7c4e,Franck Ribéry,fr FRA,"MF,FW",de Bayern Munich,35,1983,4.8,1,8,5,62.5,1.66,1.04,0.13,0.20,14.9,0,0,0,1.1,1.1,0.14,-0.1,-0.1,Matches
733e7ad8,Mats Rits,be BEL,MF,be Club Brugge,25,1993,3.0,0,1,0,0.0,0.33,0.00,0.00,,29.4,0,0,0,0.0,0.0,0.03,0.0,0.0,Matches
09586899,Arjen Robben,nl NED,"FW,MF",de Bayern Munich,34,1984,3.5,2,13,7,53.8,3.75,2.02,0.15,0.29,16.2,0,0,0,1.5,1.5,0.11,+0.5,+0.5,Matches
335fa267,Sergi Roberto,es ESP,"DF,MF",es Barcelona,26,1992,7.8,0,3,3,100.0,0.38,0.38,0.00,0.00,14.5,0,0,0,0.8,0.8,0.26,-0.8,-0.8,Matches
2e4f5f03,Andrew Robertson,sct SCO,DF,eng Liverpool,24,1994,11.2,0,6,3,50.0,0.54,0.27,0.00,0.00,17.9,0,0,0,0.3,0.3,0.05,-0.3,-0.3,Matches
4dedd469,Milan Rodić,rs SRB,DF,rs Red Star,27,1991,5.0,0,1,1,100.0,0.20,0.20,0.00,0.00,25.8,0,0,0,0.0,0.0,0.03,0.0,0.0,Matches
6434f10d,Rodri,es ESP,MF,es Atlético Madrid,22,1996,6.7,0,4,0,0.0,0.59,0.00,0.00,,18.2,0,0,0,0.2,0.2,0.04,-0.2,-0.2,Matches
1fb1c435,Rodrigo,es ESP,FW,es Valencia,27,1991,4.8,0,5,1,20.0,1.05,0.21,0.00,0.00,11.5,0,0,0,0.6,0.6,0.12,-0.6,-0.6,Matches
149895bf,Garry Rodrigues,cv CPV,"FW,MF",tr Galatasaray,27,1990,5.7,1,16,7,43.8,2.82,1.23,0.06,0.14,19.3,1,0,0,1.7,1.7,0.10,-0.7,-0.7,Matches
715bf047,James Rodríguez,co COL,MF,de Bayern Munich,27,1991,3.7,0,5,2,40.0,1.35,0.54,0.00,0.00,16.5,0,0,0,0.8,0.8,0.16,-0.8,-0.8,Matches
b6b2b820,Marko Rog,hr CRO,"FW,MF",it Napoli,23,1995,0.1,0,0,0,,0.00,0.00,,,,0,0,0,0.0,0.0,,0.0,0.0,Matches
e0991c04,Marcos Rojo,ar ARG,DF,eng Manchester Utd,28,1990,0.5,0,0,0,,0.00,0.00,,,,0,0,0,0.0,0.0,,0.0,0.0,Matches
716e7308,Maximiliano Romero,ar ARG,FW,nl PSV Eindhoven,19,1999,0.1,0,2,1,50.0,15.00,7.50,0.00,0.00,12.8,0,0,0,0.1,0.1,0.06,-0.1,-0.1,Matches
1e26e376,Sergio Romero,ar ARG,GK,eng Manchester Utd,31,1987,1.0,0,0,0,,0.00,0.00,,,,0,0,0,0.0,0.0,,0.0,0.0,Matches
dea698d9,Cristiano Ronaldo,pt POR,FW,it Juventus,33,1985,8.3,6,47,11,23.4,5.66,1.32,0.11,0.45,19.1,6,1,1,4.9,4.1,0.09,+1.1,+0.9,Matches
1a6b7ea4,Pablo Rosario,nl NED,MF,nl PSV Eindhoven,21,1997,5.9,1,6,3,50.0,1.02,0.51,0.17,0.33,22.3,0,0,0,0.2,0.2,0.04,+0.8,+0.8,Matches
89d10e53,Danny Rose,eng ENG,DF,eng Tottenham,28,1990,5.9,0,5,2,40.0,0.85,0.34,0.00,0.00,19.6,1,0,0,0.5,0.5,0.09,-0.5,-0.5,Matches
d38174c3,Boris Rotenberg,fi FIN,FW,ru Loko Moscow,32,1986,0.0,0,0,0,,0.00,0.00,,,,0,0,0,0.0,0.0,,0.0,0.0,Matches
80f36c88,Sebastian Rudy,de GER,MF,de Schalke 04,28,1990,2.7,0,1,0,0.0,0.38,0.00,0.00,,26.9,0,0,0,0.0,0.0,0.03,0.0,0.0,Matches
14b8fcdf,Daniele Rugani,it ITA,DF,it Juventus,24,1994,3.0,0,0,0,,0.00,0.00,,,,0,0,0,0.0,0.0,,0.0,0.0,Matches
0b5a292a,Mário Rui,pt POR,DF,it Napoli,27,1991,5.8,0,3,0,0.0,0.52,0.00,0.00,,27.2,1,0,0,0.1,0.1,0.04,-0.1,-0.1,Matches
c0c7ff58,Fabián Ruiz Peña,es ESP,MF,it Napoli,22,1996,5.2,0,17,4,23.5,3.27,0.77,0.00,0.00,24.8,0,0,0,1.0,1.0,0.06,-1.0,-1.0,Matches
86dd16a8,Maciej Rybus,pl POL,DF,ru Loko Moscow,28,1989,2.0,0,1,0,0.0,0.50,0.00,0.00,,27.9,0,0,0,0.0,0.0,0.03,0.0,0.0,Matches
7c9fa389,Michal Sadílek,cz CZE,MF,nl PSV Eindhoven,19,1999,0.3,0,0,0,,0.00,0.00,,,,0,0,0,0.0,0.0,,0.0,0.0,Matches
c8bfb695,Trent Sainsbury,au AUS,DF,nl PSV Eindhoven,26,1992,1.1,0,0,0,,0.00,0.00,,,,0,0,0,0.0,0.0,,0.0,0.0,Matches
e342ad68,Mohamed Salah,eg EGY,FW,eng Liverpool,26,1992,11.7,5,50,13,26.0,4.26,1.11,0.06,0.23,17.6,1,2,2,7.1,5.5,0.11,-2.1,-2.5,Matches
5f424f35,Eduardo Salvio,ar ARG,"FW,MF",pt Benfica,28,1990,2.7,0,5,1,20.0,1.86,0.37,0.00,0.00,14.5,0,0,0,0.4,0.4,0.08,-0.4,-0.4,Matches
032f894e,Renato Sanches,pt POR,MF,de Bayern Munich,20,1997,1.4,1,3,1,33.3,2.08,0.69,0.33,1.00,23.2,0,0,0,0.8,0.8,0.26,+0.2,+0.2,Matches
2c0f8e9e,Alexis Sánchez,cl CHI,FW,eng Manchester Utd,29,1988,2.3,0,4,1,25.0,1.71,0.43,0.00,0.00,20.0,2,0,0,0.2,0.2,0.05,-0.2,-0.2,Matches
da7b447d,Davinson Sánchez,co COL,DF,eng Tottenham,22,1996,7.0,0,4,1,25.0,0.57,0.14,0.00,0.00,10.6,0,0,0,0.2,0.2,0.06,-0.2,-0.2,Matches
60359288,Javi Sánchez,es ESP,DF,es Real Madrid,21,1997,1.4,0,0,0,,0.00,0.00,,,,0,0,0,0.0,0.0,,0.0,0.0,Matches
dbf053da,Jadon Sancho,eng ENG,"FW,MF",de Dortmund,18,2000,4.8,1,3,2,66.7,0.62,0.41,0.33,0.50,12.5,0,0,0,1.2,1.2,0.39,-0.2,-0.2,Matches
0d82903c,Alex Sandro,br BRA,DF,it Juventus,27,1991,8.3,0,6,0,0.0,0.73,0.00,0.00,,16.3,0,0,0,0.3,0.3,0.04,-0.3,-0.3,Matches
2b114be3,Leroy Sané,de GER,"FW,DF",eng Manchester City,22,1996,4.4,4,12,5,41.7,2.71,1.13,0.33,0.80,17.7,2,0,0,1.6,1.6,0.13,+2.4,+2.4,Matches
791abba1,Salif Sané,sn SEN,DF,de Schalke 04,27,1990,6.0,0,4,0,0.0,0.67,0.00,0.00,,19.2,0,0,0,0.2,0.2,0.04,-0.2,-0.2,Matches
90d7dda6,Sékou Sanogo,ci CIV,MF,ch Young Boys,29,1989,3.3,0,5,2,40.0,1.50,0.60,0.00,0.00,17.6,0,0,0,0.3,0.3,0.07,-0.3,-0.3,Matches
88c89891,Davide Santon,it ITA,DF,it Roma,27,1991,2.9,0,0,0,,0.00,0.00,,,,0,0,0,0.0,0.0,,0.0,0.0,Matches
f6ac68c1,Stefan Savić,me MNE,DF,es Atlético Madrid,27,1991,0.9,0,0,0,,0.00,0.00,,,,0,0,0,0.0,0.0,,0.0,0.0,Matches
b1062a37,Vujadin Savić,rs SRB,DF,rs Red Star,28,1990,2.5,0,1,0,0.0,0.40,0.00,0.00,,10.6,0,0,0,0.1,0.1,0.09,-0.1,-0.1,Matches
5d4f7d61,Patrik Schick,cz CZE,FW,it Roma,22,1996,2.8,0,6,2,33.3,2.13,0.71,0.00,0.00,15.2,0,0,0,0.7,0.7,0.12,-0.7,-0.7,Matches
0f888175,Thorsten Schick,at AUT,"DF,FW",ch Young Boys,28,1990,1.1,0,0,0,,0.00,0.00,,,,0,0,0,0.0,0.0,,0.0,0.0,Matches
89565ac5,Marcel Schmelzer,de GER,DF,de Dortmund,30,1988,2.2,0,3,1,33.3,1.39,0.46,0.00,0.00,15.9,0,0,0,0.2,0.2,0.06,-0.2,-0.2,Matches
c3a8bcd8,Lasse Schöne,dk DEN,MF,nl Ajax,32,1986,9.8,1,16,5,31.3,1.63,0.51,0.06,0.20,28.2,10,0,0,0.8,0.8,0.05,+0.2,+0.2,Matches
106bca06,Alessandro Schöpf,at AUT,"DF,FW",de Schalke 04,24,1994,3.3,1,5,3,60.0,1.51,0.90,0.20,0.33,17.7,0,0,0,1.2,1.2,0.24,-0.2,-0.2,Matches
746fec7d,Siebe Schrijvers,be BEL,FW,be Club Brugge,22,1996,0.8,0,1,0,0.0,1.25,0.00,0.00,,14.2,0,0,0,0.0,0.0,0.05,0.0,0.0,Matches
fa274d97,Nico Schulz,de GER,"DF,MF",de Hoffenheim,25,1993,4.9,0,10,3,30.0,2.03,0.61,0.00,0.00,24.2,0,0,0,0.6,0.6,0.06,-0.6,-0.6,Matches
824bd41a,Daniel Schwaab,de GER,DF,nl PSV Eindhoven,29,1988,5.0,0,1,1,100.0,0.20,0.20,0.00,0.00,11.5,0,0,0,0.0,0.0,0.04,0.0,0.0,Matches
a45eac1f,Haris Seferović,ch SUI,FW,pt Benfica,26,1992,4.8,1,14,5,35.7,2.94,1.05,0.07,0.20,16.2,0,0,0,1.5,1.5,0.11,-0.5,-0.5,Matches
07750704,Alfa Semedo,gw GNB,"MF,FW",pt Benfica,20,1997,1.5,1,3,1,33.3,2.01,0.67,0.33,1.00,16.7,0,0,0,0.1,0.1,0.04,+0.9,+0.9,Matches
d04b94db,Nélson Semedo,pt POR,DF,es Barcelona,24,1993,6.2,0,0,0,,0.00,0.00,,,,0,0,0,0.0,0.0,,0.0,0.0,Matches
b3325a30,Suat Serdar,de GER,MF,de Schalke 04,21,1997,5.6,0,8,3,37.5,1.43,0.54,0.00,0.00,18.7,0,0,0,1.1,1.1,0.14,-1.1,-1.1,Matches
7fb301af,Julien Serrano,fr FRA,DF,fr Monaco,20,1998,0.1,0,0,0,,0.00,0.00,,,,0,0,0,0.0,0.0,,0.0,0.0,Matches
d3aaad90,Stephan El Shaarawy,it ITA,FW,it Roma,25,1992,2.9,0,6,4,66.7,2.07,1.38,0.00,0.00,20.3,0,0,0,0.3,0.3,0.05,-0.3,-0.3,Matches
6421ec64,Xherdan Shaqiri,ch SUI,"FW,MF",eng Liverpool,26,1991,2.0,0,4,1,25.0,2.05,0.51,0.00,0.00,20.1,1,0,0,0.4,0.4,0.10,-0.4,-0.4,Matches
9c94165b,Luke Shaw,eng ENG,DF,eng Manchester Utd,23,1995,8.0,0,4,1,25.0,0.50,0.12,0.00,0.00,19.1,0,0,0,0.2,0.2,0.04,-0.2,-0.2,Matches
ab6928f2,Georgi Shchennikov,ru RUS,"DF,FW",ru CSKA Moscow,27,1991,2.4,1,4,1,25.0,1.68,0.42,0.25,1.00,9.0,0,0,0,1.5,1.5,0.37,-0.5,-0.5,Matches
4c5b714f,Djibril Sidibé,fr FRA,"DF,MF",fr Monaco,26,1992,3.7,0,3,0,0.0,0.81,0.00,0.00,,27.0,0,0,0,0.1,0.1,0.03,-0.1,-0.1,Matches
f209b81e,Arnór Sigurðsson,is ISL,"MF,FW",ru CSKA Moscow,19,1999,3.9,2,10,5,50.0,2.54,1.27,0.20,0.40,23.0,0,0,0,0.6,0.6,0.06,+1.4,+1.4,Matches
3eb22ec9,Bernardo Silva,pt POR,"MF,FW",eng Manchester City,23,1994,6.4,4,12,6,50.0,1.87,0.93,0.33,0.67,16.7,0,0,0,1.7,1.7,0.14,+2.3,+2.3,Matches
e2716bd0,David Silva,es ESP,MF,eng Manchester City,32,1986,7.9,3,13,3,23.1,1.64,0.38,0.23,1.00,12.3,1,0,0,1.9,1.9,0.14,+1.1,+1.1,Matches
70cf63ca,Rafa Silva,pt POR,"FW,MF",pt Benfica,25,1993,4.1,0,7,2,28.6,1.71,0.49,0.00,0.00,16.9,0,0,0,0.4,0.4,0.05,-0.4,-0.4,Matches
86e7deaf,Thiago Silva,br BRA,DF,fr Paris S-G,33,1984,6.8,0,1,0,0.0,0.15,0.00,0.00,,9.9,0,0,0,0.0,0.0,0.04,0.0,0.0,Matches
0acf0e1c,Veljko Simić,rs SRB,FW,rs Red Star,23,1995,2.3,0,2,1,50.0,0.87,0.43,0.00,0.00,19.5,0,0,0,0.1,0.1,0.06,-0.1,-0.1,Matches
fd4ee68b,André Simões,pt POR,MF,gr AEK Athens,28,1989,3.9,0,2,0,0.0,0.52,0.00,0.00,,10.0,0,0,0,0.3,0.3,0.15,-0.3,-0.3,Matches
73000a79,Daley Sinkgraven,nl NED,"DF,FW",nl Ajax,23,1995,1.1,0,0,0,,0.00,0.00,,,,0,0,0,0.0,0.0,,0.0,0.0,Matches
2acd49b9,Moussa Sissoko,fr FRA,MF,eng Tottenham,28,1989,8.1,0,4,0,0.0,0.49,0.00,0.00,,26.6,0,0,0,0.1,0.1,0.03,-0.1,-0.1,Matches
30f5ffa9,Milan Škriniar,sk SVK,DF,it Inter,23,1995,6.0,0,2,0,0.0,0.33,0.00,0.00,,7.7,0,0,0,0.6,0.6,0.31,-0.6,-0.6,Matches
58ce23e5,Steven Skrzybski,de GER,"FW,MF",de Schalke 04,25,1992,1.1,0,4,1,25.0,3.79,0.95,0.00,0.00,16.8,0,0,0,0.3,0.3,0.06,-0.3,-0.3,Matches
b6964eb6,Chris Smalling,eng ENG,DF,eng Manchester Utd,28,1989,8.0,0,4,0,0.0,0.50,0.00,0.00,,12.6,0,0,0,0.2,0.2,0.04,-0.2,-0.2,Matches
cbbfa2e7,Fyodor Smolov,ru RUS,FW,ru Loko Moscow,28,1990,1.3,0,4,0,0.0,3.05,0.00,0.00,,15.0,0,0,0,0.2,0.2,0.06,-0.2,-0.2,Matches
4d982baf,Tiquinho Soares,br BRA,FW,pt Porto,27,1991,3.0,1,11,2,18.2,3.63,0.66,0.09,0.50,15.9,0,0,0,1.7,1.7,0.15,-0.7,-0.7,Matches
fed17f5a,Carlos Soler,es ESP,MF,es Valencia,21,1997,4.4,2,12,5,41.7,2.76,1.15,0.17,0.40,22.9,0,0,0,0.7,0.7,0.06,+1.3,+1.3,Matches
4c6facae,Djibril Sow,ch SUI,MF,ch Young Boys,21,1997,5.6,0,5,0,0.0,0.89,0.00,0.00,,24.9,1,0,0,0.3,0.3,0.06,-0.3,-0.3,Matches
3626daea,Leonardo Spinazzola,it ITA,DF,it Juventus,25,1993,0.7,0,1,0,0.0,1.36,0.00,0.00,,21.7,0,0,0,0.0,0.0,0.03,0.0,0.0,Matches
cf8ef0a1,Slavoljub Srnić,rs SRB,"FW,MF",rs Red Star,26,1992,2.7,0,2,0,0.0,0.74,0.00,0.00,,32.7,0,0,0,0.0,0.0,0.02,0.0,0.0,Matches
5939baa2,Benjamin Stambouli,fr FRA,DF,de Schalke 04,27,1990,4.8,0,1,0,0.0,0.21,0.00,0.00,,27.0,0,0,0,0.1,0.1,0.06,-0.1,-0.1,Matches
ee3519f5,Taras Stepanenko,ua UKR,MF,ua Shakhtar,28,1989,5.8,0,3,0,0.0,0.51,0.00,0.00,,15.6,0,0,0,0.1,0.1,0.05,-0.1,-0.1,Matches
b400bde0,Raheem Sterling,eng ENG,FW,eng Manchester City,23,1994,9.7,5,23,10,43.5,2.38,1.04,0.22,0.50,15.2,0,0,0,3.0,3.0,0.13,+2.0,+2.0,Matches
ca3e2783,Nikola Stojiljković,rs SRB,FW,rs Red Star,25,1992,0.5,0,0,0,,0.00,0.00,,,,0,0,0,0.0,0.0,,0.0,0.0,Matches
bafcf742,Filip Stojković,me MNE,DF,rs Red Star,25,1993,4.6,0,0,0,,0.00,0.00,,,,0,0,0,0.0,0.0,,0.0,0.0,Matches
5eecec3d,John Stones,eng ENG,DF,eng Manchester City,24,1994,4.7,0,2,1,50.0,0.43,0.21,0.00,0.00,9.1,0,0,0,0.4,0.4,0.22,-0.4,-0.4,Matches
1b7ec703,Daniel Sturridge,eng ENG,FW,eng Liverpool,28,1989,2.3,1,9,3,33.3,3.84,1.28,0.11,0.33,15.4,0,0,0,1.6,1.6,0.18,-0.6,-0.6,Matches
12c50af5,Denis Suárez,es ESP,FW,es Barcelona,24,1994,0.3,0,0,0,,0.00,0.00,,,,0,0,0,0.0,0.0,,0.0,0.0,Matches
a6154613,Luis Suárez,uy URU,FW,es Barcelona,31,1987,10.0,1,38,9,23.7,3.80,0.90,0.03,0.11,16.4,2,0,0,4.5,4.5,0.12,-3.5,-3.5,Matches
f6db3bd5,Danijel Subašić,hr CRO,GK,fr Monaco,33,1984,0.5,0,0,0,,0.00,0.00,,,,0,0,0,0.0,0.0,,0.0,0.0,Matches
e33c06cf,Niklas Süle,de GER,DF,de Bayern Munich,22,1995,5.0,0,2,0,0.0,0.40,0.00,0.00,,6.4,0,0,0,0.2,0.2,0.08,-0.2,-0.2,Matches
615c4d8f,Miralem Sulejmani,rs SRB,"MF,FW",ch Young Boys,29,1988,3.8,0,8,1,12.5,2.11,0.26,0.00,0.00,19.6,1,0,0,0.4,0.4,0.05,-0.4,-0.4,Matches
d8b97bb3,Moussa Sylla,fr FRA,FW,fr Monaco,18,1999,3.8,1,6,3,50.0,1.57,0.78,0.17,0.33,15.0,0,0,0,0.7,0.7,0.11,+0.3,+0.3,Matches
53e07d0b,Ádám Szalai,hu HUN,"FW,MF",de Hoffenheim,30,1987,3.0,0,6,2,33.3,2.01,0.67,0.00,0.00,11.3,0,0,0,0.8,0.8,0.13,-0.8,-0.8,Matches
01b8a2b2,Wojciech Szczęsny,pl POL,GK,it Juventus,28,1990,10.0,0,0,0,,0.00,0.00,,,,0,0,0,0.0,0.0,,0.0,0.0,Matches
2475dcc6,Dušan Tadić,rs SRB,FW,nl Ajax,29,1988,12.0,6,19,8,42.1,1.58,0.67,0.21,0.50,13.3,0,2,2,4.8,3.2,0.17,+1.2,+0.8,Matches
f0661424,Nicolás Tagliafico,ar ARG,DF,nl Ajax,25,1992,10.0,3,9,5,55.6,0.90,0.50,0.33,0.60,14.8,0,0,0,1.9,1.9,0.21,+1.1,+1.1,Matches
7272a72a,Taison,br BRA,"FW,MF",ua Shakhtar,30,1988,4.8,2,10,7,70.0,2.06,1.44,0.20,0.29,23.2,0,0,0,1.2,1.2,0.12,+0.8,+0.8,Matches
e73c9bb2,Alex Telles,br BRA,DF,pt Porto,25,1992,10.3,1,5,2,40.0,0.48,0.19,0.00,0.00,29.4,1,1,2,1.8,0.2,0.04,-0.8,-0.2,Matches
6f51e382,Marc-André ter Stegen,de GER,GK,es Barcelona,26,1992,11.0,0,0,0,,0.00,0.00,,,,0,0,0,0.0,0.0,,0.0,0.0,Matches
5148dcc5,Martin Terrier,fr FRA,"FW,MF",fr Lyon,21,1997,1.8,0,5,3,60.0,2.85,1.71,0.00,0.00,19.7,0,0,0,0.2,0.2,0.05,-0.2,-0.2,Matches
77d7c96f,Kenny Tete,nl NED,DF,fr Lyon,22,1995,2.2,0,1,0,0.0,0.46,0.00,0.00,,14.1,0,0,0,0.1,0.1,0.06,-0.1,-0.1,Matches
f956479d,Cedric Teuchert,de GER,FW,de Schalke 04,21,1997,0.9,0,1,0,0.0,1.08,0.00,0.00,,11.5,0,0,0,0.1,0.1,0.08,-0.1,-0.1,Matches
7d9397f8,Khéphren Thuram-Ulie,fr FRA,MF,fr Monaco,17,2001,0.6,0,0,0,,0.00,0.00,,,,0,0,0,0.0,0.0,,0.0,0.0,Matches
56f7a928,Youri Tielemans,be BEL,MF,fr Monaco,21,1997,6.0,0,12,7,58.3,2.00,1.17,0.00,0.00,28.2,1,0,0,0.4,0.4,0.03,-0.4,-0.4,Matches
c5fd13e9,Ömer Toprak,tr TUR,DF,de Dortmund,29,1989,3.0,0,2,1,50.0,0.67,0.33,0.00,0.00,11.8,0,0,0,0.3,0.3,0.14,-0.3,-0.3,Matches
9e1035f8,Ferrán Torres,es ESP,MF,es Valencia,18,2000,1.2,0,3,0,0.0,2.55,0.00,0.00,,20.1,0,0,0,0.2,0.2,0.07,-0.2,-0.2,Matches
58a9a4d9,Óliver Torres,es ESP,MF,pt Porto,23,1994,3.9,0,2,0,0.0,0.52,0.00,0.00,,27.2,0,0,0,0.1,0.1,0.03,-0.1,-0.1,Matches
c8c60119,Almamy Touré,ml MLI,DF,fr Monaco,22,1996,0.2,0,0,0,,0.00,0.00,,,,0,0,0,0.0,0.0,,0.0,0.0,Matches
71ec39ef,Lucas Tousart,fr FRA,MF,fr Lyon,21,1997,5.4,1,3,2,66.7,0.56,0.37,0.33,0.50,15.8,0,0,0,0.2,0.2,0.06,+0.8,+0.8,Matches
1a6f2a66,Adama Traoré,ml MLI,"FW,MF",fr Monaco,23,1995,0.2,0,0,0,,0.00,0.00,,,,0,0,0,0.0,0.0,,0.0,0.0,Matches
c47541e0,Bertrand Traoré,bf BFA,"FW,MF",fr Lyon,22,1995,3.6,1,6,3,50.0,1.69,0.84,0.17,0.33,16.0,0,0,0,1.4,1.4,0.24,-0.4,-0.4,Matches
21512407,Kieran Trippier,eng ENG,DF,eng Tottenham,27,1990,6.9,0,1,0,0.0,0.14,0.00,0.00,,27.8,1,0,0,0.1,0.1,0.05,-0.1,-0.1,Matches
3eed9821,Samuel Umtiti,fr FRA,DF,es Barcelona,24,1993,0.9,0,0,0,,0.00,0.00,,,,0,0,0,0.0,0.0,,0.0,0.0,Matches
1880614f,Cengiz Ünder,tr TUR,"FW,MF",it Roma,21,1997,4.8,3,14,6,42.9,2.89,1.24,0.21,0.50,21.5,0,0,0,1.9,1.9,0.13,+1.1,+1.1,Matches
a3ddb1b9,Mark Uth,de GER,"FW,MF",de Schalke 04,26,1991,4.4,1,9,4,44.4,2.07,0.92,0.11,0.25,18.0,0,0,0,0.9,0.9,0.10,+0.1,+0.1,Matches
08aa17d0,Antonio Valencia,ec ECU,DF,eng Manchester Utd,32,1985,2.8,0,0,0,,0.00,0.00,,,,0,0,0,0.0,0.0,,0.0,0.0,Matches
0e21fc3c,Borja Valero,es ESP,MF,it Inter,33,1985,2.6,0,2,1,50.0,0.77,0.38,0.00,0.00,12.4,0,0,0,0.2,0.2,0.10,-0.2,-0.2,Matches
c2111b45,Jesús Vallejo,es ESP,DF,es Real Madrid,21,1997,1.0,0,0,0,,0.00,0.00,,,,0,0,0,0.0,0.0,,0.0,0.0,Matches
0959c2a2,Federico Valverde,uy URU,MF,es Real Madrid,20,1998,1.6,0,4,1,25.0,2.54,0.63,0.00,0.00,24.0,0,0,0,0.2,0.2,0.04,-0.2,-0.2,Matches
e06683ca,Virgil van Dijk,nl NED,DF,eng Liverpool,27,1991,12.0,2,10,5,50.0,0.83,0.42,0.20,0.40,12.5,0,0,0,2.0,2.0,0.20,0.0,0.0,Matches
392a7aea,Hans Vanaken,be BEL,"MF,FW",be Club Brugge,25,1992,6.0,2,8,1,12.5,1.34,0.17,0.13,1.00,20.0,1,1,1,1.7,1.0,0.12,+0.3,0.0,Matches
9f8e9423,Raphaël Varane,fr FRA,DF,es Real Madrid,25,1993,4.0,0,4,1,25.0,1.00,0.25,0.00,0.00,10.0,0,0,0,0.9,0.9,0.22,-0.9,-0.9,Matches
fd51b456,Lucas Vázquez,es ESP,"FW,DF",es Real Madrid,27,1991,4.3,1,6,2,33.3,1.40,0.47,0.17,0.50,14.3,0,0,0,1.3,1.3,0.22,-0.3,-0.3,Matches
44ac04e9,Matías Vecino,uy URU,MF,it Inter,26,1991,5.0,1,12,1,8.3,2.40,0.20,0.08,1.00,17.2,0,0,0,1.1,1.1,0.10,-0.1,-0.1,Matches
dad4b285,Joël Veltman,nl NED,DF,nl Ajax,26,1992,3.5,0,3,2,66.7,0.87,0.58,0.00,0.00,15.9,0,0,0,0.2,0.2,0.06,-0.2,-0.2,Matches
0375723e,Simone Verdi,it ITA,MF,it Napoli,26,1992,0.3,0,1,0,0.0,3.91,0.00,0.00,,22.8,0,0,0,0.0,0.0,0.04,0.0,0.0,Matches
d0d79694,Thomas Vermaelen,be BEL,DF,es Barcelona,32,1985,1.0,0,0,0,,0.00,0.00,,,,0,0,0,0.0,0.0,,0.0,0.0,Matches
1467af0d,Marco Verratti,it ITA,MF,fr Paris S-G,25,1992,6.6,0,2,1,50.0,0.30,0.15,0.00,0.00,18.4,0,0,0,0.1,0.1,0.05,-0.1,-0.1,Matches
ba23a904,Jan Vertonghen,be BEL,DF,eng Tottenham,31,1987,9.4,1,6,1,16.7,0.64,0.11,0.17,1.00,9.9,0,0,0,1.7,1.7,0.33,-0.7,-0.7,Matches
c67cd65c,Rúben Vezo,pt POR,DF,es Valencia,24,1994,1.7,0,1,0,0.0,0.60,0.00,0.00,,29.1,0,0,0,0.0,0.0,0.03,0.0,0.0,Matches
67cdbc0e,Arturo Vidal,cl CHI,MF,es Barcelona,31,1987,4.0,0,5,0,0.0,1.24,0.00,0.00,,16.4,0,0,0,0.3,0.3,0.06,-0.3,-0.3,Matches
e38f1636,Nick Viergever,nl NED,DF,nl PSV Eindhoven,28,1989,5.7,0,1,0,0.0,0.17,0.00,0.00,,9.3,0,0,0,0.1,0.1,0.06,-0.1,-0.1,Matches
db750822,Vitolo,es ESP,MF,es Atlético Madrid,28,1989,1.1,0,1,0,0.0,0.91,0.00,0.00,,16.6,0,0,0,0.0,0.0,0.04,0.0,0.0,Matches
03df04ff,Odisseas Vlachodimos,gr GRE,GK,pt Benfica,24,1994,6.0,0,0,0,,0.00,0.00,,,,0,0,0,0.0,0.0,,0.0,0.0,Matches
aa8e289e,Nikola Vlašić,hr CRO,MF,ru CSKA Moscow,20,1997,6.0,3,13,6,46.2,2.17,1.00,0.08,0.17,27.9,0,2,2,2.1,0.5,0.04,+0.9,+0.5,Matches
5064d4c1,Thibault Vlietinck,be BEL,"FW,DF",be Club Brugge,20,1997,2.3,0,1,0,0.0,0.44,0.00,0.00,,17.6,0,0,0,0.0,0.0,0.04,0.0,0.0,Matches
1d8e9add,Kevin Vogt,de GER,DF,de Hoffenheim,26,1991,4.0,0,2,0,0.0,0.50,0.00,0.00,,9.1,0,0,0,0.7,0.7,0.35,-0.7,-0.7,Matches
1bebde9d,Michel Vorm,nl NED,GK,eng Tottenham,34,1983,1.1,0,0,0,,0.00,0.00,,,,0,0,0,0.0,0.0,,0.0,0.0,Matches
c24544c7,Ruud Vormer,nl NED,MF,be Club Brugge,30,1988,6.0,1,5,2,40.0,0.83,0.33,0.20,0.50,18.1,0,0,0,0.4,0.4,0.09,+0.6,+0.6,Matches
07ab6542,Jelle Vossen,be BEL,FW,be Club Brugge,29,1989,0.9,0,2,0,0.0,2.22,0.00,0.00,,8.6,0,0,0,0.2,0.2,0.09,-0.2,-0.2,Matches
d0d8dd44,Stefan de Vrij,nl NED,DF,it Inter,26,1992,4.9,0,3,1,33.3,0.61,0.20,0.00,0.00,12.4,0,0,0,0.2,0.2,0.06,-0.2,-0.2,Matches
46a8347f,Šime Vrsaljko,hr CRO,DF,it Inter,26,1992,1.1,0,0,0,,0.00,0.00,,,,0,0,0,0.0,0.0,,0.0,0.0,Matches
61b0b44d,Sandro Wagner,de GER,"FW,MF",de Bayern Munich,30,1987,0.2,0,0,0,,0.00,0.00,,,,0,0,0,0.0,0.0,,0.0,0.0,Matches
86dd77d1,Kyle Walker,eng ENG,DF,eng Manchester City,28,1990,8.3,0,4,0,0.0,0.48,0.00,0.00,,30.2,1,0,0,0.1,0.1,0.04,-0.1,-0.1,Matches
984a5a64,Kyle Walker-Peters,eng ENG,DF,eng Tottenham,21,1997,0.7,0,0,0,,0.00,0.00,,,,0,0,0,0.0,0.0,,0.0,0.0,Matches
e0900238,Victor Wanyama,ke KEN,MF,eng Tottenham,27,1991,3.2,0,1,0,0.0,0.31,0.00,0.00,,23.6,0,0,0,0.0,0.0,0.03,0.0,0.0,Matches
d83bbc54,Daniel Wass,dk DEN,"DF,MF",es Valencia,29,1989,3.0,0,2,1,50.0,0.67,0.33,0.00,0.00,13.5,0,0,0,0.2,0.2,0.09,-0.2,-0.2,Matches
346d51d9,Julian Weigl,de GER,"MF,DF",de Dortmund,22,1995,3.2,0,2,1,50.0,0.62,0.31,0.00,0.00,6.4,0,0,0,0.4,0.4,0.20,-0.4,-0.4,Matches
eb58eef0,Georginio Wijnaldum,nl NED,MF,eng Liverpool,27,1990,10.8,2,12,2,16.7,1.12,0.19,0.17,1.00,17.4,0,0,0,0.7,0.7,0.05,+1.3,+1.3,Matches
2f7acede,Harry Winks,eng ENG,MF,eng Tottenham,22,1996,7.5,0,4,0,0.0,0.53,0.00,0.00,,26.2,0,0,0,0.1,0.1,0.03,-0.1,-0.1,Matches
48a2b92a,Dani de Wit,nl NED,MF,nl Ajax,20,1998,0.4,0,1,1,100.0,2.65,2.65,0.00,0.00,11.9,0,0,0,0.1,0.1,0.06,-0.1,-0.1,Matches
5dfc6ad5,Axel Witsel,be BEL,MF,de Dortmund,29,1989,7.0,1,10,3,30.0,1.43,0.43,0.10,0.33,22.6,0,0,0,0.4,0.4,0.04,+0.6,+0.6,Matches
4b803b3c,Maximilian Wöber,at AUT,DF,nl Ajax,20,1998,2.8,0,1,0,0.0,0.36,0.00,0.00,,7.8,0,0,0,0.1,0.1,0.06,-0.1,-0.1,Matches
fa661778,Marius Wolf,de GER,"FW,DF",de Dortmund,23,1995,2.3,0,7,1,14.3,2.99,0.43,0.00,0.00,25.4,0,0,0,0.3,0.3,0.04,-0.3,-0.3,Matches
0e61c46b,Marco Wölfli,ch SUI,GK,ch Young Boys,35,1982,2.0,0,0,0,,0.00,0.00,,,,0,0,0,0.0,0.0,,0.0,0.0,Matches
6190474d,Jeong Woo-yeong,kr KOR,MF,de Bayern Munich,18,1999,0.1,0,0,0,,0.00,0.00,,,,0,0,0,0.0,0.0,,0.0,0.0,Matches
7b9ecf02,Gregory Wüthrich,ch SUI,MF,ch Young Boys,23,1994,0.0,0,0,0,,0.00,0.00,,,,0,0,0,0.0,0.0,,0.0,0.0,Matches
b65c42cf,Dmitry Yefremov,ru RUS,DF,ru CSKA Moscow,23,1995,1.3,0,3,0,0.0,2.33,0.00,0.00,,16.8,0,0,0,0.2,0.2,0.05,-0.2,-0.2,Matches
be927d03,Ashley Young,eng ENG,DF,eng Manchester Utd,33,1985,6.5,0,1,0,0.0,0.15,0.00,0.00,,31.3,0,0,0,0.0,0.0,0.03,0.0,0.0,Matches
a4effc55,Dan-Axel Zagadou,fr FRA,DF,de Dortmund,19,1999,3.8,0,3,1,33.3,0.78,0.26,0.00,0.00,9.8,0,0,0,0.4,0.4,0.14,-0.4,-0.4,Matches
9907b1c8,Nicolò Zaniolo,it ITA,"MF,FW",it Roma,19,1999,4.3,2,7,3,42.9,1.64,0.70,0.29,0.67,13.1,0,0,0,0.8,0.8,0.12,+1.2,+1.2,Matches
b2db927b,Martin Zeman,cz CZE,FW,cz Viktoria Plzeň,29,1989,0.8,0,0,0,,0.00,0.00,,,,0,0,0,0.0,0.0,,0.0,0.0,Matches
732b0cf9,Timur Zhamaletdinov,ru RUS,FW,ru CSKA Moscow,21,1997,0.3,0,1,1,100.0,3.21,3.21,0.00,0.00,10.5,0,0,0,0.1,0.1,0.14,-0.1,-0.1,Matches
ed87a229,Rifat Zhemaletdinov,ru RUS,FW,ru Loko Moscow,21,1996,0.4,0,0,0,,0.00,0.00,,,,0,0,0,0.0,0.0,,0.0,0.0,Matches
a5296e55,Piotr Zieliński,pl POL,"MF,FW",it Napoli,24,1994,2.1,0,4,1,25.0,1.95,0.49,0.00,0.00,20.1,0,0,0,0.2,0.2,0.06,-0.2,-0.2,Matches
51cf8561,Oleksandr Zinchenko,ua UKR,DF,eng Manchester City,21,1996,3.7,0,2,0,0.0,0.53,0.00,0.00,,28.3,0,0,0,0.1,0.1,0.03,-0.1,-0.1,Matches
321f83a2,Andrija Živković,rs SRB,"FW,MF",pt Benfica,22,1996,0.8,0,3,2,66.7,3.75,2.50,0.00,0.00,23.7,0,0,0,0.1,0.1,0.04,-0.1,-0.1,Matches
6622454d,Hakim Ziyech,ma MAR,FW,nl Ajax,25,1993,10.9,3,56,21,37.5,5.13,1.92,0.05,0.14,24.3,3,0,0,4.5,4.5,0.08,-1.5,-1.5,Matches
cc1a0c57,Jeroen Zoet,nl NED,GK,nl PSV Eindhoven,27,1991,6.0,0,0,0,,0.00,0.00,,,,0,0,0,0.0,0.0,,0.0,0.0,Matches
b6a6e0a7,Steven Zuber,ch SUI,"FW,MF",de Hoffenheim,26,1991,1.1,1,5,2,40.0,4.37,1.75,0.20,0.50,21.7,0,0,0,0.2,0.2,0.04,+0.8,+0.8,Matches
