id,Player,Nation,Pos,Squad,Age,Born,90s,Cmp,Att,Cmp%,TotDist,PrgDist,Cmp.1,Att.1,Cmp%.1,Cmp.2,Att.2,Cmp%.2,Cmp.3,Att.3,Cmp%.3,Ast,xAG,xA,A-xAG,KP,1/3,PPA,CrsPA,PrgP,Matches
32c2d95f,Yunis Abdelhamid,ma MAR,DF,Reims,33,1987,33.1,1284,1578,81.4,25516,9586,415,469,88.5,715,787,90.9,145,266,54.5,0,0.8,0.6,-0.8,9,95,7,0,119,Matches
82464ce3,Salis Abdul Samed,gh GHA,MF,Clermont Foot,21,2000,27.4,1535,1701,90.2,25518,5456,748,805,92.9,655,699,93.7,108,129,83.7,0,0.9,0.8,-0.9,17,87,13,1,108,Matches
31626657,Laurent Abergel,fr FRA,MF,Lorient,28,1993,32.8,1342,1660,80.8,23767,6837,606,679,89.2,535,620,86.3,152,236,64.4,2,3.7,2.6,-1.7,35,147,23,9,171,Matches
469d3d84,Charles Abi,fr FRA,FW,Saint-Étienne,21,2000,0.5,3,7,42.9,46,0,2,3,66.7,1,3,33.3,0,0,,0,0.0,0.0,0.0,0,0,0,0,0,Matches
0e46fa2f,Matthis Abline,fr FRA,FW,Rennes,18,2003,1.1,7,9,77.8,72,15,5,7,71.4,1,1,100.0,0,0,,0,0.0,0.0,0.0,0,0,1,0,2,Matches
1e93fc5d,Mohamed Achi,fr FRA,MF,Nantes,19,2002,0.1,6,9,66.7,102,10,1,1,100.0,3,6,50.0,1,1,100.0,0,0.0,0.0,0.0,0,0,0,0,0,Matches
7587446d,Martin Adeline,fr FRA,"MF,FW",Reims,17,2003,3.9,107,147,72.8,1681,608,51,63,81.0,39,47,83.0,9,14,64.3,0,0.5,0.2,-0.5,3,8,3,0,16,Matches
26777636,Yacine Adli,fr FRA,"MF,FW",Bordeaux,21,2000,25.1,906,1251,72.4,17505,6047,410,480,85.4,310,407,76.2,157,279,56.3,7,5.7,4.3,+1.3,59,122,36,4,164,Matches
8bc8829a,Lucien Agoume,fr FRA,MF,Brest,19,2002,20.8,836,996,83.9,15009,4513,371,417,89.0,328,377,87.0,112,141,79.4,0,0.7,0.6,-0.7,13,86,8,0,116,Matches
288e1e13,Nayef Aguerd,ma MAR,DF,Rennes,25,1996,30.4,1959,2204,88.9,40414,15329,613,660,92.9,1050,1106,94.9,277,398,69.6,2,0.3,0.3,+1.7,4,118,2,0,101,Matches
3dd738a1,Ruben Aguilar,fr FRA,DF,Monaco,28,1993,23.8,1435,1728,83.0,23194,8766,745,806,92.4,559,658,85.0,93,178,52.2,2,0.9,2.9,+1.1,12,124,32,5,157,Matches
eab957a3,Anel Ahmedhodzic,ba BIH,DF,Bordeaux,22,1999,15.0,766,858,89.3,14146,4562,310,333,93.1,353,381,92.7,89,120,74.2,1,0.9,0.4,+0.1,11,39,5,1,63,Matches
48b28bfd,Jean-Eudes Aholou,ci CIV,MF,Strasbourg,27,1994,11.2,339,412,82.3,5149,1077,164,191,85.9,131,147,89.1,21,37,56.8,1,0.8,1.0,+0.2,6,23,9,1,38,Matches
462475ed,Ludovic Ajorque,fr FRA,FW,Strasbourg,27,1994,30.4,653,906,72.1,9171,1389,386,506,76.3,172,239,72.0,43,61,70.5,8,7.0,4.0,+1.0,46,30,23,4,69,Matches
b625b241,Maghnes Akliouche,fr FRA,"MF,FW",Monaco,19,2002,0.6,20,22,90.9,254,86,15,15,100.0,4,6,66.7,1,1,100.0,0,0.0,0.1,0.0,1,3,3,0,5,Matches
5314e067,Sofiane Alakouch,ma MAR,"DF,MF",Metz,23,1998,1.8,83,103,80.6,1154,309,52,56,92.9,27,33,81.8,2,5,40.0,0,0.0,0.0,0.0,1,6,0,0,5,Matches
3d738df0,Josué Albert,gf GUF,DF,Clermont Foot,29,1992,0.2,5,6,83.3,62,35,3,3,100.0,2,3,66.7,0,0,,0,0.0,0.0,0.0,0,0,0,0,0,Matches
9e17ccff,Doğan Alemdar,tr TUR,GK,Rennes,18,2002,12.0,287,391,73.4,7942,5718,48,48,100.0,149,151,98.7,89,191,46.6,0,0.0,0.0,0.0,0,2,0,0,1,Matches
f8405304,Mohamed Ali Cho,fr FRA,FW,Angers,17,2004,20.4,220,314,70.1,2951,510,132,159,83.0,63,92,68.5,9,21,42.9,1,2.7,2.4,-1.7,14,17,10,2,22,Matches
1956b948,Jim Allevinah,ga GAB,FW,Clermont Foot,26,1995,16.5,416,545,76.3,6103,1306,245,287,85.4,123,164,75.0,29,44,65.9,2,1.9,1.4,+0.1,15,44,10,2,56,Matches
9260926b,Ibrahim Amadou,fr FRA,"DF,MF",Metz,28,1993,9.0,384,439,87.5,7290,2224,127,138,92.0,203,224,90.6,43,60,71.7,0,0.1,0.0,-0.1,3,10,0,0,21,Matches
22721b88,Jordan Amavi,fr FRA,DF,Nice,27,1994,4.6,269,319,84.3,4444,1417,144,156,92.3,96,113,85.0,26,39,66.7,0,0.1,0.1,-0.1,1,27,2,0,28,Matches
22721b88,Jordan Amavi,fr FRA,"DF,FW",Marseille,27,1994,1.4,74,86,86.0,1244,321,38,43,88.4,29,31,93.5,6,9,66.7,0,0.0,0.1,0.0,1,7,3,1,9,Matches
ef9c1c95,Benjamin André,fr FRA,MF,Lille,30,1990,30.6,1404,1766,79.5,22765,6915,691,804,85.9,524,623,84.1,113,187,60.4,1,1.3,1.3,-0.3,15,145,12,2,178,Matches
a5db0bec,Houssem Aouar,fr FRA,"MF,FW",Lyon,23,1998,27.8,1243,1446,86.0,18236,4604,718,783,91.7,393,453,86.8,75,100,75.0,4,4.5,5.2,-0.5,38,128,34,1,165,Matches
b94b8be1,Adil Aouchiche,fr FRA,"MF,FW",Saint-Étienne,19,2002,12.0,457,614,74.4,7867,2112,220,255,86.3,148,183,80.9,55,107,51.4,4,1.6,1.3,+2.4,17,48,9,3,75,Matches
feb5d3ab,Dennis Appiah,fr FRA,DF,Nantes,29,1992,23.3,756,1001,75.5,13014,5913,348,399,87.2,319,404,79.0,71,139,51.1,0,0.3,1.0,-0.3,3,43,12,7,69,Matches
b026bbf6,Lorenz Assignon,tg TOG,DF,Rennes,21,2000,6.8,306,383,79.9,5021,1280,141,164,86.0,137,161,85.1,21,34,61.8,2,1.1,0.9,+0.9,7,15,5,1,27,Matches
6a827d8e,Youcef Atal,dz ALG,DF,Nice,25,1996,12.7,556,738,75.3,8234,2706,321,361,88.9,168,231,72.7,40,88,45.5,1,1.3,1.5,-0.3,12,31,16,7,44,Matches
97bfa797,Jean-Kévin Augustin,fr FRA,"FW,MF",Nantes,24,1997,0.9,11,14,78.6,133,3,5,5,100.0,4,7,57.1,0,0,,0,0.0,0.0,0.0,0,0,0,0,0,Matches
eaf71a5e,Karim Azamoum,fr FRA,DF,Troyes,31,1990,4.3,102,148,68.9,1716,670,53,64,82.8,41,55,74.5,7,22,31.8,0,0.0,0.0,0.0,0,2,0,0,6,Matches
114bbdee,Loïc Bade,fr FRA,DF,Rennes,21,2000,10.9,655,729,89.8,13508,4362,177,196,90.3,398,422,94.3,74,104,71.2,1,0.5,0.3,+0.5,2,34,3,1,45,Matches
06df8256,Benoît Badiashile,fr FRA,DF,Monaco,20,2001,20.4,1212,1380,87.8,23885,8489,395,437,90.4,662,710,93.2,136,198,68.7,0,0.4,0.6,-0.4,3,81,2,0,111,Matches
6a2b9aee,Youssouph Badji,sn SEN,"FW,MF",Brest,19,2001,1.5,22,35,62.9,210,44,18,28,64.3,1,3,33.3,0,0,,0,0.1,0.2,-0.1,2,2,0,0,0,Matches
5046b7d4,Stéphane Bahoken,cm CMR,FW,Angers,29,1992,12.2,157,218,72.0,2051,397,82,105,78.1,41,54,75.9,10,16,62.5,1,1.3,0.5,-0.3,8,10,4,1,15,Matches
5065d67d,Dénys Bain,fr FRA,DF,Brest,28,1993,2.0,79,84,94.0,1670,707,16,17,94.1,49,51,96.1,13,14,92.9,0,0.0,0.0,0.0,0,3,0,0,8,Matches
be13e5a8,Stefan Bajic,fr FRA,GK,Saint-Étienne,19,2001,5.7,130,186,69.9,3466,2833,29,29,100.0,67,67,100.0,34,89,38.2,0,0.0,0.0,0.0,0,2,0,0,0,Matches
0af4dcf0,Cédric Bakambu,cd COD,FW,Marseille,30,1991,4.0,50,67,74.6,684,148,30,34,88.2,15,23,65.2,1,3,33.3,0,0.4,0.3,-0.4,7,3,1,0,9,Matches
ee95585f,Abdoulaye Bakayoko,fr FRA,DF,Saint-Étienne,18,2002,3.4,93,136,68.4,1619,718,37,43,86.0,46,59,78.0,7,26,26.9,0,0.0,0.0,0.0,0,6,1,0,7,Matches
2b5a35e5,Dilane Bakwa,fr FRA,"FW,MF",Bordeaux,18,2002,0.5,7,14,50.0,107,23,2,5,40.0,2,4,50.0,1,2,50.0,0,0.0,0.0,0.0,0,0,0,0,0,Matches
a30cb0d4,Ibrahima Baldé,fr FRA,"FW,MF",Lens,18,2003,0.6,7,11,63.6,105,26,3,6,50.0,4,5,80.0,0,0,,0,0.0,0.0,0.0,1,0,0,0,0,Matches
7c3ed041,Leonardo Balerdi,ar ARG,DF,Marseille,22,1999,10.6,753,819,91.9,14191,4930,269,283,95.1,396,418,94.7,80,107,74.8,0,0.0,0.1,0.0,1,32,0,0,41,Matches
7fecbcdb,Abdoulaye Bamba,ci CIV,"DF,FW",Angers,31,1990,5.1,140,183,76.5,2236,914,70,79,88.6,56,74,75.7,8,19,42.1,0,0.1,0.1,-0.1,2,7,2,1,13,Matches
b2bd0f6c,Jonathan Bamba,fr FRA,"MF,FW",Lille,25,1996,27.0,866,1148,75.4,13258,4314,511,587,87.1,235,301,78.1,79,154,51.3,2,3.7,4.8,-1.7,46,76,34,8,116,Matches
be47b750,Simon Banza,fr FRA,FW,Lens,24,1996,1.4,18,31,58.1,296,70,10,16,62.5,5,8,62.5,2,3,66.7,1,0.7,0.6,+0.3,2,1,0,0,1,Matches
0557ff4f,Danilo Barbosa,br BRA,DF,Nice,25,1996,1.0,32,42,76.2,596,204,10,12,83.3,17,19,89.5,4,8,50.0,0,0.0,0.0,0.0,0,1,0,0,4,Matches
a0d55a09,Bradley Barcola,fr FRA,"FW,MF",Lyon,18,2002,2.9,57,81,70.4,759,237,38,49,77.6,13,22,59.1,2,3,66.7,1,0.6,1.0,+0.4,6,3,7,3,9,Matches
1ddbc7ca,Melvin Bard,fr FRA,DF,Nice,20,2000,28.8,1508,1878,80.3,24327,8654,790,882,89.6,560,677,82.7,112,206,54.4,2,3.4,2.4,-1.4,22,111,22,13,134,Matches
80556f08,Toma Bašić,hr CRO,MF,Bordeaux,24,1996,2.3,67,95,70.5,1318,354,27,30,90.0,29,40,72.5,11,23,47.8,1,0.4,0.4,+0.6,5,6,1,1,9,Matches
ced1d98f,Amine Bassi,fr FRA,"MF,FW",Metz,23,1997,2.0,85,117,72.6,1461,496,41,53,77.4,37,44,84.1,6,15,40.0,0,0.4,0.4,-0.4,7,13,0,0,13,Matches
2515040a,Paul Baysse,fr FRA,"MF,DF",Bordeaux,33,1988,0.1,2,4,50.0,47,12,0,1,0.0,1,1,100.0,1,2,50.0,0,0.0,0.0,0.0,0,0,0,0,0,Matches
1a248246,Youcef Belaïli,dz ALG,"MF,FW",Brest,29,1992,9.2,271,390,69.5,5100,1639,123,148,83.1,88,119,73.9,46,85,54.1,2,2.8,2.3,-0.8,18,31,17,2,42,Matches
2b1bed19,Haris Belkebla,dz ALG,MF,Brest,27,1994,25.7,826,986,83.8,14445,4109,381,430,88.6,337,396,85.1,89,117,76.1,0,0.8,1.3,-0.8,15,71,11,4,98,Matches
10f0fdd3,Jean-Ricner Bellegarde,fr FRA,MF,Strasbourg,23,1998,25.9,876,1073,81.6,14498,3130,422,472,89.4,348,404,86.1,78,130,60.0,3,2.7,2.4,+0.3,23,75,18,2,107,Matches
c678ddd7,Jeanöel Belocian,fr FRA,DF,Rennes,16,2005,0.1,8,10,80.0,126,46,3,3,100.0,4,5,80.0,0,1,0.0,0,0.0,0.0,0.0,0,0,0,0,0,Matches
74dc806c,Hatem Ben Arfa,fr FRA,"FW,MF",Lille,34,1987,3.5,132,153,86.3,1922,355,77,80,96.3,40,49,81.6,8,13,61.5,1,0.7,1.1,+0.3,6,5,4,0,14,Matches
1f6298f2,Salim Ben Seghir,fr FRA,MF,Marseille,18,2003,0.0,0,0,,0,0,0,0,,0,0,,0,0,,0,0.0,0.0,0.0,0,0,0,0,0,Matches
942b4f90,Wissam Ben Yedder,fr FRA,FW,Monaco,30,1990,28.1,496,688,72.1,6662,1285,299,370,80.8,146,216,67.6,20,32,62.5,5,5.0,5.0,0.0,32,32,31,0,73,Matches
bef0a7ac,Darío Benedetto,ar ARG,"FW,MF",Marseille,31,1990,0.6,9,12,75.0,153,32,3,4,75.0,5,6,83.3,0,1,0.0,0,0.0,0.0,0.0,1,1,0,0,2,Matches
8a2248b4,Walter Benítez,ar ARG,GK,Nice,28,1993,37.0,777,1036,75.0,20536,15856,213,213,100.0,330,337,97.9,232,481,48.2,0,0.0,0.1,0.0,0,6,1,0,0,Matches
f5b6fb78,Loris Benito,ch SUI,DF,Bordeaux,29,1992,0.7,42,52,80.8,781,289,11,14,78.6,30,33,90.9,1,5,20.0,0,0.0,0.0,0.0,0,1,0,0,5,Matches
3189f61a,Nabil Bentaleb,dz ALG,MF,Angers,26,1994,16.8,755,913,82.7,13017,4028,324,370,87.6,333,387,86.0,66,96,68.8,0,0.1,0.4,-0.1,3,81,5,0,82,Matches
e4114f5d,Patrick Berg,no NOR,MF,Lens,23,1997,3.4,179,218,82.1,2936,633,83,95,87.4,75,92,81.5,12,18,66.7,0,0.0,0.1,0.0,1,13,1,0,15,Matches
0b2c9aec,Mitchell van Bergen,nl NED,"FW,MF",Reims,21,1999,10.9,139,225,61.8,2171,618,77,95,81.1,34,55,61.8,20,47,42.6,0,1.3,1.1,-1.3,18,1,12,5,14,Matches
d5575935,Valon Berisha,xk KVX,"MF,FW",Reims,28,1993,5.1,126,188,67.0,2198,751,62,85,72.9,38,51,74.5,17,35,48.6,1,0.5,0.5,+0.5,8,13,4,2,20,Matches
28dabd43,Paul Bernardoni,fr FRA,GK,Angers,24,1997,13.0,267,340,78.5,7530,4954,27,27,100.0,146,150,97.3,92,160,57.5,0,0.0,0.0,0.0,0,2,0,0,0,Matches
28dabd43,Paul Bernardoni,fr FRA,GK,Saint-Étienne,24,1997,19.0,330,581,56.8,9834,7548,57,58,98.3,147,152,96.7,124,367,33.8,0,0.0,0.0,0.0,0,7,0,0,0,Matches
433dc9a2,Juan Bernat,es ESP,"DF,MF",Paris S-G,28,1993,10.6,628,681,92.2,8076,1920,420,445,94.4,173,185,93.5,10,17,58.8,0,0.7,1.0,-0.7,5,37,5,1,30,Matches
380a15e2,Dimitry Bertaud,fr FRA,GK,Montpellier,23,1998,9.3,223,313,71.2,5837,4461,54,54,100.0,105,105,100.0,64,153,41.8,0,0.0,0.0,0.0,0,0,0,0,0,Matches
03e91055,Jason Berthomier,fr FRA,MF,Clermont Foot,31,1990,19.2,1158,1427,81.1,18350,4969,642,700,91.7,368,436,84.4,104,214,48.6,5,3.9,4.7,+1.1,46,103,20,6,134,Matches
de40e38c,Giulian Biancone,fr FRA,"DF,MF",Troyes,21,2000,25.5,939,1279,73.4,16275,6666,430,522,82.4,394,504,78.2,86,184,46.7,2,1.0,1.3,+1.0,14,68,18,13,87,Matches
47c609d5,El Bilal Touré,ml MLI,FW,Reims,19,2001,13.3,242,330,73.3,3005,497,167,211,79.1,57,79,72.2,5,9,55.6,4,1.7,0.8,+2.3,11,17,6,1,23,Matches
a3e1d20d,Jean-Claude Billong,cm CMR,DF,Clermont Foot,27,1993,10.9,417,490,85.1,8059,2765,131,146,89.7,233,251,92.8,42,70,60.0,0,0.1,0.1,-0.1,1,12,1,1,21,Matches
0f697e02,Nathan Bitu Mazala,fr FRA,DF,Paris S-G,18,2002,0.1,9,10,90.0,124,22,5,6,83.3,4,4,100.0,0,0,,0,0.0,0.0,0.0,0,0,0,0,0,Matches
3d214e5f,Marco Bizot,nl NED,GK,Brest,30,1991,38.0,851,1207,70.5,29158,23011,86,86,100.0,371,376,98.7,393,742,53.0,1,0.1,0.1,+0.9,2,22,0,0,0,Matches
6191093d,Ludovic Blas,fr FRA,"MF,FW",Nantes,23,1997,32.9,833,1056,78.9,16142,3862,354,422,83.9,333,396,84.1,129,172,75.0,5,3.9,2.9,+1.1,41,112,29,9,157,Matches
5b479568,Myron Boadu,nl NED,FW,Monaco,20,2001,10.7,128,167,76.6,1763,280,79,96,82.3,39,48,81.3,4,6,66.7,1,0.6,0.8,+0.4,6,11,1,0,11,Matches
2db2fd7b,Jérôme Boateng,de GER,DF,Lyon,32,1988,18.0,991,1135,87.3,20956,8278,244,263,92.8,606,638,95.0,133,222,59.9,1,1.7,1.2,-0.7,8,80,7,2,85,Matches
7d937aa1,Antonin Bobichon,fr FRA,"MF,FW",Angers,25,1995,0.4,12,17,70.6,178,51,8,9,88.9,4,6,66.7,0,1,0.0,0,0.0,0.0,0.0,0,2,0,0,1,Matches
f6496133,Quentin Boisgard,fr FRA,"MF,FW",Lorient,24,1997,10.6,286,396,72.2,4496,1285,154,189,81.5,87,117,74.4,25,50,50.0,1,1.4,0.8,-0.4,11,28,8,1,31,Matches
bbdd999a,Charles Boli,fr FRA,"MF,DF",Lens,22,1998,0.4,16,20,80.0,254,40,9,10,90.0,6,6,100.0,1,2,50.0,0,0.0,0.0,0.0,0,2,0,0,2,Matches
ccce7025,Sven Botman,nl NED,DF,Lille,21,2000,25.0,1340,1525,87.9,26020,10123,488,531,91.9,662,714,92.7,170,238,71.4,1,0.2,0.5,+0.8,7,58,3,0,79,Matches
0b0cbe5b,Denis Bouanga,ga GAB,"FW,MF",Saint-Étienne,26,1994,27.1,539,795,67.8,8918,2448,299,378,79.1,150,229,65.5,56,112,50.0,6,4.9,4.1,+1.1,33,45,22,8,66,Matches
f9d5908e,Hicham Boudaoui,dz ALG,MF,Nice,21,1999,18.0,499,665,75.0,6827,1477,317,373,85.0,137,176,77.8,18,49,36.7,2,2.7,2.4,-0.7,15,38,15,7,47,Matches
1001ae82,Ryad Boudebouz,dz ALG,"MF,FW",Saint-Étienne,31,1990,25.0,1233,1586,77.7,21760,5825,563,647,87.0,451,562,80.2,156,256,60.9,4,3.6,3.5,+0.4,53,119,21,4,182,Matches
b0c71810,Sofiane Boufal,ma MAR,"FW,MF",Angers,27,1993,25.9,746,1016,73.4,12458,3618,387,461,83.9,241,308,78.2,79,157,50.3,4,6.4,5.2,-2.4,56,65,33,4,125,Matches
a0791826,Farid Boulaya,dz ALG,"MF,FW",Metz,28,1993,17.0,505,760,66.4,9452,3071,223,294,75.9,162,224,72.3,93,171,54.4,2,3.5,3.6,-1.5,32,59,17,2,74,Matches
62e02107,Ismaëlben Boura,fr FRA,DF,Lens,20,2000,1.1,61,72,84.7,1032,340,31,32,96.9,20,24,83.3,7,13,53.8,0,0.0,0.0,0.0,0,1,1,0,3,Matches
20e73fac,Benjamin Bourigeaud,fr FRA,"FW,MF",Rennes,27,1994,35.5,1374,1942,70.8,26382,8525,576,690,83.5,541,695,77.8,223,430,51.9,12,12.3,11.6,-0.3,122,133,82,26,201,Matches
5c7895a0,Redwan Bourles,fr FRA,"MF,FW",Lorient,18,2003,0.2,4,7,57.1,58,20,2,4,50.0,2,2,100.0,0,0,,0,0.0,0.1,0.0,0,0,1,0,1,Matches
8bbe2df5,Domagoj Bradarić,hr CRO,DF,Lille,21,1999,4.6,220,297,74.1,3571,1028,109,126,86.5,92,116,79.3,16,43,37.2,0,0.7,0.8,-0.7,6,19,3,2,15,Matches
02bcaf8e,Bilal Brahimi,dz ALG,MF,Nice,21,2000,4.2,126,181,69.6,2142,465,60,73,82.2,42,63,66.7,15,29,51.7,0,0.9,0.7,-0.9,10,6,8,7,9,Matches
02bcaf8e,Bilal Brahimi,dz ALG,FW,Angers,21,2000,3.8,66,95,69.5,953,255,39,47,83.0,19,28,67.9,5,9,55.6,1,0.9,0.8,+0.1,7,2,5,2,5,Matches
5b146df3,Lilian Brassier,fr FRA,DF,Brest,21,1999,25.1,1012,1273,79.5,21613,8622,296,343,86.3,534,607,88.0,169,287,58.9,0,0.6,0.4,-0.6,8,91,9,1,86,Matches
f83c8d6c,Jimmy Briand,fr FRA,"FW,MF",Bordeaux,35,1985,2.5,64,77,83.1,816,207,43,48,89.6,16,21,76.2,1,1,100.0,1,1.0,0.7,0.0,11,3,4,0,7,Matches
edd81e2a,Dylan Bronn,tn TUN,DF,Metz,26,1995,28.3,955,1185,80.6,18748,7367,338,385,87.8,488,546,89.4,118,218,54.1,2,1.2,1.0,+0.8,4,63,4,1,58,Matches
eab85789,Osman Bukari,gh GHA,"FW,MF",Nantes,22,1998,11.2,220,299,73.6,2723,644,145,172,84.3,58,80,72.5,4,16,25.0,4,2.8,1.7,+1.2,18,10,6,2,20,Matches
7b082ec2,Maxime Busi,be BEL,DF,Reims,21,1999,14.4,548,709,77.3,9362,3622,270,300,90.0,225,276,81.5,46,101,45.5,0,1.1,0.8,-1.1,17,44,14,4,60,Matches
49712367,Oriol Busquets,es ESP,MF,Clermont Foot,22,1999,2.2,110,124,88.7,1860,580,61,68,89.7,30,35,85.7,15,17,88.2,0,0.0,0.0,0.0,0,10,0,0,10,Matches
db87a2c4,Marcin Bułka,pl POL,GK,Nice,21,1999,1.0,21,24,87.5,373,246,7,8,87.5,13,13,100.0,1,3,33.3,0,0.0,0.0,0.0,0,0,0,0,0,Matches
148e136f,Rémy Cabella,fr FRA,"MF,FW",Montpellier,31,1990,3.5,175,211,82.9,2612,872,108,126,85.7,51,58,87.9,10,16,62.5,0,0.6,0.9,-0.6,8,24,8,0,34,Matches
46359159,Jimmy Cabot,fr FRA,DF,Angers,27,1994,22.3,1081,1381,78.3,18917,5045,536,597,89.8,424,524,80.9,107,196,54.6,5,1.7,1.5,+3.3,18,55,23,10,77,Matches
0118c54c,Anthony Caci,fr FRA,DF,Strasbourg,24,1997,26.6,1260,1627,77.4,23631,8890,516,594,86.9,553,675,81.9,164,278,59.0,3,4.0,3.6,-1.0,28,125,31,18,174,Matches
2a657da0,Mathieu Cafaro,fr FRA,"MF,FW",Reims,24,1997,2.1,44,84,52.4,792,312,17,31,54.8,23,29,79.3,3,21,14.3,0,0.1,0.4,-0.1,2,2,5,2,6,Matches
677ee102,Yannick Cahuzac,fr FRA,MF,Lens,36,1985,6.9,214,251,85.3,3284,758,114,127,89.8,87,101,86.1,8,12,66.7,0,0.0,0.2,0.0,1,21,2,0,19,Matches
5ee6e943,Marc-Aurèle Caillard,fr FRA,GK,Metz,27,1994,17.1,269,455,59.1,9691,8167,28,28,100.0,113,117,96.6,127,308,41.2,0,0.0,0.0,0.0,0,7,0,0,0,Matches
928a4a61,Jens Cajuste,se SWE,"MF,FW",Reims,21,1999,4.0,66,96,68.8,1141,304,31,37,83.8,25,40,62.5,7,9,77.8,0,0.0,0.1,0.0,2,4,1,0,13,Matches
94f8d10c,Duje Ćaleta-Car,hr CRO,DF,Marseille,24,1996,22.9,1668,1820,91.6,32452,10224,573,603,95.0,878,913,96.2,195,269,72.5,0,0.6,0.8,-0.6,3,95,6,0,83,Matches
7a72e960,Lucas Calodat,fr FRA,DF,Saint-Étienne,19,2002,0.0,2,2,100.0,27,9,1,1,100.0,1,1,100.0,0,0,,0,0.0,0.0,0.0,0,0,0,0,0,Matches
8577e60a,Mahdi Camara,fr FRA,"MF,DF",Saint-Étienne,23,1998,34.1,1233,1502,82.1,18281,5379,682,781,87.3,426,494,86.2,65,112,58.0,0,1.3,1.3,-1.3,30,114,11,3,132,Matches
316e70c7,Mamadou Camara,fr FRA,FW,Troyes,20,2001,0.4,9,13,69.2,153,6,1,2,50.0,5,7,71.4,1,1,100.0,0,0.0,0.0,0.0,0,0,0,0,0,Matches
7b9c2d84,Eduardo Camavinga,fr FRA,MF,Rennes,18,2002,1.6,67,74,90.5,1373,236,25,30,83.3,27,28,96.4,13,13,100.0,0,0.0,0.0,0.0,1,6,0,0,8,Matches
3cc4bb19,Fali Candé,gw GNB,DF,Metz,23,1998,10.8,348,488,71.3,5944,2533,168,197,85.3,146,190,76.8,34,82,41.5,2,1.5,1.5,+0.5,12,16,4,3,20,Matches
79b2399c,Pierrick Capelle,fr FRA,"MF,DF",Angers,34,1987,13.3,456,563,81.0,7826,2216,206,239,86.2,192,216,88.9,44,66,66.7,1,1.9,0.6,-0.9,14,38,3,1,50,Matches
f81ef10d,Maxence Caqueret,fr FRA,MF,Lyon,21,2000,25.9,1313,1548,84.8,20304,6564,694,779,89.1,473,527,89.8,85,122,69.7,0,1.7,2.4,-1.7,24,172,16,1,154,Matches
5e080f73,Irvin Cardona,fr FRA,"FW,MF",Brest,23,1997,14.8,209,324,64.5,2936,715,129,167,77.2,52,72,72.2,14,45,31.1,2,1.7,1.6,+0.3,15,10,6,2,18,Matches
e3e32fbb,Igor Carioca,br BRA,DF,Lorient,24,1996,17.5,584,777,75.2,9338,3012,283,324,87.3,237,299,79.3,41,79,51.9,0,0.7,0.8,-0.7,10,32,12,7,43,Matches
f54d2149,Moreto Cassamã,gw GNB,MF,Reims,23,1998,8.9,351,434,80.9,6813,1909,138,157,87.9,149,164,90.9,57,83,68.7,0,0.5,0.6,-0.5,8,47,4,0,45,Matches
e0f3a1f6,Jean-Charles Castelletto,cm CMR,DF,Nantes,26,1995,27.9,1036,1208,85.8,19254,7350,369,417,88.5,531,579,91.7,105,167,62.9,0,0.2,0.3,-0.2,6,97,5,1,95,Matches
31a62dc7,Zeki Çelik,tr TUR,DF,Lille,24,1997,30.0,1390,1755,79.2,22094,8085,740,829,89.3,506,623,81.2,102,194,52.6,3,1.8,2.8,+1.2,23,109,34,12,172,Matches
3c6bbbab,Fabien Centonze,fr FRA,DF,Metz,25,1996,17.6,591,769,76.9,8827,3879,350,398,87.9,198,261,75.9,29,69,42.0,1,0.5,0.5,+0.5,11,41,11,5,55,Matches
f5dfc256,Leonardo César Jardim,br BRA,GK,Lille,26,1995,17.0,,,,,,,,,,,,,,,0,,,,,,,,,Matches
2180c761,El Chadaille Bitshiabu,fr FRA,DF,Paris S-G,16,2005,0.1,6,6,100.0,113,29,4,4,100.0,1,1,100.0,1,1,100.0,0,0.0,0.0,0.0,0,0,0,0,1,Matches
5c61496e,Nassim Chadli,fr FRA,"MF,DF",Troyes,20,2001,1.1,26,43,60.5,360,112,17,20,85.0,7,14,50.0,1,4,25.0,0,0.0,0.0,0.0,1,5,0,0,2,Matches
1787195f,Mehdi Chahiri,ma MAR,DF,Strasbourg,25,1996,0.2,2,6,33.3,38,13,1,3,33.3,1,1,100.0,0,1,0.0,0,0.0,0.0,0.0,0,0,0,0,1,Matches
dbde4959,Dylan Chambost,fr FRA,"MF,FW",Troyes,23,1997,8.4,379,492,77.0,6344,1758,178,208,85.6,152,187,81.3,33,63,52.4,1,0.6,0.7,+0.4,9,34,7,2,47,Matches
16aa7d4c,Brendan Chardonnet,fr FRA,DF,Brest,26,1994,29.8,1044,1287,81.1,23958,10114,250,277,90.3,549,600,91.5,232,374,62.0,0,0.4,0.6,-0.4,9,97,3,0,83,Matches
279ddf6a,Xavier Chavalerin,fr FRA,MF,Troyes,30,1991,30.2,785,1049,74.8,12517,4017,427,487,87.7,247,329,75.1,70,135,51.9,2,3.8,3.0,-1.8,25,66,19,5,93,Matches
279ddf6a,Xavier Chavalerin,fr FRA,MF,Reims,30,1991,2.4,76,96,79.2,1297,447,39,42,92.9,27,32,84.4,8,16,50.0,0,0.3,0.3,-0.3,3,4,3,1,12,Matches
b34c63a5,Rayan Cherki,fr FRA,"FW,MF",Lyon,17,2003,4.9,196,262,74.8,2933,766,122,142,85.9,53,66,80.3,15,37,40.5,1,0.7,0.7,+0.3,12,16,6,0,23,Matches
68a26d51,Pedro Chirivella,es ESP,MF,Nantes,24,1997,29.3,1457,1719,84.8,27765,7406,600,651,92.2,575,630,91.3,231,351,65.8,1,1.3,1.4,-0.3,25,213,18,1,216,Matches
7909ffa4,Joris Chotard,fr FRA,MF,Montpellier,19,2001,32.6,1081,1289,83.9,19018,5550,471,536,87.9,444,503,88.3,122,172,70.9,1,0.7,1.2,+0.3,12,71,15,5,91,Matches
741418c3,Alexis Claude-Maurice,fr FRA,MF,Nice,23,1998,2.3,88,103,85.4,1262,269,56,63,88.9,23,26,88.5,6,7,85.7,2,1.2,0.7,+0.8,8,4,3,1,7,Matches
5219ab4a,Jonathan Clauss,fr FRA,DF,Lens,28,1992,33.8,1243,1883,66.0,22171,9437,594,723,82.2,450,639,70.4,162,399,40.6,11,7.0,7.6,+4.0,74,82,60,23,140,Matches
3010aefb,Marcus Coco,fr FRA,"MF,FW",Nantes,25,1996,10.3,224,325,68.9,3260,1250,123,154,79.9,73,111,65.8,15,33,45.5,1,1.5,0.6,-0.5,7,19,5,2,22,Matches
cfa49cc1,Abdu Conté,pt POR,DF,Troyes,23,1998,15.0,447,614,72.8,6811,2488,244,302,80.8,159,211,75.4,27,57,47.4,1,2.1,2.0,-1.1,9,30,9,5,37,Matches
0e7ccfc4,Sébastien Corchia,fr FRA,DF,Nantes,30,1990,14.7,367,548,67.0,6314,3079,170,199,85.4,161,230,70.0,30,79,38.0,3,0.6,1.0,+2.4,11,40,10,8,57,Matches
beb391dd,Maxwel Cornet,ci CIV,DF,Lyon,24,1996,0.7,33,40,82.5,497,139,17,18,94.4,13,15,86.7,2,5,40.0,0,0.0,0.1,0.0,1,1,1,1,0,Matches
59948ef7,David Pereira da Costa,pt POR,"MF,FW",Lens,20,2001,16.3,646,798,81.0,9138,2325,373,422,88.4,205,243,84.4,28,60,46.7,5,3.5,3.0,+1.5,41,61,20,2,96,Matches
2434f24a,Benoît Costil,fr FRA,GK,Bordeaux,34,1987,25.0,632,905,69.8,19839,14847,79,79,100.0,259,264,98.1,290,556,52.2,0,0.0,0.0,0.0,1,8,1,0,2,Matches
9980269a,Kalifa Coulibaly,ml MLI,FW,Nantes,29,1991,9.4,111,191,58.1,1267,281,66,102,64.7,23,50,46.0,3,4,75.0,0,1.3,0.4,-1.3,9,4,5,0,13,Matches
8f325097,Nicolas Cozza,fr FRA,DF,Montpellier,22,1999,30.8,1115,1377,81.0,20482,7047,409,475,86.1,573,658,87.1,109,187,58.3,2,0.6,1.5,+1.4,11,47,9,3,78,Matches
06f33dc8,Enzo Crivelli,fr FRA,"FW,MF",Saint-Étienne,26,1995,1.1,13,21,61.9,162,35,7,9,77.8,4,7,57.1,0,0,,0,0.0,0.0,0.0,0,1,0,0,2,Matches
3e092724,Wylan Cyprien,fr FRA,MF,Nantes,26,1995,16.6,750,933,80.4,13716,4030,317,354,89.5,296,352,84.1,104,165,63.0,3,2.9,2.5,+0.1,31,82,16,1,96,Matches
007faf7a,Lucas Da Cunha,fr FRA,MF,Nice,20,2001,4.4,114,162,70.4,1777,527,64,74,86.5,31,46,67.4,13,26,50.0,1,1.3,1.3,-0.3,13,9,5,3,11,Matches
007faf7a,Lucas Da Cunha,fr FRA,"FW,MF",Clermont Foot,20,2001,9.3,267,330,80.9,4200,1132,142,166,85.5,76,92,82.6,27,42,64.3,0,0.8,1.4,-0.8,13,26,7,3,30,Matches
1ec7e1c5,Damien Da Silva,fr FRA,DF,Lyon,33,1988,12.5,786,896,87.7,15979,5409,228,249,91.6,457,488,93.6,97,142,68.3,0,0.5,0.5,-0.5,2,46,6,0,59,Matches
29c02c9f,Colin Dagba,fr FRA,DF,Paris S-G,22,1998,1.8,125,139,89.9,1582,308,86,91,94.5,32,38,84.2,1,1,100.0,0,0.1,0.2,-0.1,2,7,3,2,6,Matches
7ef972c3,Flavius Daniliuc,at AUT,DF,Nice,20,2001,14.4,771,877,87.9,13635,4959,302,335,90.1,401,441,90.9,56,77,72.7,0,0.1,0.2,-0.1,3,38,3,2,63,Matches
6e33125f,Kevin Danso,at AUT,DF,Lens,22,1998,31.0,1615,1875,86.1,31405,12726,528,598,88.3,908,989,91.8,163,252,64.7,2,0.5,0.3,+1.5,10,58,2,0,91,Matches
fd2bc67d,Dante,br BRA,DF,Nice,37,1983,31.9,2175,2406,90.4,42091,16106,742,784,94.6,1198,1259,95.2,218,327,66.7,0,1.0,2.4,-1.0,6,114,7,1,131,Matches
ce50fd99,Jonathan David,ca CAN,FW,Lille,21,2000,31.2,504,658,76.6,6632,1465,300,354,84.7,141,179,78.8,19,30,63.3,0,3.5,2.4,-3.5,34,43,21,2,67,Matches
4b77bb89,Konrad De La Fuente,us USA,"FW,MF",Marseille,20,2001,8.7,180,230,78.3,2549,474,117,132,88.6,49,62,79.0,6,15,40.0,2,1.4,1.3,+0.6,10,7,10,2,16,Matches
0be95d34,Romain Del Castillo,fr FRA,"MF,FW",Rennes,25,1996,0.3,12,16,75.0,241,116,4,5,80.0,5,5,100.0,2,3,66.7,0,0.1,0.3,-0.1,1,0,2,0,5,Matches
0be95d34,Romain Del Castillo,fr FRA,"MF,FW",Brest,25,1996,10.8,312,434,71.9,4633,1377,186,219,84.9,92,129,71.3,24,54,44.4,6,1.3,1.8,+4.7,15,30,11,4,45,Matches
8332db56,Thomas Delaine,fr FRA,DF,Metz,29,1992,25.7,849,1156,73.4,13290,5302,457,523,87.4,325,429,75.8,54,147,36.7,2,2.1,2.3,-0.1,28,62,24,14,73,Matches
e4448c8c,Sacha Delaye,fr FRA,"MF,FW",Montpellier,19,2002,2.9,62,85,72.9,962,310,31,42,73.8,13,16,81.3,9,16,56.3,1,1.1,0.8,-0.1,3,5,4,0,8,Matches
d33c706e,Andy Delort,dz ALG,FW,Nice,29,1991,27.2,402,694,57.9,5681,1242,240,360,66.7,101,186,54.3,29,65,44.6,2,3.9,3.7,-1.9,31,33,23,9,54,Matches
d33c706e,Andy Delort,dz ALG,FW,Montpellier,29,1991,3.0,54,96,56.3,755,201,28,39,71.8,10,24,41.7,7,11,63.6,1,0.8,0.7,+0.2,9,3,6,4,7,Matches
e7986081,Moussa Dembélé,fr FRA,FW,Lyon,25,1996,24.5,291,442,65.8,3387,482,175,232,75.4,68,104,65.4,5,18,27.8,4,4.0,2.5,0.0,27,13,8,0,23,Matches
47af88b8,Jason Denayer,be BEL,DF,Lyon,26,1995,11.1,690,738,93.5,13534,4733,206,217,94.9,411,423,97.2,65,85,76.5,0,0.0,0.1,0.0,1,22,0,0,26,Matches
e8c5dd4d,Arthur Desmas,fr FRA,GK,Clermont Foot,27,1994,14.5,299,414,72.2,6524,4557,109,109,100.0,122,128,95.3,63,172,36.6,0,0.0,0.0,0.0,0,5,0,0,1,Matches
19cda00b,Ángel Di María,ar ARG,FW,Paris S-G,33,1988,18.3,881,1182,74.5,14089,3752,473,548,86.3,277,365,75.9,84,157,53.5,7,7.0,7.7,0.0,54,69,43,14,112,Matches
5630a6e0,Yadaly Diaby,fr FRA,"FW,MF",Clermont Foot,20,2000,0.7,12,18,66.7,132,18,9,13,69.2,3,4,75.0,0,0,,0,0.0,0.0,0.0,0,1,0,0,1,Matches
d8c19a60,Ibrahim Diakité,gn GUI,MF,Reims,17,2003,0.0,1,2,50.0,22,23,0,1,0.0,1,1,100.0,0,0,,0,0.0,0.0,0.0,0,0,0,0,0,Matches
fc62f087,Abdou Diallo,sn SEN,DF,Paris S-G,25,1996,9.7,623,704,88.5,10061,3871,302,320,94.4,263,290,90.7,42,63,66.7,1,0.7,1.1,+0.3,4,41,6,4,47,Matches
6605d143,Habib Diallo,sn SEN,FW,Strasbourg,26,1995,17.1,249,360,69.2,3226,559,160,205,78.0,56,83,67.5,11,15,73.3,1,2.8,1.2,-1.8,14,13,6,1,27,Matches
6d0fe035,Mouhamadou Diarra,sn SEN,MF,Strasbourg,17,2004,1.2,52,61,85.2,1040,176,21,26,80.8,22,25,88.0,9,9,100.0,0,0.0,0.0,0.0,0,6,0,0,5,Matches
29939a1d,Stéphane Diarra,fr FRA,"MF,FW",Lorient,22,1998,5.8,148,204,72.5,2164,471,84,105,80.0,47,56,83.9,9,19,47.4,0,1.4,1.3,-1.4,12,10,6,1,16,Matches
8104e41e,Krépin Diatta,sn SEN,"MF,DF",Monaco,22,1999,3.2,79,106,74.5,1061,310,51,65,78.5,21,24,87.5,4,4,100.0,0,0.2,0.4,-0.2,3,6,4,1,14,Matches
40774c6b,Bamba Dieng,sn SEN,FW,Marseille,21,2000,10.8,144,193,74.6,1799,302,84,105,80.0,39,47,83.0,2,4,50.0,1,1.9,1.4,-0.9,8,6,7,1,15,Matches
6a04bb7c,Elhadji Dieye,sn SEN,"FW,MF",Saint-Étienne,19,2002,0.4,3,9,33.3,42,19,2,7,28.6,1,1,100.0,0,1,0.0,0,0.0,0.0,0.0,0,0,0,0,0,Matches
34a0f5ff,Javairô Dilrosun,nl NED,"MF,FW",Bordeaux,23,1998,19.2,445,602,73.9,7039,2176,231,276,83.7,139,186,74.7,46,80,57.5,6,3.2,2.9,+2.8,31,43,18,4,76,Matches
95bb6ddc,Junior Dina Ebimbe,fr FRA,MF,Paris S-G,20,2000,3.5,192,215,89.3,3250,740,92,102,90.2,76,80,95.0,17,20,85.0,0,0.1,0.1,-0.1,1,21,1,0,21,Matches
92b56413,Tristan Dingomé,cm CMR,"MF,FW",Troyes,30,1991,12.0,413,552,74.8,6577,2162,208,247,84.2,137,180,76.1,39,71,54.9,4,2.4,2.0,+1.6,24,39,14,5,61,Matches
6de23ab0,Sinaly Diomande,ci CIV,DF,Lyon,20,2001,6.4,436,477,91.4,9306,3418,105,116,90.5,271,286,94.8,59,74,79.7,0,0.0,0.1,0.0,1,12,0,0,29,Matches
19053e31,Sofiane Diop,fr FRA,"MF,FW",Monaco,21,2000,21.6,708,977,72.5,11934,3228,355,452,78.5,233,294,79.3,84,151,55.6,4,3.6,3.9,+0.4,38,68,37,5,130,Matches
9b5237b1,Andy Diouf,fr FRA,MF,Rennes,18,2003,0.2,7,10,70.0,115,8,4,6,66.7,3,4,75.0,0,0,,0,0.3,0.3,-0.3,1,0,0,0,0,Matches
7f622eef,Assane Dioussé,sn SEN,MF,Saint-Étienne,23,1997,0.3,33,35,94.3,599,139,15,15,100.0,12,12,100.0,4,6,66.7,0,0.0,0.0,0.0,0,4,0,0,2,Matches
ad82197c,Axel Disasi,fr FRA,DF,Monaco,23,1998,30.2,1542,1773,87.0,31409,12168,433,480,90.2,910,977,93.1,185,283,65.4,0,1.0,1.1,-1.0,7,113,5,1,120,Matches
b2336681,Tiago Djaló,pt POR,DF,Lille,21,2000,25.9,1312,1519,86.4,22396,7986,594,643,92.4,574,653,87.9,108,145,74.5,1,0.4,0.6,+0.6,6,65,5,2,84,Matches
43e7a164,Alexander Djiku,gh GHA,DF,Strasbourg,26,1994,29.9,1357,1650,82.2,28085,11345,427,492,86.8,681,771,88.3,229,339,67.6,0,0.6,1.7,-0.6,9,149,18,5,156,Matches
75186a6a,Bryan Djile Nokoué,cm CMR,"DF,MF",Saint-Étienne,19,2002,0.6,21,29,72.4,367,61,10,11,90.9,8,11,72.7,2,5,40.0,0,0.0,0.0,0.0,0,1,0,0,1,Matches
62124972,Ouparine Djoco,sn SEN,GK,Clermont Foot,23,1998,23.5,498,738,67.5,13010,9504,113,113,100.0,216,225,96.0,148,378,39.2,0,0.0,0.0,0.0,0,3,0,0,0,Matches
fffea3e5,Jeremy Doku,be BEL,"FW,MF",Rennes,19,2002,5.2,115,156,73.7,1729,450,59,78,75.6,44,56,78.6,6,10,60.0,2,1.7,1.0,+0.3,9,9,11,0,30,Matches
cc83b74d,Kasper Dolberg,dk DEN,FW,Nice,23,1997,16.6,172,243,70.8,2142,405,112,146,76.7,35,54,64.8,7,9,77.8,2,1.2,0.8,+0.8,15,7,9,3,16,Matches
2a00c6c0,Brandon Domingues,fr FRA,"MF,FW",Troyes,21,2000,2.6,59,87,67.8,882,245,35,43,81.4,19,29,65.5,3,6,50.0,0,0.2,0.3,-0.2,5,0,2,1,6,Matches
0f26fd24,Anastasios Donis,gr GRE,"FW,MF",Reims,24,1996,4.1,51,93,54.8,757,170,29,41,70.7,15,28,53.6,4,13,30.8,0,0.3,0.2,-0.3,5,4,4,2,4,Matches
08f5afaa,Gianluigi Donnarumma,it ITA,GK,Paris S-G,22,1999,17.0,424,469,90.4,8442,5460,152,154,98.7,200,206,97.1,70,106,66.0,0,0.0,0.0,0.0,0,1,0,0,0,Matches
a1dbfcb1,Jodel Dossou,bj BEN,FW,Clermont Foot,29,1992,22.3,401,576,69.6,5416,1594,252,301,83.7,101,158,63.9,19,34,55.9,1,2.2,2.8,-1.2,22,45,25,10,75,Matches
dff0c299,Lohann Doucet,fr FRA,"MF,DF",Nantes,18,2002,0.1,7,10,70.0,183,39,1,3,33.3,3,4,75.0,2,2,100.0,0,0.0,0.0,0.0,0,1,0,0,2,Matches
ce4f40c7,Cheick Doucouré,ml MLI,MF,Lens,21,2000,32.7,1656,1904,87.0,27773,8109,750,832,90.1,719,803,89.5,127,162,78.4,4,3.6,2.9,+0.4,41,212,23,0,266,Matches
1bfe34dc,Fodé Doucouré,ml MLI,"DF,FW",Reims,20,2001,1.7,55,79,69.6,950,421,20,28,71.4,26,30,86.7,4,12,33.3,0,0.0,0.0,0.0,1,2,1,1,2,Matches
0512a60a,Ismaël Doukouré,fr FRA,DF,Strasbourg,18,2003,0.2,1,3,33.3,19,0,0,1,0.0,1,1,100.0,0,1,0.0,0,0.0,0.0,0.0,0,0,0,0,0,Matches
9226aa22,Kamory Doumbia,ml MLI,"MF,FW",Reims,18,2003,3.9,131,166,78.9,2264,689,68,76,89.5,45,56,80.4,14,22,63.6,1,0.4,0.4,+0.6,6,19,2,1,23,Matches
6481421d,Moussa Doumbia,ml MLI,FW,Reims,26,1994,1.0,28,35,80.0,401,105,17,18,94.4,9,12,75.0,1,2,50.0,0,0.0,0.1,0.0,0,1,3,0,4,Matches
9daeac61,Souleyman Doumbia,ci CIV,"DF,FW",Angers,24,1996,24.7,886,1083,81.8,13708,3696,468,517,90.5,361,420,86.0,38,82,46.3,1,2.1,2.3,-1.1,14,43,18,13,54,Matches
1a992676,Julian Draxler,de GER,"FW,MF",Paris S-G,27,1993,6.1,275,306,89.9,4059,769,157,168,93.5,91,98,92.9,15,20,75.0,1,2.3,0.8,-1.3,9,22,7,1,33,Matches
fbf83734,Matthieu Dreyer,fr FRA,GK,Lorient,32,1989,16.0,267,416,64.2,8418,6209,25,26,96.2,130,131,99.2,112,257,43.6,0,0.0,0.0,0.0,0,1,0,0,0,Matches
ff0ab48c,Leo Dubois,fr FRA,DF,Lyon,26,1994,19.4,1125,1366,82.4,19088,5768,546,595,91.8,455,533,85.4,102,183,55.7,0,1.0,1.9,-1.0,17,86,25,8,108,Matches
0cbc8baa,Jean-Kevin Duverne,fr FRA,DF,Brest,24,1997,33.4,1326,1782,74.4,24090,10768,624,743,84.0,504,661,76.2,171,306,55.9,3,2.2,1.9,+0.8,25,151,27,17,169,Matches
9ba7b4fa,Enzo Ebosse,cm CMR,DF,Angers,22,1999,21.0,911,1086,83.9,16592,5963,359,407,88.2,439,491,89.4,96,149,64.4,0,0.6,0.5,-0.6,9,45,5,3,55,Matches
5b92d896,Hugo Ekitike,fr FRA,FW,Reims,19,2002,14.1,277,393,70.5,3455,416,187,244,76.6,63,86,73.3,8,16,50.0,3,1.5,1.0,+1.5,16,6,9,1,18,Matches
104b4ad3,Alberth Elis,hn HON,"FW,MF",Bordeaux,25,1996,15.7,185,309,59.9,2474,795,115,162,71.0,47,75,62.7,10,20,50.0,1,1.3,1.3,-0.3,15,16,7,3,27,Matches
0d7b6576,Sepe Elye Wahi,fr FRA,FW,Montpellier,18,2003,19.8,158,245,64.5,1915,415,96,132,72.7,36,57,63.2,4,13,30.8,1,0.9,0.6,+0.1,13,9,5,1,12,Matches
5c9ac7f0,Renaud Emond,be BEL,"FW,MF",Nantes,29,1991,2.1,20,32,62.5,279,76,10,15,66.7,7,12,58.3,1,2,50.0,0,0.0,0.0,0.0,0,1,0,0,1,Matches
1a066e69,Maxime Estève,fr FRA,DF,Montpellier,19,2002,20.6,688,814,84.5,13062,3570,216,254,85.0,409,448,91.3,55,91,60.4,0,0.2,0.3,-0.2,2,26,2,0,29,Matches
bc7b4580,Fábio,br BRA,DF,Nantes,31,1990,18.5,618,853,72.5,10139,4205,300,364,82.4,253,337,75.1,47,107,43.9,2,1.0,0.9,+1.0,10,40,10,5,64,Matches
33508c78,Cesc Fàbregas,es ESP,MF,Monaco,34,1987,0.4,42,54,77.8,833,317,12,15,80.0,23,26,88.5,6,10,60.0,0,0.2,0.4,-0.2,2,9,3,1,12,Matches
9c221d14,Wout Faes,be BEL,DF,Reims,23,1998,37.0,1254,1472,85.2,25891,10091,351,391,89.8,728,775,93.9,164,262,62.6,0,0.2,0.7,-0.2,3,64,2,0,83,Matches
745ca0a3,Romain Faivre,fr FRA,"FW,MF",Lyon,23,1998,9.9,492,597,82.4,7686,2472,274,311,88.1,162,185,87.6,38,66,57.6,0,2.3,2.5,-2.3,27,58,17,2,84,Matches
745ca0a3,Romain Faivre,fr FRA,MF,Brest,23,1998,19.9,656,862,76.1,10545,3564,333,395,84.3,218,272,80.1,69,126,54.8,5,2.8,3.5,+2.2,38,68,26,5,118,Matches
2c127b6f,Wuilker Faríñez,ve VEN,GK,Lens,23,1998,12.3,236,304,77.6,5282,3844,76,77,98.7,110,114,96.5,45,107,42.1,0,0.0,0.0,0.0,0,2,0,0,0,Matches
2693f6bc,Noah Fatar,fr FRA,"DF,MF",Angers,19,2002,0.1,5,8,62.5,85,18,2,4,50.0,3,4,75.0,0,0,,0,0.0,0.0,0.0,0,1,0,0,1,Matches
767212e6,Julien Faussurier,fr FRA,"MF,DF",Brest,34,1987,5.4,197,275,71.6,3563,1269,104,123,84.6,60,85,70.6,29,50,58.0,1,0.8,1.2,+0.2,13,11,12,9,22,Matches
375622c5,Jordan Ferri,fr FRA,MF,Montpellier,29,1992,32.3,2136,2558,83.5,39888,14656,870,960,90.6,886,1002,88.4,305,457,66.7,2,3.4,3.0,-1.4,30,221,27,7,290,Matches
50ac8941,Karol Fila,pl POL,DF,Strasbourg,23,1998,6.2,294,377,78.0,4658,1891,156,171,91.2,123,159,77.4,12,31,38.7,0,0.5,0.8,-0.5,2,19,10,3,39,Matches
caef7840,Alexis Flips,fr FRA,"MF,DF",Reims,21,2000,11.7,310,508,61.0,5434,2092,141,167,84.4,124,188,66.0,33,105,31.4,4,3.0,3.1,+1.0,29,19,18,10,29,Matches
4c4ffacc,Mamadou Fofana,ml MLI,DF,Metz,23,1998,0.4,3,5,60.0,70,50,1,1,100.0,1,1,100.0,1,3,33.3,0,0.0,0.0,0.0,0,0,0,0,0,Matches
5313ed43,Seko Fofana,ci CIV,MF,Lens,26,1995,37.3,1574,1786,88.1,23818,4758,870,945,92.1,542,607,89.3,97,131,74.0,1,3.1,2.7,-2.1,40,99,39,6,178,Matches
822d51d7,Youssouf Fofana,fr FRA,MF,Monaco,22,1999,24.3,895,1187,75.4,15117,4697,424,517,82.0,369,439,84.1,76,162,46.9,4,2.6,2.3,+1.4,20,142,23,2,146,Matches
90eb507d,Thomas Foket,be BEL,"DF,FW",Reims,26,1994,24.8,834,1076,77.5,13826,4823,434,479,90.6,300,390,76.9,80,145,55.2,0,1.6,2.0,-1.6,19,42,24,13,72,Matches
9f90c06b,Thomas Fontaine,mg MAD,DF,Lorient,30,1991,1.9,49,57,86.0,1002,408,18,18,100.0,21,25,84.0,8,9,88.9,0,0.0,0.0,0.0,0,4,1,0,4,Matches
90f87966,José Fonte,pt POR,DF,Lille,37,1983,38.0,1821,2097,86.8,37156,12895,576,646,89.2,946,1013,93.4,266,369,72.1,2,1.1,0.7,+0.9,10,118,5,2,117,Matches
574aa9ec,Steven Fortes,cv CPV,DF,Lens,29,1992,1.0,27,28,96.4,602,188,8,8,100.0,11,11,100.0,8,9,88.9,0,0.0,0.0,0.0,0,0,0,0,2,Matches
00a8d210,Przemysław Frankowski,pl POL,DF,Lens,26,1995,27.2,1156,1449,79.8,17885,4839,604,677,89.2,435,534,81.5,70,116,60.3,5,3.7,3.5,+1.3,37,60,33,10,89,Matches
deba6b05,Fransérgio,br BRA,MF,Bordeaux,30,1990,14.0,379,533,71.1,7089,1936,157,208,75.5,146,185,78.9,59,96,61.5,1,0.4,0.2,+0.6,8,46,2,0,46,Matches
4b96c347,Angelo Fulgini,fr FRA,"MF,FW",Angers,24,1996,32.5,1108,1376,80.5,16460,4014,574,638,90.0,382,468,81.6,72,134,53.7,4,4.0,3.1,0.0,48,91,26,8,147,Matches
db3164e1,Gauthier Gallon,fr FRA,GK,Troyes,28,1993,31.0,755,1062,71.1,21393,15894,155,157,98.7,314,321,97.8,277,573,48.3,0,0.0,0.0,0.0,0,13,0,0,0,Matches
42276181,Kévin Gameiro,fr FRA,FW,Strasbourg,34,1987,26.5,628,802,78.3,7763,1157,403,468,86.1,154,192,80.2,20,35,57.1,3,3.0,3.4,0.0,28,20,23,1,62,Matches
72c812f3,Idrissa Gana Gueye,sn SEN,MF,Paris S-G,31,1989,18.2,1298,1394,93.1,19520,5530,697,734,95.0,469,494,94.9,68,76,89.5,1,1.7,1.3,-0.7,15,138,7,0,132,Matches
23c63b7f,Ignatius Ganago,cm CMR,FW,Lens,22,1999,11.4,142,196,72.4,1845,236,78,100,78.0,43,57,75.4,5,9,55.6,1,1.1,0.5,-0.1,11,8,4,0,14,Matches
bbdb2789,Djeidi Gassama,fr FRA,FW,Paris S-G,17,2003,0.0,2,2,100.0,23,0,2,2,100.0,0,0,,0,0,,0,0.0,0.0,0.0,0,0,0,0,0,Matches
868eaba0,Johan Gastien,fr FRA,MF,Clermont Foot,33,1988,30.5,2160,2635,82.0,44870,16624,780,895,87.2,919,1032,89.1,413,598,69.1,1,1.8,2.6,-0.8,25,233,22,5,227,Matches
ea0ff634,Valère Germain,fr FRA,FW,Montpellier,31,1990,21.9,369,490,75.3,4430,790,230,286,80.4,79,103,76.7,12,22,54.5,3,2.9,2.2,+0.1,19,18,14,4,36,Matches
8827bf46,Gerson,br BRA,"MF,FW",Marseille,24,1997,28.3,1184,1326,89.3,17408,2930,663,708,93.6,389,428,90.9,70,90,77.8,4,3.1,2.5,+0.9,30,72,25,3,94,Matches
9836e892,Willem Geubbels,fr FRA,"FW,MF",Nantes,19,2001,6.0,95,137,69.3,1358,241,54,69,78.3,31,40,77.5,4,12,33.3,1,1.2,0.9,-0.2,3,3,1,0,5,Matches
5b3cfa12,Ismaël Gharbi,es ESP,FW,Paris S-G,17,2004,0.0,4,4,100.0,73,15,2,2,100.0,1,1,100.0,1,1,100.0,0,0.0,0.0,0.0,0,1,1,0,1,Matches
ce84946a,Lamine Ghezali,fr FRA,DF,Saint-Étienne,22,1999,0.0,4,6,66.7,57,23,3,3,100.0,1,1,100.0,0,2,0.0,0,0.0,0.0,0.0,1,0,0,0,0,Matches
79ab7593,Nicholas Gioacchini,us USA,"FW,MF",Montpellier,21,2000,5.5,93,146,63.7,1201,309,64,85,75.3,21,37,56.8,4,7,57.1,2,0.8,0.4,+1.2,6,3,7,2,9,Matches
6ba71da5,Jimmy Giraudon,fr FRA,DF,Troyes,29,1992,18.0,755,882,85.6,14082,6928,294,317,92.7,363,398,91.2,85,147,57.8,0,0.3,0.1,-0.3,3,28,2,0,34,Matches
3befc2b6,Andrei Girotto,br BRA,"DF,MF",Nantes,29,1992,35.0,1356,1676,80.9,25515,8979,532,612,86.9,635,740,85.8,155,257,60.3,1,1.2,0.6,-0.2,9,94,3,1,108,Matches
3708e9fa,Aleksandr Golovin,ru RUS,"FW,MF",Monaco,25,1996,16.7,548,759,72.2,8761,2569,275,322,85.4,195,244,79.9,50,124,40.3,4,3.1,3.5,+0.9,44,44,36,8,87,Matches
645a3363,Angel Gomes,eng ENG,"MF,FW",Lille,20,2000,10.6,306,400,76.5,5124,1281,155,182,85.2,103,126,81.7,31,53,58.5,1,1.1,1.0,-0.1,14,25,17,1,43,Matches
cecbce23,Alfred Gomis,sn SEN,GK,Rennes,27,1993,25.0,594,778,76.3,16899,12376,101,102,99.0,296,299,99.0,196,376,52.1,0,0.0,0.0,0.0,0,4,0,0,0,Matches
743fd71f,Vagner Gonçalves,cv CPV,FW,Metz,25,1996,1.0,24,41,58.5,333,117,16,18,88.9,5,10,50.0,2,7,28.6,0,0.1,0.1,-0.1,2,1,1,0,2,Matches
42dcf26d,Álvaro González,es ESP,DF,Marseille,31,1990,5.0,356,373,95.4,6701,2099,140,143,97.9,178,184,96.7,38,44,86.4,0,0.0,0.0,0.0,0,8,0,0,12,Matches
aad56ca3,Amine Gouiri,fr FRA,"FW,MF",Nice,21,2000,30.6,786,1044,75.3,11948,2753,449,525,85.5,232,290,80.0,69,127,54.3,9,5.9,6.1,+3.1,49,56,33,8,104,Matches
3cd7820a,Lucas Gourna-Douath,fr FRA,MF,Saint-Étienne,17,2003,20.0,751,852,88.1,12807,2930,345,389,88.7,303,328,92.4,72,90,80.0,0,0.2,0.4,-0.2,9,74,2,1,69,Matches
06c48679,Jonathan Gradit,fr FRA,DF,Lens,28,1992,34.1,1840,2072,88.8,33549,11497,746,802,93.0,901,977,92.2,166,235,70.6,0,1.8,1.1,-1.8,15,207,13,3,210,Matches
49136c42,Andrew Gravillon,gp GLP,DF,Reims,23,1998,23.7,718,950,75.6,14232,6063,269,321,83.8,341,417,81.8,98,179,54.7,0,0.6,0.9,-0.6,10,66,8,6,64,Matches
4a987ffa,Adrian Grbić,at AUT,"FW,MF",Lorient,24,1996,5.8,68,109,62.4,699,120,51,76,67.1,8,13,61.5,0,1,0.0,0,0.4,0.3,-0.4,4,3,0,0,3,Matches
3f034750,Ivo Grbić,hr CRO,GK,Lille,25,1996,21.0,397,585,67.9,11507,9011,96,96,100.0,156,158,98.7,143,329,43.5,0,0.0,0.0,0.0,0,5,0,0,0,Matches
667b65da,Etienne Green,eng ENG,GK,Saint-Étienne,21,2000,13.3,287,402,71.4,8355,6213,57,57,100.0,123,123,100.0,106,219,48.4,0,0.0,0.0,0.0,1,3,0,0,0,Matches
d5d22a58,Gabriel Gudmundsson,se SWE,"DF,MF",Lille,22,1999,14.9,512,719,71.2,8113,2483,270,308,87.7,194,255,76.1,37,94,39.4,0,1.0,0.8,-1.0,11,36,6,4,51,Matches
94b442c0,Noah Guede-Nadje,fr FRA,MF,Angers,17,2003,0.0,0,0,,0,0,0,0,,0,0,,0,0,,0,0.0,0.0,0.0,0,0,0,0,0,Matches
5ea8ef20,Mattéo Guendouzi,fr FRA,MF,Marseille,22,1999,35.0,1882,2178,86.4,31940,8136,893,966,92.4,750,836,89.7,177,227,78.0,6,3.6,3.5,+2.4,35,214,53,4,286,Matches
642f9f79,Yanis Guermouche,fr FRA,"MF,FW",Montpellier,20,2001,0.1,4,4,100.0,51,30,3,3,100.0,1,1,100.0,0,0,,0,0.0,0.0,0.0,0,1,1,0,1,Matches
b73f17f8,Evann Guessand,fr FRA,FW,Nice,20,2001,4.9,51,76,67.1,700,190,28,42,66.7,12,14,85.7,4,6,66.7,2,1.2,0.7,+0.8,5,5,0,0,7,Matches
9d5dcc23,Lamine Gueye,sn SEN,"FW,MF",Metz,23,1998,6.2,140,210,66.7,2040,498,82,95,86.3,36,52,69.2,13,33,39.4,3,1.2,1.0,+1.8,15,6,6,6,5,Matches
7155e3e1,Pape Gueye,sn SEN,MF,Marseille,22,1999,17.0,854,971,88.0,14719,3230,428,464,92.2,319,348,91.7,88,119,73.9,1,0.6,0.5,+0.4,9,93,7,0,88,Matches
e6c43eec,Josuha Guilavogui,fr FRA,"MF,DF",Bordeaux,30,1990,14.8,676,827,81.7,13135,5141,261,298,87.6,301,352,85.5,100,147,68.0,1,0.8,0.8,+0.2,13,80,8,2,76,Matches
5d8d7454,Frederic Guilbert,fr FRA,DF,Strasbourg,26,1994,28.0,1014,1498,67.7,18470,7103,468,538,87.0,376,537,70.0,140,334,41.9,4,3.8,5.1,+0.2,47,74,40,22,110,Matches
82518f62,Bruno Guimarães,br BRA,MF,Lyon,23,1997,18.2,1179,1367,86.2,20887,5756,530,576,92.0,476,536,88.8,135,187,72.2,3,3.7,4.3,-0.7,36,171,30,2,165,Matches
923f4dda,Sehrou Guirassy,gn GUI,FW,Rennes,25,1996,11.3,235,294,79.9,3270,427,149,174,85.6,51,68,75.0,19,22,86.4,0,0.4,0.6,-0.4,5,10,5,0,23,Matches
d56b9520,Malo Gusto,fr FRA,DF,Lyon,18,2003,20.9,1290,1503,85.8,19876,5460,685,760,90.1,508,567,89.6,60,105,57.1,4,4.2,4.8,-0.2,25,65,24,15,87,Matches
5167c97e,Massadio Haïdara,ml MLI,DF,Lens,28,1992,12.0,539,646,83.4,8138,2649,274,311,88.1,215,250,86.0,24,41,58.5,1,0.1,0.2,+0.9,3,28,4,1,40,Matches
9f29c204,Oualid El Hajjam,ma MAR,DF,Troyes,30,1991,11.9,461,596,77.3,7531,2878,242,268,90.3,174,215,80.9,38,80,47.5,1,0.8,1.0,+0.2,5,22,6,5,22,Matches
e42d61c7,Achraf Hakimi,ma MAR,DF,Paris S-G,22,1998,27.5,1626,1830,88.9,22142,5722,991,1064,93.1,505,564,89.5,45,59,76.3,6,4.1,5.0,+1.9,31,61,34,7,99,Matches
a99da9ec,Pierre-Yves Hamel,fr FRA,"FW,MF",Lorient,27,1994,0.3,4,7,57.1,50,12,3,4,75.0,1,2,50.0,0,1,0.0,0,0.0,0.0,0.0,1,0,0,0,0,Matches
a99da9ec,Pierre-Yves Hamel,fr FRA,FW,Clermont Foot,27,1994,5.8,71,99,71.7,907,122,51,63,81.0,18,25,72.0,1,2,50.0,0,0.2,0.2,-0.2,3,5,2,0,10,Matches
0b4d8274,Romain Hamouma,fr FRA,"FW,MF",Saint-Étienne,34,1987,9.8,215,312,68.9,2872,611,131,154,85.1,53,81,65.4,10,29,34.5,1,1.4,1.7,-0.4,14,13,5,2,23,Matches
e7d59f4f,Amine Harit,ma MAR,"FW,MF",Marseille,24,1997,12.9,611,703,86.9,8305,1882,381,415,91.8,161,182,88.5,28,47,59.6,4,2.8,2.4,+1.2,26,51,15,1,65,Matches
f28474a4,Henrique,br BRA,DF,Lyon,27,1994,12.3,689,796,86.6,9739,2665,415,450,92.2,233,266,87.6,21,40,52.5,1,0.4,1.2,+0.6,8,28,7,4,35,Matches
f36d5624,Luis Henrique,br BRA,"FW,MF",Marseille,19,2001,7.8,166,214,77.6,2595,479,92,106,86.8,52,68,76.5,12,20,60.0,1,0.3,0.3,+0.7,8,8,6,2,19,Matches
3681cfff,Christophe Hérelle,mq MTQ,DF,Brest,28,1992,21.5,702,821,85.5,15661,5130,158,184,85.9,402,438,91.8,139,186,74.7,0,0.1,0.3,-0.1,3,51,2,1,59,Matches
a84f9a4b,Jérôme Hergault,fr FRA,DF,Lorient,35,1986,3.9,160,213,75.1,2433,928,88,108,81.5,59,77,76.6,6,14,42.9,0,0.2,0.3,-0.2,1,8,5,2,16,Matches
436a9dd0,Ander Herrera,es ESP,MF,Paris S-G,31,1989,12.1,970,1060,91.5,14459,3847,542,573,94.6,308,332,92.8,67,84,79.8,2,1.4,2.5,+0.6,18,102,18,0,97,Matches
db7849ca,Franck Honorat,fr FRA,"FW,MF",Brest,24,1996,32.2,829,1225,67.7,13982,4061,437,544,80.3,258,383,67.4,95,204,46.6,4,6.6,5.8,-2.6,59,49,48,22,84,Matches
29aee77c,Fraser Hornby,sct SCO,"FW,MF",Reims,21,1999,3.9,50,89,56.2,690,123,25,43,58.1,19,27,70.4,3,6,50.0,0,0.2,0.2,-0.2,4,3,2,1,4,Matches
00891164,Cédric Hountondji,bj BEN,DF,Clermont Foot,27,1994,22.6,836,988,84.6,13868,5156,414,459,90.2,347,393,88.3,55,100,55.0,0,0.0,0.1,0.0,1,24,1,0,43,Matches
7ffaf233,Suk Hyun-jun,kr KOR,"FW,MF",Troyes,30,1991,1.7,32,38,84.2,382,98,24,27,88.9,5,5,100.0,0,0,,0,0.3,0.4,-0.3,2,4,2,1,3,Matches
43b78598,Mauro Icardi,ar ARG,FW,Paris S-G,28,1993,11.4,120,153,78.4,1530,152,68,86,79.1,36,41,87.8,2,3,66.7,0,0.7,0.5,-0.7,9,3,6,0,10,Matches
639ca1cf,Jonathan Iglesias,uy URU,MF,Clermont Foot,32,1988,6.4,320,362,88.4,4724,1218,188,206,91.3,106,113,93.8,16,25,64.0,0,0.3,0.3,-0.3,4,11,2,0,12,Matches
ad513a6b,Juan Ignacio Ramírez,uy URU,FW,Saint-Étienne,24,1997,1.4,7,10,70.0,89,44,3,5,60.0,1,1,100.0,1,2,50.0,0,0.0,0.0,0.0,0,2,0,0,1,Matches
65bbfba3,Danylo Ihnatenko,ua UKR,MF,Bordeaux,24,1997,7.7,303,375,80.8,5880,1404,127,154,82.5,127,154,82.5,42,53,79.2,3,1.2,1.5,+1.8,13,36,8,1,48,Matches
42eaa028,Jonathan Ikone,fr FRA,"MF,FW",Lille,23,1998,11.8,331,424,78.1,5487,1330,161,191,84.3,117,141,83.0,34,51,66.7,0,2.2,1.4,-2.2,15,26,18,1,50,Matches
546bb36e,Bonke Innocent,ng NGA,MF,Lorient,25,1996,9.7,334,385,86.8,5658,1323,157,180,87.2,134,151,88.7,32,37,86.5,0,0.2,0.3,-0.2,4,11,3,2,26,Matches
a671316d,Wilson Isidor,fr FRA,"FW,MF",Monaco,20,2000,0.6,8,17,47.1,115,62,4,10,40.0,4,7,57.1,0,0,,0,0.1,0.0,-0.1,1,0,0,0,0,Matches
a0415710,Ismail Jakobs,sn SEN,"DF,FW",Monaco,21,1999,13.4,625,908,68.8,10004,3560,336,392,85.7,224,324,69.1,50,131,38.2,1,3.5,3.5,-2.5,17,42,25,16,70,Matches
96f4ebc0,Marin Jakoliš,hr CRO,FW,Angers,24,1996,2.5,53,74,71.6,788,166,30,39,76.9,15,21,71.4,4,6,66.7,0,0.3,0.5,-0.3,4,3,3,1,4,Matches
4937a9f7,Abdel Jalil Medioub,dz ALG,DF,Bordeaux,23,1997,6.9,231,287,80.5,4258,1609,82,96,85.4,121,137,88.3,22,47,46.8,0,0.0,0.0,0.0,0,11,0,0,12,Matches
7d9b37bf,Corentin Jean,fr FRA,"FW,MF",Lens,26,1995,2.8,85,116,73.3,1261,257,39,48,81.3,30,37,81.1,6,16,37.5,0,0.3,0.4,-0.3,2,7,1,0,11,Matches
7cab69b5,Jemerson,br BRA,DF,Metz,28,1992,13.4,410,485,84.5,7044,2388,191,209,91.4,180,202,89.1,25,46,54.3,0,0.5,0.1,-0.5,2,4,1,0,15,Matches
ee644761,Moritz Jenz,de GER,DF,Lorient,22,1999,15.3,584,691,84.5,11327,3953,199,225,88.4,322,352,91.5,59,97,60.8,0,0.1,0.2,-0.1,2,29,0,0,29,Matches
d1828392,Lenny Joseph,fr FRA,"FW,MF",Metz,20,2000,1.7,20,32,62.5,262,41,13,19,68.4,5,7,71.4,1,3,33.3,0,0.0,0.0,0.0,1,0,0,0,2,Matches
c066d1a5,Issa Kaboré,bf BFA,DF,Troyes,20,2001,25.0,721,1006,71.7,11400,4418,390,462,84.4,256,345,74.2,51,104,49.0,1,2.1,2.4,-1.1,20,41,29,19,67,Matches
7d08063d,Tino Kadewere,zw ZIM,FW,Lyon,25,1996,5.6,133,164,81.1,1723,361,88,95,92.6,35,47,74.5,3,6,50.0,0,1.1,0.8,-1.1,8,6,6,2,14,Matches
5b1bf5e3,Gaël Kakuta,cd COD,"MF,FW",Lens,30,1991,18.6,511,722,70.8,7357,2006,282,359,78.6,159,211,75.4,29,68,42.6,2,2.3,2.7,-0.3,20,69,23,10,80,Matches
bf4c41f9,Arnaud Kalimuendo,fr FRA,FW,Paris S-G,19,2002,0.1,5,5,100.0,56,0,2,2,100.0,1,1,100.0,0,0,,0,0.0,0.0,0.0,0,0,0,0,0,Matches
bf4c41f9,Arnaud Kalimuendo,fr FRA,FW,Lens,19,2002,23.9,404,483,83.6,5378,606,233,264,88.3,129,148,87.2,11,17,64.7,0,1.6,1.3,-1.6,21,11,16,2,30,Matches
b8d22478,Samuel Kalu,ng NGA,"FW,MF",Bordeaux,23,1997,3.6,90,120,75.0,1464,335,48,54,88.9,32,41,78.0,9,16,56.3,1,0.2,0.5,+0.8,2,7,3,1,10,Matches
cc77354e,Boubacar Kamara,fr FRA,"MF,DF",Marseille,21,1999,30.9,2193,2425,90.4,35017,9468,1152,1215,94.8,784,845,92.8,176,249,70.7,0,3.0,2.1,-3.0,24,203,17,0,206,Matches
19a12bed,Hassane Kamara,ci CIV,"MF,DF",Nice,27,1994,6.0,239,299,79.9,3550,489,118,133,88.7,103,119,86.6,8,24,33.3,0,0.9,1.2,-0.9,3,6,5,3,12,Matches
76a4233b,Jean-Armel Kana-Biyik,cm CMR,DF,Metz,32,1989,7.4,275,317,86.8,5210,1899,82,91,90.1,170,183,92.9,21,38,55.3,0,0.0,0.0,0.0,0,2,0,0,10,Matches
c5908bc4,Nordine Kandil,fr FRA,"MF,FW",Strasbourg,19,2001,1.0,50,69,72.5,721,245,30,34,88.2,14,21,66.7,4,6,66.7,1,0.2,0.2,+0.8,1,7,1,0,5,Matches
a4527d33,Eiji Kawashima,jp JPN,GK,Strasbourg,38,1983,1.0,27,30,90.0,621,420,5,5,100.0,18,18,100.0,4,7,57.1,0,0.0,0.0,0.0,0,0,0,0,0,Matches
37d04e90,Ilan Kebbal,dz ALG,"MF,FW",Reims,23,1998,19.7,617,829,74.4,9735,3349,335,400,83.8,198,264,75.0,52,93,55.9,4,2.5,3.1,+1.5,33,72,38,6,124,Matches
51dbeea9,Thilo Kehrer,de GER,DF,Paris S-G,24,1996,16.8,1142,1209,94.5,18195,5655,563,580,97.1,495,518,95.6,53,67,79.1,0,0.0,0.3,0.0,2,61,0,0,67,Matches
cc588cbe,Habib Keita,ml MLI,"MF,FW",Lyon,19,2002,0.1,6,6,100.0,91,17,3,3,100.0,1,1,100.0,1,1,100.0,0,0.0,0.0,0.0,0,0,0,0,0,Matches
796b1c41,Saîf-Eddine Khaoui,tn TUN,"MF,FW",Clermont Foot,26,1995,10.3,276,381,72.4,4070,1319,152,177,85.9,77,109,70.6,25,56,44.6,0,0.9,1.1,-0.9,14,22,4,1,31,Matches
2677a1de,Wahbi Khazri,tn TUN,"FW,MF",Saint-Étienne,30,1991,24.7,426,613,69.5,7207,2106,214,255,83.9,121,179,67.6,55,112,49.1,0,2.5,2.7,-2.5,31,51,22,2,77,Matches
aef6e670,Presnel Kimpembe,fr FRA,DF,Paris S-G,25,1995,28.6,2154,2254,95.6,35854,13217,977,1014,96.4,1018,1045,97.4,112,131,85.5,0,0.1,0.7,-0.1,2,133,6,2,170,Matches
db013c7d,Thibault Klidje,tg TOG,"MF,FW",Bordeaux,20,2001,1.0,25,36,69.4,399,66,11,12,91.7,10,17,58.8,2,5,40.0,0,0.7,0.2,-0.7,4,1,3,0,4,Matches
4c3a6744,Justin Kluivert,nl NED,MF,Nice,22,1999,20.8,423,665,63.6,7267,2149,222,278,79.9,129,194,66.5,56,142,39.4,5,4.9,4.8,+0.1,35,27,24,12,56,Matches
6751b938,Samuel Koeberlé,fr FRA,FW,Reims,16,2004,0.0,2,2,100.0,23,2,1,1,100.0,1,1,100.0,0,0,,0,0.0,0.0,0.0,0,0,0,0,0,Matches
9f1c2822,Philippe Koffi,fr FRA,FW,Reims,19,2002,4.2,46,74,62.2,632,86,26,37,70.3,13,21,61.9,2,4,50.0,0,0.2,0.3,-0.2,4,3,1,0,3,Matches
3935e52e,Sead Kolašinac,ba BIH,DF,Marseille,28,1993,4.9,195,251,77.7,2707,702,107,131,81.7,69,85,81.2,7,16,43.8,1,0.2,0.5,+0.8,4,10,4,0,13,Matches
c0b3669f,Randal Kolo Muani,fr FRA,"FW,MF",Nantes,22,1998,32.8,368,547,67.3,4703,778,226,287,78.7,101,154,65.6,10,21,47.6,4,4.4,3.3,-0.4,40,16,12,6,28,Matches
ab096c6f,Timothée Kolodziejczak,fr FRA,DF,Saint-Étienne,29,1991,28.5,1230,1589,77.4,21368,8858,554,630,87.9,545,678,80.4,111,209,53.1,3,1.3,2.4,+1.7,22,68,18,10,102,Matches
6b2c894b,Ghislain Konan,ci CIV,DF,Reims,25,1995,26.9,978,1296,75.5,15988,6754,506,581,87.1,364,469,77.6,87,168,51.8,3,3.4,2.5,-0.4,31,64,24,12,109,Matches
04bb2b06,Ibrahima Koné,ml MLI,FW,Lorient,22,1999,8.1,91,136,66.9,1149,282,60,76,78.9,24,37,64.9,1,7,14.3,1,1.8,0.8,-0.8,14,5,6,1,13,Matches
e6eadfb8,Youssouf Koné,ml MLI,DF,Troyes,26,1995,10.9,322,439,73.3,5882,2281,140,155,90.3,137,169,81.1,38,90,42.2,1,0.9,1.0,+0.1,8,27,11,5,38,Matches
f5efb153,Laurent Koscielny,fr FRA,DF,Bordeaux,35,1985,10.4,494,552,89.5,10681,4527,133,140,95.0,276,288,95.8,81,112,72.3,1,0.2,0.4,+0.8,2,24,1,0,31,Matches
86a2ba20,Rominigue Kouamé,ml MLI,MF,Troyes,24,1996,33.0,1365,1559,87.6,22231,5444,661,734,90.1,554,599,92.5,99,132,75.0,2,1.9,2.5,+0.1,20,143,21,3,170,Matches
562a4799,Boubakar Kouyaté,ml MLI,DF,Metz,24,1997,29.6,938,1156,81.1,19115,6700,255,314,81.2,556,628,88.5,115,176,65.3,0,0.1,0.3,-0.1,2,32,2,0,47,Matches
037f2523,Jean-Philippe Krasso,ci CIV,FW,Saint-Étienne,24,1997,5.0,65,106,61.3,881,252,37,56,66.1,17,26,65.4,5,10,50.0,1,0.6,0.3,+0.4,5,6,2,1,8,Matches
8197a269,Mykola Kukharevych,ua UKR,FW,Troyes,20,2001,0.2,3,7,42.9,30,0,3,5,60.0,0,0,,0,0,,0,0.0,0.0,0.0,0,0,0,0,0,Matches
4bf69118,Enock Kwateng,fr FRA,DF,Bordeaux,24,1997,22.2,995,1223,81.4,15874,6753,543,615,88.3,348,424,82.1,77,127,60.6,0,1.8,1.5,-1.8,17,85,22,13,106,Matches
397ba086,Grejohn Kyei,fr FRA,FW,Clermont Foot,25,1995,4.4,65,94,69.1,893,218,42,57,73.7,14,18,77.8,5,10,50.0,1,1.1,0.5,-0.1,11,5,2,0,7,Matches
7cdda3bf,Gaëtan Laborde,fr FRA,FW,Montpellier,27,1994,3.8,57,97,58.8,776,245,30,52,57.7,14,21,66.7,4,4,100.0,0,0.5,0.5,-0.5,4,2,2,0,7,Matches
7cdda3bf,Gaëtan Laborde,fr FRA,FW,Rennes,27,1994,30.3,424,663,64.0,5967,1337,260,346,75.1,123,207,59.4,20,32,62.5,8,5.1,4.4,+2.9,37,27,29,11,54,Matches
295ba708,Tom Lacoux,fr FRA,"DF,MF",Bordeaux,19,2002,10.1,326,424,76.9,5320,1775,151,179,84.4,132,161,82.0,28,48,58.3,0,0.3,0.2,-0.3,3,16,0,0,27,Matches
5413ef36,Lenny Lacroix,fr FRA,DF,Metz,18,2003,2.2,53,78,67.9,1062,558,18,24,75.0,26,34,76.5,8,16,50.0,1,0.4,0.0,+0.6,2,4,0,0,4,Matches
4e7db402,Alban Lafont,fr FRA,GK,Nantes,22,1999,38.0,684,1114,61.4,22491,18197,86,87,98.9,296,301,98.3,301,722,41.7,0,0.0,0.1,0.0,0,22,0,0,0,Matches
01870104,Mohamed Lamine Bayo,gn GUI,FW,Clermont Foot,23,1998,26.8,388,542,71.6,5427,1020,219,291,75.3,124,159,78.0,17,24,70.8,5,4.1,2.5,+0.9,31,31,14,1,55,Matches
b229aa13,Didier Lamkel Zé,cm CMR,FW,Metz,24,1996,6.7,126,178,70.8,1538,198,80,97,82.5,29,44,65.9,4,7,57.1,0,0.3,0.8,-0.3,5,8,1,1,6,Matches
f066022d,Julien Laporte,fr FRA,DF,Lorient,27,1993,32.1,1223,1454,84.1,27396,11254,303,335,90.4,651,708,91.9,254,362,70.2,0,0.5,0.6,-0.5,5,81,8,0,82,Matches
0ed063d6,Yasser Larouci,dz ALG,DF,Troyes,20,2001,3.8,128,163,78.5,1932,590,80,90,88.9,33,42,78.6,10,20,50.0,0,0.1,0.4,-0.1,3,5,6,5,14,Matches
542cc80f,Paul Lasne,fr FRA,MF,Brest,32,1989,9.4,345,416,82.9,6011,1702,162,184,88.0,135,155,87.1,38,54,70.4,1,1.1,0.8,-0.1,8,26,6,2,34,Matches
2d22cea7,Armand Lauriente,fr FRA,"FW,MF",Lorient,22,1998,27.5,553,710,77.9,8121,2113,318,376,84.6,168,215,78.1,35,52,67.3,2,4.0,4.1,-2.0,41,43,27,9,66,Matches
afe39ca8,Théo Le Bris,fr FRA,MF,Lorient,18,2002,0.7,12,16,75.0,113,15,7,10,70.0,2,2,100.0,0,0,,0,0.0,0.0,0.0,0,1,0,0,1,Matches
88c4d190,Jérémy Le Douaron,fr FRA,"FW,MF",Brest,23,1998,16.1,194,300,64.7,2411,470,134,165,81.2,40,80,50.0,5,15,33.3,3,2.6,0.9,+0.4,15,9,8,4,18,Matches
6f806d99,Enzo Le Fée,fr FRA,"MF,FW",Lorient,21,2000,24.4,965,1232,78.3,16974,4998,455,528,86.2,315,386,81.6,137,224,61.2,3,2.6,2.4,+0.4,50,95,23,11,136,Matches
2321ea6e,Vincent Le Goff,fr FRA,DF,Lorient,31,1989,34.0,1448,1855,78.1,24067,9902,718,820,87.6,593,734,80.8,113,217,52.1,1,1.9,3.4,-0.9,26,124,35,11,166,Matches
321a71a7,Maxime Le Marchand,fr FRA,DF,Strasbourg,31,1989,9.6,481,547,87.9,9479,4160,181,197,91.9,227,245,92.7,69,96,71.9,1,0.1,0.2,+0.9,2,23,3,1,28,Matches
edbe46dc,Jean-Louis Leca,fr FRA,GK,Lens,35,1985,25.7,559,735,76.1,13866,10681,173,175,98.9,223,227,98.2,149,317,47.0,0,0.0,0.0,0.0,0,7,0,0,0,Matches
8ca9415f,Félix Lemaréchal,ci CIV,MF,Monaco,17,2003,0.1,12,16,75.0,167,14,6,9,66.7,5,5,100.0,0,0,,0,0.0,0.0,0.0,0,1,0,0,0,Matches
2b471f99,Mario Lemina,ga GAB,MF,Nice,27,1993,21.9,1028,1178,87.3,18206,5095,450,492,91.5,468,514,91.1,95,138,68.8,0,0.4,0.6,-0.4,6,95,5,0,93,Matches
54d51e22,Fabien Lemoine,fr FRA,MF,Lorient,34,1987,12.4,783,888,88.2,13806,3808,336,371,90.6,324,351,92.3,85,112,75.9,1,0.5,0.7,+0.5,10,61,3,1,81,Matches
fcc84a07,Léo Leroy,fr FRA,MF,Montpellier,21,2000,7.0,256,323,79.3,4070,1219,123,146,84.2,102,116,87.9,21,30,70.0,0,0.1,0.4,-0.1,4,22,5,0,24,Matches
96fcd380,Alexandre Letellier,fr FRA,GK,Paris S-G,30,1990,0.1,3,3,100.0,78,63,1,1,100.0,0,0,,2,2,100.0,0,0.0,0.0,0.0,0,0,0,0,0,Matches
cc972842,Yanis Lhery,fr FRA,"FW,MF",Saint-Étienne,18,2003,0.8,12,16,75.0,104,18,7,7,100.0,2,4,50.0,0,1,0.0,0,0.0,0.0,0.0,0,0,0,0,1,Matches
f7691f63,Dimitri Liénard,fr FRA,"DF,MF",Strasbourg,33,1988,22.7,1035,1435,72.1,19823,5953,465,522,89.1,398,521,76.4,154,333,46.2,3,3.0,4.6,0.0,37,86,43,29,114,Matches
57a46f3f,Isaac Lihadji,fr FRA,"MF,FW",Lille,19,2002,2.6,66,96,68.8,1101,348,37,47,78.7,21,28,75.0,7,11,63.6,3,1.2,0.5,+1.8,13,12,7,2,13,Matches
ff800ed8,Pol Lirola,es ESP,"DF,FW",Marseille,23,1997,19.7,894,1112,80.4,13350,3366,494,553,89.3,285,343,83.1,58,101,57.4,2,2.8,3.7,-0.8,26,56,32,15,82,Matches
40221fa7,Banzouzi Locko,fr FRA,"MF,DF",Reims,19,2002,11.2,350,458,76.4,5230,1951,203,245,82.9,104,138,75.4,26,42,61.9,1,0.3,0.4,+0.7,7,22,6,1,39,Matches
f00de885,Anthony Lopes,pt POR,GK,Lyon,30,1990,33.1,945,1129,83.7,24234,17011,151,153,98.7,540,542,99.6,251,430,58.4,0,0.0,0.0,0.0,0,4,0,0,1,Matches
20b9f052,Pau López,es ESP,GK,Marseille,26,1994,29.0,1136,1334,85.2,25402,15433,298,298,100.0,620,627,98.9,216,405,53.3,1,0.7,0.1,+0.3,1,14,0,0,1,Matches
64c14d49,Dion Lopy,sn SEN,MF,Reims,19,2002,18.2,537,622,86.3,9450,1888,247,277,89.2,194,211,91.9,72,89,80.9,0,0.3,0.3,-0.3,9,42,0,0,50,Matches
9004f318,Samuel Loric,fr FRA,DF,Lorient,21,2000,3.0,84,122,68.9,1266,390,47,58,81.0,25,37,67.6,7,16,43.8,0,0.0,0.2,0.0,0,1,2,2,6,Matches
fc4cf6a7,Jordan Lotomba,ch SUI,DF,Nice,22,1998,19.8,818,1011,80.9,11873,4589,502,558,90.0,246,301,81.7,44,74,59.5,0,1.2,1.6,-1.2,14,55,15,11,79,Matches
9af3613f,Johaneko Louisjean,fr FRA,DF,Bordeaux,17,2004,0.1,5,6,83.3,87,28,1,1,100.0,2,3,66.7,1,1,100.0,0,0.0,0.0,0.0,0,1,0,0,0,Matches
a99138af,Jean Lucas,br BRA,MF,Monaco,23,1998,16.1,638,820,77.8,10614,2591,317,364,87.1,234,283,82.7,63,112,56.3,1,1.8,2.1,-0.8,17,74,15,5,81,Matches
5b9512c5,Castello Lukeba,fr FRA,DF,Lyon,18,2002,23.3,1506,1673,90.0,27726,10237,531,573,92.7,859,917,93.7,106,147,72.1,0,0.2,0.2,-0.2,4,66,2,0,80,Matches
199ff86e,Levi Lumeka,eng ENG,"MF,FW",Troyes,22,1998,0.7,10,16,62.5,125,19,5,5,100.0,2,6,33.3,1,2,50.0,0,0.0,0.0,0.0,0,1,1,1,1,Matches
080de72a,Yannis M'Bemba,fr FRA,"DF,FW",Nantes,20,2001,0.1,4,4,100.0,51,9,3,3,100.0,1,1,100.0,0,0,,0,0.0,0.0,0.0,0,0,0,0,0,Matches
b3f8bdef,Deiver Machado,co COL,"DF,MF",Lens,27,1993,5.8,211,256,82.4,3297,998,100,110,90.9,96,108,88.9,8,19,42.1,1,0.9,0.8,+0.1,8,5,5,5,12,Matches
0bb6e193,Yvann Macon,fr FRA,DF,Saint-Étienne,22,1998,17.0,748,1002,74.7,12088,4019,404,473,85.4,260,332,78.3,59,122,48.4,0,1.4,1.3,-1.4,13,62,18,12,70,Matches
bec3d251,Louis Mafouta,cf CTA,FW,Metz,27,1994,5.8,110,141,78.0,1273,190,69,85,81.2,25,31,80.6,2,5,40.0,0,0.2,0.4,-0.2,2,5,0,0,4,Matches
d4d35152,Hugo Magnetti,fr FRA,MF,Brest,23,1998,16.3,574,684,83.9,10444,2437,228,256,89.1,247,273,90.5,73,105,69.5,1,0.8,0.7,+0.2,7,60,8,1,68,Matches
caa7aaea,Yohann Magnin,fr FRA,"MF,DF",Clermont Foot,24,1997,19.1,727,904,80.4,11703,3387,374,429,87.2,265,305,86.9,59,104,56.7,0,0.6,0.9,-0.6,8,65,15,2,79,Matches
e768de1f,Habib Maïga,ci CIV,MF,Metz,25,1996,14.1,458,577,79.4,7408,2251,232,268,86.6,181,220,82.3,28,55,50.9,0,0.4,0.4,-0.4,10,47,3,1,53,Matches
bc0bfc64,Josh Maja,ng NGA,FW,Bordeaux,22,1998,0.1,4,5,80.0,51,12,3,3,100.0,1,2,50.0,0,0,,0,0.1,0.0,-0.1,1,0,1,0,1,Matches
46907171,Abdul Majeed Waris,gh GHA,"FW,MF",Strasbourg,29,1991,3.6,97,132,73.5,1324,306,62,75,82.7,26,35,74.3,4,7,57.1,0,0.5,1.1,-0.5,4,6,3,2,11,Matches
fc46aab1,Lovro Majer,hr CRO,"MF,FW",Rennes,23,1998,20.4,801,1052,76.1,13554,3712,383,443,86.5,298,371,80.3,87,160,54.4,8,5.2,5.7,+2.8,45,85,30,5,147,Matches
654f49ca,Béni Makouana,cg CGO,"FW,MF",Montpellier,18,2002,3.6,54,80,67.5,665,144,35,45,77.8,12,17,70.6,1,2,50.0,0,0.5,0.6,-0.5,4,5,3,1,2,Matches
0f86995c,Hianga Mananga Mbock,fr FRA,MF,Brest,21,1999,8.9,245,275,89.1,4207,987,109,122,89.3,112,120,93.3,18,23,78.3,0,0.0,0.2,0.0,1,30,4,0,35,Matches
c26a3918,Vincent Manceau,fr FRA,DF,Angers,32,1989,26.2,1412,1607,87.9,28048,11724,490,521,94.0,727,789,92.1,190,265,71.7,0,0.3,0.3,-0.3,2,111,2,0,113,Matches
1d2d5cc8,Steve Mandanda,fr FRA,GK,Marseille,36,1985,9.0,327,402,81.3,7761,5343,84,86,97.7,175,178,98.3,66,133,49.6,0,0.0,0.0,0.0,1,5,0,0,0,Matches
c20bdcd7,Reinildo Mandava,mz MOZ,DF,Lille,27,1994,16.9,801,961,83.4,11676,4096,478,512,93.4,274,326,84.0,31,71,43.7,0,0.2,0.6,-0.2,4,49,4,1,65,Matches
f7d3a773,Anthony Mandrea,dz ALG,GK,Angers,24,1996,10.0,161,273,59.0,5083,3669,18,18,100.0,80,81,98.8,62,172,36.0,0,0.0,0.0,0.0,0,3,0,0,0,Matches
f520049f,Eliaquim Mangala,fr FRA,DF,Saint-Étienne,30,1991,13.1,504,594,84.8,10020,3185,137,158,86.7,300,331,90.6,57,84,67.9,0,0.0,0.1,0.0,1,19,1,0,24,Matches
c801616a,Thomas Mangani,fr FRA,MF,Angers,34,1987,24.4,1165,1491,78.1,20956,6681,538,618,87.1,423,520,81.3,155,256,60.5,2,1.3,2.3,+0.7,28,126,14,4,165,Matches
eef2d8ce,Ricardo Mangas,pt POR,DF,Bordeaux,23,1998,26.1,808,1057,76.4,13923,5183,358,424,84.4,350,443,79.0,74,120,61.7,1,0.6,1.5,+0.4,16,47,14,1,89,Matches
706a60e1,Myziane Maolida,fr FRA,MF,Nice,22,1999,0.4,4,7,57.1,38,2,2,4,50.0,1,1,100.0,0,0,,0,0.0,0.0,0.0,0,0,0,0,0,Matches
3544641e,Sekou Mara,fr FRA,"FW,MF",Bordeaux,19,2002,10.1,129,193,66.8,1844,427,74,105,70.5,37,51,72.5,8,12,66.7,0,0.7,0.5,-0.7,7,11,5,1,15,Matches
e3d0b0c4,Marcelo,br BRA,DF,Bordeaux,34,1987,10.0,560,674,83.1,12388,4281,145,169,85.8,306,336,91.1,105,158,66.5,0,0.2,0.4,-0.2,3,23,0,0,28,Matches
e3d0b0c4,Marcelo,br BRA,DF,Lyon,34,1987,2.0,152,168,90.5,2765,843,49,54,90.7,94,101,93.1,8,10,80.0,0,0.0,0.0,0.0,0,1,0,0,11,Matches
d9764034,Guillermo Maripán,cl CHI,DF,Monaco,27,1994,20.4,1195,1350,88.5,24172,8582,343,373,92.0,705,747,94.4,144,208,69.2,0,0.3,0.4,-0.3,2,80,2,0,80,Matches
d5f2f82b,Marquinhos,br BRA,DF,Paris S-G,27,1994,31.8,2241,2408,93.1,43015,15025,788,820,96.1,1190,1236,96.3,235,308,76.3,0,0.4,1.5,-0.4,7,145,9,0,128,Matches
468fdbad,Jonas Martin,fr FRA,MF,Rennes,31,1990,23.4,1533,1695,90.4,25615,7212,731,792,92.3,638,672,94.9,117,149,78.5,1,1.3,1.1,-0.3,9,142,7,0,132,Matches
3ef0fa48,Gelson Martins,pt POR,"MF,FW",Monaco,26,1995,21.2,504,664,75.9,6734,1322,322,375,85.9,140,188,74.5,15,27,55.6,3,2.5,3.0,+0.5,22,24,18,2,57,Matches
feb5d972,Pape Matar Sarr,sn SEN,MF,Metz,18,2002,23.7,838,1013,82.7,14714,3826,384,451,85.1,335,372,90.1,90,137,65.7,3,1.5,1.2,+1.5,20,90,10,0,115,Matches
15944afd,Eliot Matazo,be BEL,MF,Monaco,19,2002,8.8,341,394,86.5,5732,1294,157,172,91.3,156,171,91.2,24,36,66.7,0,0.1,0.3,-0.1,4,34,4,0,46,Matches
cf1ef7ec,Chrislain Matsima,fr FRA,DF,Monaco,19,2002,1.5,74,88,84.1,1347,502,25,31,80.6,42,46,91.3,5,7,71.4,0,0.0,0.0,0.0,0,3,0,0,3,Matches
a17a94d6,Azor Matusiwa,nl NED,MF,Reims,23,1998,27.4,985,1185,83.1,18257,5165,438,504,86.9,393,454,86.6,138,176,78.4,1,0.8,0.6,+0.2,16,110,9,1,132,Matches
30144daa,Stephy Mavididi,eng ENG,"FW,MF",Montpellier,23,1998,25.5,434,558,77.8,5450,1102,251,301,83.4,114,143,79.7,15,25,60.0,3,3.3,2.2,-0.3,23,17,16,5,34,Matches
810edef9,Derek Mazou-Sacko,fr FRA,"FW,DF",Troyes,16,2004,0.0,0,1,0.0,0,0,0,0,,0,0,,0,0,,0,0.0,0.0,0.0,0,0,0,0,0,Matches
42fd9c7f,Kylian Mbappé,fr FRA,FW,Paris S-G,22,1998,33.6,1139,1435,79.4,15413,2996,715,821,87.1,276,348,79.3,60,101,59.4,17,12.6,9.1,+4.4,70,75,58,9,107,Matches
14d2670e,Amadou Mbengue,sn SEN,"DF,MF",Metz,19,2002,6.8,245,292,83.9,4644,1783,91,100,91.0,120,127,94.5,26,54,48.1,0,0.1,0.2,-0.1,2,17,1,0,18,Matches
890bc029,Jason Mbock,fr FRA,FW,Angers,21,1999,0.2,3,5,60.0,32,0,3,4,75.0,0,0,,0,0,,0,0.0,0.0,0.0,0,0,0,0,0,Matches
3f3a2cba,Moustapha Mbow,sn SEN,DF,Reims,21,2000,1.0,19,25,76.0,421,125,7,9,77.8,8,10,80.0,4,6,66.7,0,0.0,0.0,0.0,0,0,0,0,0,Matches
46750e9c,Nathanael Mbuku,fr FRA,"FW,MF",Reims,19,2002,15.8,261,373,70.0,3851,971,139,173,80.3,88,123,71.5,17,33,51.5,1,0.7,0.6,+0.3,10,31,9,2,40,Matches
6f5ec8bb,Facundo Medina,ar ARG,DF,Lens,22,1999,28.8,2018,2262,89.2,34890,14518,931,991,93.9,848,920,92.2,185,259,71.4,0,0.2,0.7,-0.2,5,166,6,0,201,Matches
d21e361a,Farid El Melali,dz ALG,FW,Angers,24,1997,0.2,2,4,50.0,26,0,1,1,100.0,1,1,100.0,0,1,0.0,0,0.0,0.0,0.0,0,0,0,0,0,Matches
70c52749,Birger Meling,no NOR,DF,Rennes,26,1994,20.3,948,1119,84.7,15768,4576,467,532,87.8,374,421,88.8,88,116,75.9,4,1.9,2.3,+2.1,15,48,20,5,87,Matches
1545cf15,Houboulang Mendes,fr FRA,DF,Lorient,23,1998,35.8,1174,1446,81.2,20102,6588,518,573,90.4,526,621,84.7,94,190,49.5,1,1.6,1.0,-0.6,13,57,12,11,78,Matches
f20e4cc9,Nuno Mendes,pt POR,DF,Paris S-G,19,2002,18.4,980,1131,86.6,14433,3632,577,621,92.9,312,358,87.2,53,74,71.6,1,2.8,2.2,-1.8,19,59,12,4,53,Matches
6690ef25,Pedro Mendes,pt POR,DF,Montpellier,30,1990,0.2,5,8,62.5,136,66,0,0,,4,4,100.0,1,4,25.0,0,0.1,0.0,-0.1,1,1,1,0,2,Matches
c6e5d20f,Thiago Mendes,br BRA,"MF,DF",Lyon,29,1992,20.7,1374,1564,87.9,25918,8629,578,622,92.9,594,639,93.0,176,255,69.0,1,1.4,1.6,-0.4,15,136,10,1,112,Matches
9f0f4b49,Arial Mendy,sn SEN,"DF,FW",Clermont Foot,26,1994,8.8,315,404,78.0,4937,1506,170,189,89.9,108,137,78.8,26,45,57.8,0,1.7,1.5,-1.7,9,20,7,5,26,Matches
e472a6f6,Batista Mendy,fr FRA,"MF,DF",Angers,21,2000,26.8,1059,1242,85.3,19289,5883,417,470,88.7,529,577,91.7,94,151,62.3,1,0.6,0.8,+0.4,11,88,8,1,117,Matches
9bdd8118,Gideon Mensah,gh GHA,DF,Bordeaux,23,1998,13.4,638,790,80.8,10150,3259,322,356,90.4,266,328,81.1,32,59,54.2,2,1.8,1.9,+0.2,16,39,15,10,62,Matches
0bfca6a1,Quentin Merlin,fr FRA,"DF,MF",Nantes,19,2002,21.4,1027,1358,75.6,17991,7101,494,561,88.1,402,514,78.2,115,229,50.2,3,2.7,3.7,+0.3,31,114,25,13,132,Matches
d70ce98e,Lionel Messi,ar ARG,"FW,MF",Paris S-G,34,1987,23.9,1400,1657,84.5,21648,7365,762,844,90.3,450,512,87.9,113,154,73.4,14,8.8,9.0,+5.2,63,217,82,3,291,Matches
ce492295,Mexer,mz MOZ,DF,Bordeaux,32,1988,13.6,579,692,83.7,12148,4418,172,191,90.1,322,352,91.5,81,134,60.4,0,0.0,0.1,0.0,0,21,1,0,22,Matches
fe6c1add,Edouard Michut,fr FRA,MF,Paris S-G,18,2003,0.8,51,54,94.4,723,163,31,32,96.9,16,16,100.0,2,2,100.0,1,0.1,0.1,+0.9,1,3,0,0,6,Matches
4788cb6b,Georges Mikautadze,ge GEO,FW,Metz,20,2000,0.0,0,2,0.0,0,0,0,1,0.0,0,0,,0,0,,0,0.0,0.0,0.0,0,0,0,0,0,Matches
14df1d7f,William Mikelbrencis,fr FRA,DF,Metz,17,2004,6.8,224,311,72.0,3695,1587,112,131,85.5,86,115,74.8,18,44,40.9,1,0.2,0.3,+0.8,3,18,3,2,21,Matches
85613cf0,Arkadiusz Milik,pl POL,FW,Marseille,27,1994,15.7,299,377,79.3,3900,423,170,202,84.2,73,88,83.0,13,19,68.4,2,1.7,1.5,+0.3,15,13,8,0,25,Matches
065dc209,Terem Moffi,ng NGA,FW,Lorient,22,1999,30.1,413,567,72.8,5750,1155,237,297,79.8,112,157,71.3,26,39,66.7,4,3.9,3.5,+0.1,34,33,14,3,47,Matches
cdc4458b,Dion Moise Sahi,ci CIV,"FW,MF",Strasbourg,19,2001,1.4,36,42,85.7,523,147,20,24,83.3,14,15,93.3,1,2,50.0,0,0.1,0.1,-0.1,1,4,1,1,8,Matches
7e82a78f,Florent Mollet,fr FRA,"FW,MF",Montpellier,29,1991,29.2,951,1179,80.7,14429,3715,529,570,92.8,284,355,80.0,79,146,54.1,2,2.7,2.8,-0.7,32,82,24,4,114,Matches
84d94b91,Thomas Monconduit,fr FRA,MF,Lorient,30,1991,25.0,997,1280,77.9,19587,6844,390,468,83.3,425,514,82.7,158,232,68.1,2,3.3,2.2,-1.3,32,139,19,4,160,Matches
e97150c0,Jérémy Morel,mg MAD,DF,Lorient,37,1984,6.7,248,296,83.8,4826,1777,92,99,92.9,121,137,88.3,32,52,61.5,0,0.1,0.0,-0.1,1,14,0,0,8,Matches
3eaf8817,Lebo Mothiba,za RSA,"FW,MF",Troyes,25,1996,5.8,102,128,79.7,1363,181,61,73,83.6,28,33,84.8,4,5,80.0,0,0.5,0.2,-0.5,6,5,0,0,2,Matches
3eaf8817,Lebo Mothiba,za RSA,FW,Strasbourg,25,1996,0.0,0,0,,0,0,0,0,,0,0,,0,0,,0,0.0,0.0,0.0,0,0,0,0,0,Matches
81ac108d,Baptiste Mouazan,fr FRA,MF,Lorient,19,2001,1.1,24,33,72.7,336,57,16,18,88.9,8,11,72.7,0,3,0.0,0,0.0,0.0,0.0,0,1,1,0,3,Matches
2591b066,Aimen Moueffek,fr FRA,MF,Saint-Étienne,20,2001,4.8,205,235,87.2,3570,906,95,107,88.8,89,99,89.9,19,25,76.0,0,0.1,0.4,-0.1,2,25,3,0,25,Matches
5f26e0c5,Harold Moukoudi,cm CMR,DF,Saint-Étienne,23,1997,18.5,825,929,88.8,17339,6475,251,281,89.3,425,456,93.2,136,168,81.0,0,0.1,0.2,-0.1,3,42,3,0,61,Matches
28a65a2c,Jessy Moulin,fr FRA,GK,Troyes,35,1986,7.0,164,239,68.6,4395,3043,38,38,100.0,67,68,98.5,56,130,43.1,0,0.0,0.0,0.0,0,2,0,0,0,Matches
19ba6c6d,Steve Mounié,bj BEN,FW,Brest,26,1994,25.7,429,723,59.3,5739,1547,265,402,65.9,121,221,54.8,14,25,56.0,2,1.2,1.2,+0.8,18,47,14,1,65,Matches
af0c835b,Samuel Moutoussamy,cd COD,MF,Nantes,24,1996,16.8,598,709,84.3,9532,2694,313,355,88.2,216,239,90.4,46,66,69.7,1,0.4,0.5,+0.6,6,56,8,2,66,Matches
2acf0cd7,Marshall Munetsi,zw ZIM,"MF,DF",Reims,25,1996,20.9,535,680,78.7,9759,2655,231,269,85.9,224,272,82.4,61,100,61.0,1,1.2,0.4,-0.2,8,40,2,0,37,Matches
ee158be5,Junior Mwanga,fr FRA,DF,Bordeaux,18,2003,1.0,44,54,81.5,807,233,11,15,73.3,30,31,96.8,2,5,40.0,0,0.0,0.0,0.0,0,2,0,0,4,Matches
e50623a0,Kévin N'Doram,fr FRA,MF,Metz,25,1996,13.7,437,521,83.9,8115,2626,168,197,85.3,205,231,88.7,53,73,72.6,0,0.4,0.3,-0.4,11,52,1,0,63,Matches
b85e57bb,Eric N'Jo,fr FRA,DF,Troyes,17,2004,1.1,22,27,81.5,401,93,7,7,100.0,12,14,85.7,2,3,66.7,0,0.0,0.0,0.0,0,0,0,0,0,Matches
249ac66d,Vital N'Simba,cd COD,DF,Clermont Foot,28,1993,31.0,1415,1836,77.1,22439,10344,775,875,88.6,513,662,77.5,93,199,46.7,3,4.6,4.0,-1.6,33,100,49,23,142,Matches
a6b6fa6e,Mickael Nade,fr FRA,DF,Saint-Étienne,22,1999,28.5,985,1216,81.0,18889,6177,336,403,83.4,509,573,88.8,113,194,58.2,0,0.2,0.2,-0.2,5,73,2,0,85,Matches
2d70dbe5,Paul Nardi,fr FRA,GK,Lorient,27,1994,22.0,299,536,55.8,9080,7070,61,62,98.4,126,129,97.7,110,341,32.3,0,0.0,0.1,0.0,0,13,1,0,0,Matches
ecada4fc,Keylor Navas,cr CRC,GK,Paris S-G,34,1986,20.6,501,547,91.6,10820,7312,139,140,99.3,268,270,99.3,92,134,68.7,0,0.0,0.0,0.0,0,1,0,0,0,Matches
87e9c7cd,Papa Ndiaga Yade,sn SEN,"DF,FW",Metz,21,2000,7.7,226,312,72.4,4032,1142,93,115,80.9,100,129,77.5,24,48,50.0,1,0.7,0.9,+0.3,6,13,6,4,12,Matches
5cdddffa,Tanguy Ndombele,fr FRA,MF,Lyon,24,1996,7.8,466,525,88.8,7598,2499,208,225,92.4,202,220,91.8,34,46,73.9,2,1.7,1.5,+0.3,9,61,9,1,56,Matches
8e697a8f,Dan Ndoye,ch SUI,"FW,MF",Nice,20,2000,2.3,37,52,71.2,510,86,20,26,76.9,11,15,73.3,2,4,50.0,1,0.5,0.2,+0.5,2,2,1,1,5,Matches
69384e5d,Neymar,br BRA,"FW,MF",Paris S-G,29,1992,20.6,1033,1314,78.6,14291,4445,639,736,86.8,252,318,79.2,63,110,57.3,6,7.5,5.6,-1.5,61,118,42,3,146,Matches
0ad37003,Yvan Neyou,cm CMR,MF,Saint-Étienne,24,1997,10.4,427,508,84.1,6963,1777,188,216,87.0,183,207,88.4,36,54,66.7,0,0.4,0.2,-0.4,7,32,3,0,39,Matches
75a63397,Opa Nguette,sn SEN,"FW,MF",Metz,27,1994,11.6,184,253,72.7,2221,487,110,143,76.9,52,67,77.6,1,4,25.0,2,0.4,0.3,+1.6,11,12,4,0,25,Matches
8eef18aa,Sikou Niakaté,fr FRA,DF,Metz,22,1999,7.3,176,226,77.9,3243,1334,67,79,84.8,89,104,85.6,15,30,50.0,0,0.0,0.0,0.0,2,4,0,0,7,Matches
46faabfa,Ibrahima Niane,sn SEN,FW,Metz,22,1999,17.6,301,426,70.7,4026,783,187,244,76.6,77,119,64.7,16,24,66.7,1,1.3,1.0,-0.3,11,15,4,1,20,Matches
2054d037,M'Baye Niang,sn SEN,FW,Bordeaux,26,1994,8.6,106,179,59.2,1643,208,62,88,70.5,33,57,57.9,8,12,66.7,1,1.7,1.0,-0.7,8,4,3,0,12,Matches
ff20acfe,Cheikh Niasse,sn SEN,"FW,MF",Lille,21,2000,0.5,20,25,80.0,269,73,12,13,92.3,8,9,88.9,0,0,,0,0.0,0.0,0.0,0,3,0,0,3,Matches
91f2da4c,Casimir Ninga,td CHA,FW,Angers,28,1993,4.5,56,71,78.9,761,192,26,35,74.3,15,17,88.2,4,5,80.0,0,0.0,0.1,0.0,1,3,1,0,5,Matches
7b9a9e25,Arnaud Nordin,fr FRA,"FW,MF",Saint-Étienne,23,1998,20.8,442,600,73.7,6641,1410,243,284,85.6,147,193,76.2,28,59,47.5,4,2.4,2.4,+1.6,23,20,13,5,44,Matches
afb0c500,Alexander Nübel,de GER,GK,Monaco,24,1996,38.0,839,1121,74.8,23494,16891,140,141,99.3,407,410,99.3,288,563,51.2,0,0.0,0.0,0.0,0,4,0,0,2,Matches
6043997c,Gerzino Nyamsi,fr FRA,DF,Strasbourg,24,1997,33.2,1214,1461,83.1,25284,10261,321,359,89.4,726,796,91.2,153,271,56.5,2,1.1,0.2,+0.9,6,59,3,0,72,Matches
6993927b,Florent Ogier,fr FRA,DF,Clermont Foot,32,1989,27.0,1264,1516,83.4,24045,11081,487,543,89.7,589,674,87.4,166,264,62.9,0,0.2,0.4,-0.2,2,72,2,0,80,Matches
4534a352,Warmed Omari,fr FRA,DF,Rennes,21,2000,31.1,1833,1986,92.3,40820,13135,398,446,89.2,1112,1168,95.2,314,347,90.5,0,0.2,0.3,-0.2,4,94,3,0,111,Matches
c631f952,Jonas Omlin,ch SUI,GK,Montpellier,27,1994,28.7,842,1071,78.6,21947,15321,170,174,97.7,434,439,98.9,233,448,52.0,0,0.0,0.0,0.0,0,6,0,0,0,Matches
828657ff,Amadou Onana,be BEL,MF,Lille,19,2001,15.1,516,623,82.8,8931,2203,231,263,87.8,203,234,86.8,61,86,70.9,0,1.1,1.7,-1.1,15,53,7,0,59,Matches
b5bb8188,Jean Onana,cm CMR,MF,Bordeaux,21,2000,20.4,863,1079,80.0,15507,3895,397,456,87.1,309,369,83.7,120,182,65.9,2,1.6,1.3,+0.4,15,88,13,1,90,Matches
243f4a0b,Otávio,br BRA,MF,Bordeaux,27,1994,12.7,635,718,88.4,11187,3083,285,305,93.4,258,289,89.3,72,90,80.0,0,0.1,0.5,-0.1,6,44,4,2,49,Matches
2f9e4435,Dango Ouattara,bf BFA,"MF,FW",Lorient,19,2002,9.0,170,279,60.9,2732,727,85,115,73.9,60,103,58.3,16,29,55.2,2,1.4,1.3,+0.6,8,11,7,0,23,Matches
ea02beaf,Remi Oudin,fr FRA,"MF,FW",Bordeaux,24,1996,19.3,446,694,64.3,8161,2403,208,256,81.3,169,244,69.3,58,132,43.9,5,3.8,2.8,+1.2,21,39,19,4,53,Matches
ae7d0ecd,Alexandre Oukidja,dz ALG,GK,Metz,33,1988,20.8,386,600,64.3,13291,10508,41,41,100.0,147,149,98.7,196,406,48.3,0,0.0,0.1,0.0,0,9,1,0,0,Matches
83299cc0,Azzedine Ounahi,ma MAR,MF,Angers,21,2000,18.1,782,909,86.0,12548,3196,389,430,90.5,307,339,90.6,59,88,67.0,1,1.5,1.4,-0.5,18,81,17,2,110,Matches
e3e05edf,Ambroise Oyongo,cm CMR,DF,Montpellier,30,1991,7.3,256,357,71.7,3578,1579,145,166,87.3,85,124,68.5,10,38,26.3,0,0.2,0.6,-0.2,2,13,6,2,18,Matches
f86ca403,Vincent Pajot,fr FRA,MF,Metz,30,1990,25.7,920,1079,85.3,16557,4118,381,425,89.6,407,440,92.5,95,142,66.9,0,0.4,0.4,-0.4,15,79,4,1,96,Matches
779847d6,Nicolas Pallois,fr FRA,DF,Nantes,33,1987,27.2,906,1139,79.5,17690,6162,284,330,86.1,510,589,86.6,100,189,52.9,0,0.1,0.3,-0.1,4,54,0,0,72,Matches
e5c1e0ca,Erik Palmer-Brown,us USA,DF,Troyes,24,1997,19.3,541,652,83.0,10155,4340,208,229,90.8,274,309,88.7,50,88,56.8,0,0.1,0.7,-0.1,3,28,3,0,36,Matches
e0bc6fdc,Emerson Palmieri,it ITA,DF,Lyon,26,1994,25.2,1541,1820,84.7,23670,7832,831,893,93.1,569,668,85.2,97,171,56.7,2,3.6,3.5,-1.6,31,94,15,6,101,Matches
9b6f7fd5,Lucas Paquetá,br BRA,"MF,FW",Lyon,23,1997,30.0,1241,1586,78.2,17756,5118,705,819,86.1,360,455,79.1,81,140,57.9,6,4.5,4.9,+1.5,41,132,35,3,168,Matches
2306bfde,Rubén Pardo,es ESP,MF,Bordeaux,28,1992,0.1,1,1,100.0,11,9,1,1,100.0,0,0,,0,0,,0,0.0,0.0,0.0,0,0,0,0,1,Matches
dff153a4,Leandro Paredes,ar ARG,MF,Paris S-G,27,1994,9.3,896,937,95.6,14984,4771,420,432,97.2,380,385,98.7,75,89,84.3,2,0.4,0.5,+1.6,7,85,3,0,55,Matches
25146df0,Strahinja Pavlović,rs SRB,DF,Monaco,20,2001,5.0,330,399,82.7,6542,2314,105,116,90.5,183,202,90.6,36,67,53.7,0,0.2,0.4,-0.2,1,29,9,3,33,Matches
58ae47b2,Dimitri Payet,fr FRA,"FW,MF",Marseille,34,1987,28.8,1241,1675,74.1,21543,6101,637,733,86.9,376,502,74.9,168,319,52.7,10,10.0,10.2,0.0,99,120,66,11,187,Matches
f8ce97ca,Timothee Pembele,fr FRA,DF,Bordeaux,18,2002,15.7,434,609,71.3,6017,1964,267,327,81.7,142,202,70.3,12,26,46.2,1,3.1,1.5,-2.1,14,27,10,3,40,Matches
5c42e7ce,Brayann Pereira,fr FRA,"DF,MF",Lens,18,2003,0.2,14,17,82.4,229,34,6,6,100.0,8,9,88.9,0,0,,0,0.1,0.0,-0.1,1,1,1,1,0,Matches
8fd9996f,Danilo Pereira,pt POR,MF,Paris S-G,29,1991,22.6,1464,1548,94.6,24384,7069,658,686,95.9,658,685,96.1,96,111,86.5,0,0.4,0.9,-0.4,6,97,4,0,111,Matches
8846a40f,Mathias Pereira Lage,pt POR,DF,Angers,24,1996,11.6,363,525,69.1,5461,2050,195,245,79.6,142,207,68.6,13,39,33.3,2,1.4,1.0,+0.6,9,31,5,2,36,Matches
a5549ec1,Luan Peres Petroni,br BRA,DF,Marseille,27,1994,29.8,1725,1975,87.3,28535,7722,830,892,93.0,722,808,89.4,128,206,62.1,2,1.7,1.3,+0.3,17,136,7,6,124,Matches
49070d66,Lucas Perrin,fr FRA,DF,Strasbourg,22,1998,27.8,1221,1454,84.0,23170,9040,437,478,91.4,621,692,89.7,142,234,60.7,1,0.6,1.5,+0.4,9,140,18,2,148,Matches
b98cea65,Danijel Petković,me MNE,GK,Angers,28,1993,15.0,352,456,77.2,9169,5622,55,55,100.0,188,191,98.4,107,205,52.2,0,0.0,0.0,0.0,0,0,0,0,0,Matches
00638016,Léo Pétrot,fr FRA,DF,Lorient,24,1997,20.2,787,953,82.6,15949,5283,250,278,89.9,412,455,90.5,115,193,59.6,0,0.1,0.1,-0.1,2,42,0,0,44,Matches
f98b15f0,Romain Philippoteaux,fr FRA,MF,Brest,33,1988,0.3,6,7,85.7,88,19,4,4,100.0,2,2,100.0,0,0,,0,0.0,0.0,0.0,0,0,0,0,2,Matches
ff44d058,Jérôme Phojo,fr FRA,DF,Clermont Foot,28,1993,0.1,3,4,75.0,31,21,3,4,75.0,0,0,,0,0,,0,0.0,0.0,0.0,0,0,0,0,0,Matches
a634b9d2,Jérémy Pied,fr FRA,"DF,FW",Lille,32,1989,0.1,17,25,68.0,202,65,12,14,85.7,4,6,66.7,0,3,0.0,0,0.0,0.0,0.0,1,3,1,1,2,Matches
64ba07c0,Ronaël Pierre-Gabriel,fr FRA,DF,Brest,23,1998,28.3,1198,1428,83.9,18255,7192,633,706,89.7,443,508,87.2,69,113,61.1,1,1.7,2.3,-0.7,15,102,21,9,138,Matches
d6f6ce93,Julian Pollersbeck,de GER,GK,Lyon,26,1994,4.8,149,174,85.6,3354,2336,41,41,100.0,81,81,100.0,27,52,51.9,0,0.0,0.0,0.0,0,1,0,0,0,Matches
c252c705,Gaëtan Poussin,fr FRA,GK,Bordeaux,22,1999,13.0,346,484,71.5,9602,7196,67,71,94.4,153,154,99.4,124,257,48.2,0,0.0,0.0,0.0,0,1,0,0,0,Matches
51c30111,Sanjin Prcić,ba BIH,MF,Strasbourg,27,1993,24.3,1176,1401,83.9,22941,6350,443,496,89.3,518,576,89.9,188,261,72.0,0,1.7,2.8,-1.7,23,141,24,3,163,Matches
b0547a87,Nicolas de Préville,fr FRA,"FW,MF",Metz,30,1991,21.9,398,600,66.3,6606,1656,203,272,74.6,130,184,70.7,45,86,52.3,2,2.2,2.6,-0.2,27,37,11,6,47,Matches
0630eb63,Nemanja Radonjić,rs SRB,FW,Marseille,25,1996,0.2,9,10,90.0,107,48,8,8,100.0,0,0,,1,1,100.0,0,0.1,0.2,-0.1,1,0,0,0,1,Matches
0c2ac3cb,Rafinha,br BRA,"FW,MF",Paris S-G,28,1993,2.4,169,188,89.9,2387,419,89,97,91.8,61,67,91.0,7,9,77.8,0,0.1,0.1,-0.1,2,16,1,0,16,Matches
58ad9383,Predrag Rajković,rs SRB,GK,Reims,25,1995,38.0,898,1266,70.9,24556,16666,155,156,99.4,418,429,97.4,312,660,47.3,0,0.0,0.3,0.0,1,24,2,0,1,Matches
8dbff17c,Adil Rami,fr FRA,DF,Troyes,35,1985,13.0,443,525,84.4,9235,4096,148,166,89.2,207,225,92.0,78,114,68.4,0,0.1,0.1,-0.1,2,24,2,0,24,Matches
08511d65,Sergio Ramos,es ESP,DF,Paris S-G,35,1986,8.9,776,829,93.6,16436,5690,228,236,96.6,405,420,96.4,133,157,84.7,0,0.0,0.2,0.0,1,83,2,0,61,Matches
25749008,Elba Rashani,xk KVX,"FW,MF",Clermont Foot,28,1993,19.5,428,583,73.4,5640,1266,255,317,80.4,136,177,76.8,12,25,48.0,3,2.2,2.5,+0.8,15,25,10,5,46,Matches
d504b3e1,Jeff Reine-Adélaïde,fr FRA,"MF,DF",Lyon,23,1998,2.2,139,167,83.2,2125,627,66,74,89.2,52,59,88.1,9,16,56.3,1,0.9,0.8,+0.1,8,13,3,0,16,Matches
507d7569,Tiago Ribeiro,pt POR,FW,Monaco,19,2002,0.0,2,2,100.0,29,5,1,1,100.0,1,1,100.0,0,0,,0,0.0,0.0,0.0,0,1,0,0,0,Matches
5f0241b2,Sergio Rico,es ESP,GK,Paris S-G,27,1993,0.3,5,7,71.4,130,76,0,0,,4,4,100.0,1,3,33.3,0,0.0,0.0,0.0,0,0,0,0,0,Matches
beae3a73,Renaud Ripart,fr FRA,"MF,FW",Troyes,28,1993,21.0,465,675,68.9,7116,1680,255,330,77.3,143,197,72.6,36,67,53.7,2,2.3,1.3,-0.3,17,39,13,7,61,Matches
ea0aa7e0,Mihailo Ristić,rs SRB,DF,Montpellier,25,1995,20.0,784,1055,74.3,12630,4879,431,472,91.3,262,352,74.4,65,161,40.4,3,1.3,1.8,+1.7,16,66,14,6,76,Matches
46a7b605,Maxence Rivera,fr FRA,FW,Saint-Étienne,19,2002,0.1,0,2,0.0,0,0,0,1,0.0,0,0,,0,0,,0,0.0,0.0,0.0,0,0,0,0,0,Matches
59d93937,Patrick Roberts,eng ENG,MF,Troyes,24,1997,0.2,4,5,80.0,58,14,1,1,100.0,3,3,100.0,0,0,,0,0.0,0.0,0.0,0,0,0,0,1,Matches
5f011e05,Stian Rode Gregersen,no NOR,DF,Bordeaux,26,1995,21.7,772,914,84.5,13659,5174,330,363,90.9,366,411,89.1,59,107,55.1,1,0.4,0.7,+0.6,2,37,4,1,53,Matches
3814b753,Gerson Rodrigues,lu LUX,"FW,MF",Troyes,26,1995,9.4,157,223,70.4,2266,425,88,114,77.2,50,65,76.9,9,16,56.3,1,0.4,0.4,+0.6,8,16,7,1,28,Matches
ed45c4a5,Valentin Rongier,fr FRA,"MF,DF",Marseille,26,1994,24.4,1753,1950,89.9,27552,7112,905,972,93.1,696,762,91.3,100,127,78.7,1,1.4,2.2,-0.4,17,160,22,2,195,Matches
1a6b7ea4,Pablo Rosario,nl NED,MF,Nice,24,1997,30.3,1522,1737,87.6,26102,6712,680,749,90.8,681,751,90.7,123,166,74.1,2,1.0,1.3,+1.0,20,147,14,3,186,Matches
60f58477,Roli Pereira de Sa,fr FRA,MF,Nantes,24,1996,6.4,222,272,81.6,3354,774,129,150,86.0,70,81,86.4,14,19,73.7,0,0.6,0.6,-0.6,7,19,1,1,16,Matches
7d9f3d69,Mathys Saban,fr FRA,"FW,MF",Saint-Étienne,19,2002,0.8,11,14,78.6,146,37,6,6,100.0,3,5,60.0,1,1,100.0,0,0.0,0.0,0.0,0,1,1,0,2,Matches
6388e356,Falaye Sacko,ml MLI,DF,Saint-Étienne,26,1995,7.4,368,437,84.2,6327,2671,161,173,93.1,166,184,90.2,33,62,53.2,0,0.2,0.1,-0.2,2,28,0,0,38,Matches
c2e5f306,Rafiki Said Ahamada,fr FRA,"MF,FW",Brest,21,2000,1.4,42,57,73.7,650,173,27,35,77.1,10,12,83.3,3,5,60.0,0,0.1,0.2,-0.1,2,3,2,1,4,Matches
90fcf472,Wesley Saïd,fr FRA,"FW,MF",Lens,26,1995,7.3,164,232,70.7,2490,656,85,102,83.3,55,80,68.8,13,24,54.2,0,0.9,0.7,-0.9,14,18,4,0,32,Matches
87935cf3,Mamadou Sakho,fr FRA,DF,Montpellier,31,1990,28.6,1408,1579,89.2,25000,11223,571,608,93.9,694,746,93.0,114,188,60.6,0,0.1,0.2,-0.1,4,63,2,0,84,Matches
381d7d54,Bakary Sako,ml MLI,"FW,MF",Saint-Étienne,33,1988,1.7,30,43,69.8,524,117,13,18,72.2,14,18,77.8,2,3,66.7,0,0.0,0.1,0.0,2,5,0,0,4,Matches
972aeb2a,William Saliba,fr FRA,DF,Marseille,20,2001,36.0,2853,3068,93.0,50153,15749,1134,1205,94.1,1502,1560,96.3,174,226,77.0,0,0.4,1.6,-0.4,6,201,12,2,220,Matches
74733221,Romain Salin,fr FRA,GK,Rennes,37,1984,1.0,30,33,90.9,789,550,6,6,100.0,15,15,100.0,9,12,75.0,0,0.0,0.0,0.0,0,2,0,0,0,Matches
c3725db2,Yoann Salmier,gf GUF,DF,Troyes,28,1992,29.6,1120,1347,83.1,19675,7493,510,559,91.2,479,545,87.9,102,183,55.7,1,0.7,0.6,+0.3,9,57,2,1,94,Matches
fb14aa28,Mama Samba Baldé,gw GNB,"MF,FW",Troyes,25,1995,19.1,289,425,68.0,4142,1075,171,231,74.0,90,117,76.9,16,27,59.3,2,1.1,0.9,+0.9,17,29,13,1,48,Matches
24eb7ed6,Junior Sambia,fr FRA,"DF,FW",Montpellier,24,1996,17.0,551,725,76.0,8760,3407,300,353,85.0,174,228,76.3,50,101,49.5,0,0.7,0.8,-0.7,11,46,12,6,52,Matches
032f894e,Renato Sanches,pt POR,"MF,FW",Lille,23,1997,18.3,986,1208,81.6,19383,6030,387,437,88.6,394,459,85.8,166,238,69.7,5,3.3,4.1,+1.7,35,137,29,7,171,Matches
60740e70,Philippe Sandler,nl NED,DF,Troyes,24,1997,0.8,21,27,77.8,321,218,15,15,100.0,5,7,71.4,1,5,20.0,0,0.0,0.0,0.0,0,2,0,0,0,Matches
5e22e2a4,Baptiste Santamaria,fr FRA,"MF,DF",Rennes,26,1995,28.0,1336,1551,86.1,25462,6474,522,589,88.6,593,649,91.4,188,244,77.0,1,0.9,1.0,+0.1,17,113,13,3,133,Matches
9744ff80,Pablo Sarabia,es ESP,FW,Paris S-G,29,1992,0.2,13,20,65.0,182,8,7,7,100.0,4,6,66.7,0,3,0.0,0,0.0,0.0,0.0,0,0,0,0,0,Matches
86383d0e,Martin Satriano,uy URU,FW,Brest,20,2001,10.4,124,177,70.1,1835,340,68,91,74.7,37,50,74.0,9,15,60.0,0,0.1,0.1,-0.1,2,5,1,0,7,Matches
6bde367b,Téji Savanier,fr FRA,MF,Montpellier,29,1991,26.8,1070,1617,66.2,21472,7445,471,561,84.0,323,472,68.4,231,458,50.4,7,5.9,5.9,+1.1,60,141,38,14,183,Matches
51b41c5c,Morgan Schneiderlin,fr FRA,MF,Nice,31,1989,7.2,344,404,85.1,5454,1694,181,203,89.2,117,129,90.7,30,43,69.8,1,0.2,0.4,+0.8,4,23,3,1,36,Matches
cea59f02,Alidu Seidu,gh GHA,DF,Clermont Foot,21,2000,15.7,560,648,86.4,9565,2717,259,286,90.6,233,258,90.3,47,72,65.3,0,0.2,0.2,-0.2,6,20,1,0,30,Matches
834b5c4c,Matz Sels,be BEL,GK,Strasbourg,29,1992,37.0,696,960,72.5,19862,15299,141,142,99.3,291,295,98.6,259,515,50.3,0,0.1,0.0,-0.1,1,6,0,0,1,Matches
6421ec64,Xherdan Shaqiri,ch SUI,"FW,MF",Lyon,29,1991,7.5,259,349,74.2,4241,1278,152,173,87.9,70,88,79.5,29,63,46.0,3,1.7,2.3,+1.3,15,23,16,1,38,Matches
6d075c67,Mahame Siby,ml MLI,DF,Strasbourg,25,1996,0.2,1,2,50.0,16,0,0,0,,1,1,100.0,0,1,0.0,0,0.0,0.0,0.0,0,0,0,0,0,Matches
ae5b93a0,Aboubakar Sidibé,fr FRA,DF,Clermont Foot,25,1996,0.1,4,5,80.0,36,5,4,4,100.0,0,0,,0,1,0.0,0,0.0,0.0,0.0,0,0,0,0,0,Matches
4c5b714f,Djibril Sidibé,fr FRA,DF,Monaco,29,1992,10.5,588,755,77.9,10323,3630,273,311,87.8,241,293,82.3,64,120,53.3,0,0.6,1.1,-0.6,6,65,14,7,68,Matches
9c2b1f11,Kaj Sierhuis,nl NED,FW,Reims,23,1998,0.9,19,23,82.6,260,43,10,11,90.9,4,5,80.0,2,3,66.7,0,0.1,0.1,-0.1,2,1,1,0,1,Matches
30af8b93,Caio Henrique Oliveira Silva,br BRA,DF,Monaco,24,1997,29.6,1405,1873,75.0,22626,7852,719,811,88.7,554,724,76.5,99,241,41.1,8,6.4,5.9,+1.6,43,103,44,11,156,Matches
4914ed4a,Gabriel Silva,br BRA,"DF,MF",Saint-Étienne,30,1991,7.9,237,332,71.4,3836,1612,101,126,80.2,101,132,76.5,17,36,47.2,0,0.0,0.1,0.0,2,17,1,0,22,Matches
5f3eaaf5,Moses Simon,ng NGA,"FW,MF",Nantes,26,1995,25.9,521,829,62.8,8399,2425,287,347,82.7,162,255,63.5,49,147,33.3,8,8.7,7.6,-0.7,66,21,35,17,49,Matches
da4d670f,Xavi Simons,nl NED,"MF,FW",Paris S-G,18,2003,1.5,48,60,80.0,606,99,36,41,87.8,9,13,69.2,1,1,100.0,0,0.1,0.1,-0.1,1,2,1,0,3,Matches
792a9d41,Issouf Sissokho,ml MLI,MF,Bordeaux,19,2002,4.8,183,217,84.3,3088,552,85,92,92.4,81,92,88.0,16,20,80.0,0,0.3,0.5,-0.3,8,13,4,1,15,Matches
0f8418aa,Ibrahima Sissoko,fr FRA,"MF,DF",Strasbourg,23,1997,25.6,826,1040,79.4,14054,4610,390,465,83.9,342,391,87.5,74,125,59.2,5,4.3,3.3,+0.7,28,77,20,4,100,Matches
12bd0579,Nelson Sissoko,fr FRA,DF,Saint-Étienne,24,1997,0.5,9,12,75.0,157,108,5,7,71.4,2,2,100.0,2,3,66.7,0,0.0,0.0,0.0,0,1,0,0,1,Matches
e4bb1f08,Sambou Sissoko,fr FRA,"MF,DF",Reims,22,1999,2.0,71,101,70.3,1115,401,37,45,82.2,30,38,78.9,4,9,44.4,0,0.3,0.2,-0.3,3,2,1,1,7,Matches
ffec9769,Islam Slimani,dz ALG,FW,Lyon,33,1988,6.4,144,186,77.4,1864,245,86,112,76.8,34,40,85.0,8,10,80.0,1,0.7,0.5,+0.3,6,3,8,0,15,Matches
7a42d0df,Florian Sotoca,fr FRA,"FW,MF",Lens,30,1990,27.6,911,1206,75.5,15500,3374,447,560,79.8,304,393,77.4,109,146,74.7,4,3.2,3.2,+0.8,31,90,22,7,124,Matches
7cc00776,Sambou Soumano,sn SEN,"FW,MF",Lorient,20,2001,5.0,55,93,59.1,794,136,34,49,69.4,17,25,68.0,3,7,42.9,0,0.1,0.1,-0.1,5,4,1,1,4,Matches
4e0afc5d,Arnaud Souquet,fr FRA,DF,Montpellier,29,1992,25.9,846,1190,71.1,12478,5315,489,573,85.3,286,390,73.3,40,126,31.7,3,1.4,1.0,+1.6,16,58,17,6,78,Matches
f6b94e8d,Saidou Sow,gn GUI,DF,Saint-Étienne,19,2002,11.0,476,573,83.1,9241,3405,172,191,90.1,237,263,90.1,57,97,58.8,1,0.9,0.5,+0.1,4,38,1,1,47,Matches
8f7e6783,Calvin Stengs,nl NED,MF,Nice,22,1998,11.9,295,411,71.8,4718,1665,162,197,82.2,86,124,69.4,34,58,58.6,1,2.5,2.7,-1.5,23,35,19,5,51,Matches
a62f8bf1,Kamaldeen Sulemana,gh GHA,"MF,FW",Rennes,19,2002,11.3,266,350,76.0,4559,993,123,148,83.1,89,107,83.2,36,54,66.7,2,1.9,1.7,+0.1,21,13,22,6,42,Matches
2aeb43f1,Abdoulaye Sylla,gn GUI,DF,Nantes,21,2000,1.7,54,77,70.1,1122,305,15,17,88.2,34,39,87.2,5,19,26.3,0,0.0,0.0,0.0,0,2,0,0,1,Matches
95192fe4,Waniss Taibi,fr FRA,"MF,FW",Angers,19,2002,1.5,55,72,76.4,734,132,36,44,81.8,15,20,75.0,1,3,33.3,0,0.0,0.0,0.0,0,2,0,0,1,Matches
a0f9b535,Flavien Tait,fr FRA,MF,Rennes,28,1993,23.6,1075,1253,85.8,18980,4769,468,536,87.3,424,473,89.6,132,155,85.2,3,2.9,2.3,+0.1,31,141,31,2,189,Matches
ed39121c,Florian Tardieu,fr FRA,MF,Troyes,29,1992,29.2,1689,2048,82.5,32280,10570,696,762,91.3,715,819,87.3,231,379,60.9,2,4.2,4.4,-2.2,49,196,22,5,212,Matches
abd56820,Oussama Targhalline,ma MAR,FW,Marseille,19,2002,0.1,7,7,100.0,86,10,5,5,100.0,1,1,100.0,0,0,,0,0.0,0.0,0.0,0,0,0,0,0,Matches
a3c8b4d3,Loum Tchaouna,fr FRA,"FW,MF",Rennes,17,2003,1.0,24,38,63.2,375,86,11,16,68.8,9,15,60.0,2,3,66.7,0,0.1,0.4,-0.1,2,0,1,1,1,Matches
93b8f9f4,Warren Tchimbembé,cg CGO,MF,Metz,23,1998,2.3,84,96,87.5,1415,342,39,41,95.1,30,32,93.8,12,19,63.2,0,0.2,0.1,-0.2,4,8,1,1,7,Matches
4f255115,Aurélien Tchouaméni,fr FRA,MF,Monaco,21,2000,32.5,1795,2091,85.8,32270,9704,723,819,88.3,871,958,90.9,167,233,71.7,2,2.8,4.0,-0.8,21,196,34,4,250,Matches
829aa60c,Mathys Tel,fr FRA,"FW,MF",Rennes,16,2005,0.6,16,26,61.5,322,65,9,14,64.3,2,6,33.3,5,6,83.3,0,0.1,0.1,-0.1,1,0,0,0,2,Matches
4f093689,Jordan Tell,fr FRA,FW,Clermont Foot,24,1997,3.2,75,89,84.3,1121,183,43,48,89.6,27,30,90.0,4,4,100.0,1,1.3,0.1,-0.3,5,6,1,0,4,Matches
5148dcc5,Martin Terrier,fr FRA,"FW,MF",Rennes,24,1997,30.9,757,959,78.9,11648,2692,417,489,85.3,242,297,81.5,64,93,68.8,3,4.4,4.1,-1.4,42,63,42,7,123,Matches
7120a04d,Tetê,br BRA,"FW,MF",Lyon,21,2000,6.5,189,242,78.1,3151,867,88,102,86.3,74,92,80.4,16,30,53.3,5,2.3,1.8,+2.7,13,18,16,0,37,Matches
f4bc42b1,Sada Thioub,sn SEN,FW,Angers,26,1995,0.0,2,3,66.7,10,0,1,1,100.0,0,0,,0,0,,0,0.0,0.0,0.0,0,0,0,0,0,Matches
f4bc42b1,Sada Thioub,sn SEN,"DF,MF",Saint-Étienne,26,1995,10.6,408,524,77.9,6223,2272,222,252,88.1,133,165,80.6,33,69,47.8,1,1.5,1.6,-0.5,12,39,15,3,58,Matches
275e2c51,Romain Thomas,fr FRA,DF,Angers,33,1988,28.5,1471,1706,86.2,31129,11989,405,450,90.0,810,876,92.5,242,342,70.8,0,0.0,0.9,0.0,2,81,1,0,93,Matches
c76b7567,Adrien Thomasson,fr FRA,MF,Strasbourg,27,1993,26.5,991,1305,75.9,15951,3942,493,596,82.7,376,456,82.5,77,130,59.2,4,3.3,4.5,+0.7,33,101,40,9,151,Matches
db23d9fc,Thuler,br BRA,DF,Montpellier,22,1999,9.5,275,332,82.8,5021,1813,106,117,90.6,144,162,88.9,19,39,48.7,0,0.0,0.0,0.0,0,6,0,0,12,Matches
7d9397f8,Khéphren Thuram-Ulie,fr FRA,MF,Nice,20,2001,21.1,971,1134,85.6,16246,3847,451,506,89.1,418,460,90.9,75,108,69.4,2,2.3,2.0,-0.3,22,103,21,1,123,Matches
9ddf7fae,Cheikh Tidiane Sabaly,sn SEN,"FW,MF",Metz,22,1999,1.7,31,35,88.6,394,84,20,21,95.2,10,11,90.9,0,1,0.0,0,0.0,0.1,0.0,2,2,0,0,2,Matches
88f130ed,Jean-Clair Todibo,fr FRA,DF,Nice,21,1999,34.6,2131,2446,87.1,41071,14362,713,775,92.0,1202,1282,93.8,198,341,58.1,0,1.0,1.9,-1.0,15,172,7,4,174,Matches
5ceba7fc,Karl Toko Ekambi,cm CMR,FW,Lyon,28,1992,25.5,732,941,77.8,10885,2068,413,482,85.7,246,305,80.7,40,69,58.0,5,5.0,4.4,0.0,39,27,38,13,55,Matches
4e47507a,Yoann Touzghar,tn TUN,FW,Troyes,34,1986,16.2,237,302,78.5,3055,375,159,186,85.5,51,71,71.8,11,12,91.7,0,1.1,1.0,-1.1,21,7,4,0,15,Matches
4eb0686f,Amadou Traore,fr FRA,FW,Bordeaux,19,2002,0.2,2,4,50.0,22,0,0,2,0.0,1,1,100.0,0,0,,0,0.0,0.0,0.0,0,1,0,0,0,Matches
999ceb5f,Boubacar Traoré,ml MLI,MF,Metz,19,2001,19.2,606,733,82.7,11548,3571,232,272,85.3,280,313,89.5,78,107,72.9,1,1.4,0.9,-0.4,16,53,5,0,85,Matches
de488e56,Charles Traore,ml MLI,DF,Nantes,29,1992,8.0,329,421,78.1,5519,2208,154,181,85.1,137,164,83.5,30,57,52.6,0,0.0,0.1,0.0,0,23,3,0,41,Matches
a4b1028a,Hamari Traoré,ml MLI,DF,Rennes,29,1992,32.1,1804,2164,83.4,31984,9868,773,869,89.0,835,953,87.6,167,258,64.7,10,4.8,4.6,+5.2,34,151,39,12,177,Matches
b666421b,Ismaël Traoré,ci CIV,DF,Angers,34,1986,35.7,1561,1766,88.4,32101,12574,375,416,90.1,1004,1055,95.2,167,241,69.3,1,1.3,1.2,-0.3,9,41,1,1,58,Matches
e4b72e34,Miguel Trauco,pe PER,"DF,MF",Saint-Étienne,28,1992,12.4,511,710,72.0,8178,3072,251,295,85.1,205,263,77.9,34,95,35.8,0,0.3,0.4,-0.3,8,36,11,5,48,Matches
5d0e0a1f,Adrien Truffert,fr FRA,DF,Rennes,19,2001,18.2,938,1155,81.2,14742,4163,491,548,89.6,357,435,82.1,59,96,61.5,2,2.0,2.1,0.0,13,72,18,9,84,Matches
cc41f558,Matthieu Udol,fr FRA,DF,Metz,25,1996,11.2,387,497,77.9,6736,2666,169,188,89.9,176,206,85.4,35,76,46.1,0,0.4,0.2,-0.4,6,23,1,1,30,Matches
8a53d24b,Ike Ugbo,ca CAN,FW,Troyes,22,1998,9.0,104,133,78.2,1217,172,74,85,87.1,20,27,74.1,1,3,33.3,0,0.3,0.2,-0.3,5,4,3,0,7,Matches
1df4a109,Chimuanya Ugochukwu,fr FRA,MF,Rennes,17,2004,4.5,194,223,87.0,3272,576,88,92,95.7,85,96,88.5,16,25,64.0,0,0.6,0.1,-0.6,3,5,1,0,12,Matches
a2d873dd,Hwang Ui-jo,kr KOR,FW,Bordeaux,28,1992,27.9,321,426,75.4,4763,658,183,217,84.3,109,132,82.6,16,37,43.2,2,1.4,1.0,+0.6,13,7,8,5,20,Matches
1880614f,Cengiz Ünder,tr TUR,"FW,MF",Marseille,24,1997,24.4,690,946,72.9,11145,2785,383,439,87.2,213,290,73.4,68,143,47.6,2,4.3,5.1,-2.3,34,32,35,9,73,Matches
d75f3980,Jere Uronen,fi FIN,DF,Brest,27,1994,9.8,355,458,77.5,5890,2204,183,204,89.7,136,176,77.3,28,55,50.9,0,0.1,0.4,-0.1,2,32,8,3,30,Matches
ee45fd85,Vanderson,br BRA,"FW,DF",Monaco,20,2001,12.4,423,591,71.6,7295,2471,202,255,79.2,159,210,75.7,45,77,58.4,1,1.4,2.1,-0.4,12,41,23,5,57,Matches
4ade359f,Jonathan Varane,fr FRA,MF,Lens,19,2001,0.0,1,1,100.0,11,0,1,1,100.0,0,0,,0,0,,0,0.0,0.0,0.0,0,0,0,0,0,Matches
1467af0d,Marco Verratti,it ITA,MF,Paris S-G,28,1992,21.5,1957,2151,91.0,29628,8834,1071,1133,94.5,680,725,93.8,120,152,78.9,2,2.3,3.8,-0.3,31,193,42,1,193,Matches
64f69877,Kevin Volland,de GER,"MF,FW",Monaco,29,1992,27.1,416,629,66.1,6679,2301,208,267,77.9,140,207,67.6,43,74,58.1,9,6.9,5.2,+2.1,34,57,28,6,102,Matches
8eec784d,Timothy Weah,us USA,"MF,FW",Lille,21,2000,18.0,407,566,71.9,5822,1459,230,283,81.3,133,177,75.1,21,42,50.0,4,4.0,3.0,0.0,26,28,15,9,43,Matches
eb58eef0,Georginio Wijnaldum,nl NED,MF,Paris S-G,30,1990,18.4,669,746,89.7,9009,1685,395,429,92.1,210,229,91.7,21,23,91.3,3,1.8,1.7,+1.2,12,53,10,0,59,Matches
b003239d,Christopher Wooh,cm CMR,DF,Lens,19,2001,11.7,526,604,87.1,10040,3466,165,186,88.7,312,339,92.0,42,63,66.7,1,0.4,0.2,+0.6,4,34,1,0,36,Matches
f3600c02,Xeka,pt POR,MF,Lille,26,1994,18.0,690,878,78.6,12262,3411,294,324,90.7,288,348,82.8,80,141,56.7,0,1.4,1.6,-1.4,14,71,5,0,73,Matches
bce37ac0,Sekou Yansané,gn GUI,FW,Paris S-G,18,2003,0.2,2,2,100.0,18,0,2,2,100.0,0,0,,0,0,,0,0.0,0.0,0.0,0,0,0,0,0,Matches
f5c8b425,Yusuf Yazıcı,tr TUR,"MF,FW",Lille,24,1997,5.7,180,245,73.5,3368,1152,82,103,79.6,58,73,79.5,31,47,66.0,1,1.2,1.7,-0.2,11,18,7,0,24,Matches
165a2e40,Burak Yılmaz,tr TUR,FW,Lille,36,1985,24.6,408,576,70.8,5884,832,224,283,79.2,129,179,72.1,25,42,59.5,3,3.2,2.8,-0.2,24,14,13,2,26,Matches
6763f716,Leny Yoro,fr FRA,MF,Lille,15,2005,0.1,6,6,100.0,98,32,2,2,100.0,4,4,100.0,0,0,,0,0.0,0.0,0.0,0,0,0,0,2,Matches
e2f9bb5f,Zaydou Youssouf,fr FRA,MF,Saint-Étienne,22,1999,17.3,607,736,82.5,11350,2851,277,302,91.7,205,246,83.3,103,145,71.0,0,1.1,1.0,-1.1,12,56,15,2,84,Matches
0ff630d0,Akim Zedadka,dz ALG,DF,Clermont Foot,26,1995,37.1,1688,2101,80.3,25232,8942,967,1091,88.6,556,687,80.9,104,176,59.1,3,3.6,5.0,-0.6,45,91,55,37,142,Matches
095e4199,Arber Zeneli,xk KVX,FW,Reims,26,1995,4.5,87,127,68.5,1342,495,44,54,81.5,28,43,65.1,8,21,38.1,3,1.9,1.5,+1.1,9,6,8,3,11,Matches
53f6306f,Mehdi Zerkane,dz ALG,"MF,DF",Bordeaux,22,1999,0.9,41,45,91.1,515,230,26,28,92.9,13,14,92.9,0,0,,0,0.1,0.0,-0.1,1,3,1,0,4,Matches
34a88e3e,Edon Zhegrova,xk KVX,"MF,FW",Lille,22,1999,5.3,179,236,75.8,2571,620,96,113,85.0,65,75,86.7,7,23,30.4,1,0.7,1.1,+0.3,8,2,16,3,20,Matches
aefa3050,Banhie Zoukrou,fr FRA,DF,Troyes,18,2003,0.9,24,26,92.3,458,88,8,9,88.9,13,14,92.9,3,3,100.0,0,0.0,0.0,0.0,0,0,0,0,0,Matches
